<?xml version="1.0" encoding="UTF-8"?>
<AspModel Version="1.0">
  <Configuration>
    <PinGlobalType Individual="false">101</PinGlobalType>
    <Pins>
      <Pin Id="1001">
        <Description>
          <PinType Individual="false">101</PinType>
          <Exists>false</Exists>
          <PinCertified Individual="false">false</PinCertified>
          <Location>
            <ProcessingArea>0</ProcessingArea>
            <Garage>
              <Placed>false</Placed>
              <Side>E</Side>
              <Slot>0</Slot>
              <Number>0</Number>
              <Kinematics>
                <Offset>
                  <x Individual="false">0.0</x>
                  <y Individual="false">0.0</y>
                </Offset>
              </Kinematics>
            </Garage>
            <LiftingTable>
              <Placed>false</Placed>
              <Side>E</Side>
              <Kinematics>
                <bottom>
                  <x>0.0</x>
                  <y>0.0</y>
                  <z>0.0</z>
                </bottom>
              </Kinematics>
            </LiftingTable>
            <Head>
              <Placed>false</Placed>
              <HeadLocation>E</HeadLocation>
            </Head>
          </Location>
        </Description>
      </Pin>
      <Pin Id="1002">
        <Description>
          <PinType Individual="false">101</PinType>
          <Exists>false</Exists>
          <PinCertified Individual="false">false</PinCertified>
          <Location>
            <ProcessingArea>0</ProcessingArea>
            <Garage>
              <Placed>false</Placed>
              <Side>E</Side>
              <Slot>0</Slot>
              <Number>0</Number>
              <Kinematics>
                <Offset>
                  <x Individual="false">0.0</x>
                  <y Individual="false">0.0</y>
                </Offset>
              </Kinematics>
            </Garage>
            <LiftingTable>
              <Placed>false</Placed>
              <Side>E</Side>
              <Kinematics>
                <bottom>
                  <x>0.0</x>
                  <y>0.0</y>
                  <z>0.0</z>
                </bottom>
              </Kinematics>
            </LiftingTable>
            <Head>
              <Placed>false</Placed>
              <HeadLocation>E</HeadLocation>
            </Head>
          </Location>
        </Description>
      </Pin>
      <Pin Id="1003">
        <Description>
          <PinType Individual="false">101</PinType>
          <Exists>false</Exists>
          <PinCertified Individual="false">false</PinCertified>
          <Location>
            <ProcessingArea>0</ProcessingArea>
            <Garage>
              <Placed>false</Placed>
              <Side>E</Side>
              <Slot>0</Slot>
              <Number>0</Number>
              <Kinematics>
                <Offset>
                  <x Individual="false">0.0</x>
                  <y Individual="false">0.0</y>
                </Offset>
              </Kinematics>
            </Garage>
            <LiftingTable>
              <Placed>false</Placed>
              <Side>E</Side>
              <Kinematics>
                <bottom>
                  <x>0.0</x>
                  <y>0.0</y>
                  <z>0.0</z>
                </bottom>
              </Kinematics>
            </LiftingTable>
            <Head>
              <Placed>false</Placed>
              <HeadLocation>E</HeadLocation>
            </Head>
          </Location>
        </Description>
      </Pin>
      <Pin Id="1004">
        <Description>
          <PinType Individual="false">101</PinType>
          <Exists>false</Exists>
          <PinCertified Individual="false">false</PinCertified>
          <Location>
            <ProcessingArea>0</ProcessingArea>
            <Garage>
              <Placed>false</Placed>
              <Side>E</Side>
              <Slot>0</Slot>
              <Number>0</Number>
              <Kinematics>
                <Offset>
                  <x Individual="false">0.0</x>
                  <y Individual="false">0.0</y>
                </Offset>
              </Kinematics>
            </Garage>
            <LiftingTable>
              <Placed>false</Placed>
              <Side>E</Side>
              <Kinematics>
                <bottom>
                  <x>0.0</x>
                  <y>0.0</y>
                  <z>0.0</z>
                </bottom>
              </Kinematics>
            </LiftingTable>
            <Head>
              <Placed>false</Placed>
              <HeadLocation>E</HeadLocation>
            </Head>
          </Location>
        </Description>
      </Pin>
      <Pin Id="1005">
        <Description>
          <PinType Individual="false">101</PinType>
          <Exists>false</Exists>
          <PinCertified Individual="false">false</PinCertified>
          <Location>
            <ProcessingArea>0</ProcessingArea>
            <Garage>
              <Placed>false</Placed>
              <Side>E</Side>
              <Slot>0</Slot>
              <Number>0</Number>
              <Kinematics>
                <Offset>
                  <x Individual="false">0.0</x>
                  <y Individual="false">0.0</y>
                </Offset>
              </Kinematics>
            </Garage>
            <LiftingTable>
              <Placed>false</Placed>
              <Side>E</Side>
              <Kinematics>
                <bottom>
                  <x>0.0</x>
                  <y>0.0</y>
                  <z>0.0</z>
                </bottom>
              </Kinematics>
            </LiftingTable>
            <Head>
              <Placed>false</Placed>
              <HeadLocation>E</HeadLocation>
            </Head>
          </Location>
        </Description>
      </Pin>
      <Pin Id="1006">
        <Description>
          <PinType Individual="false">101</PinType>
          <Exists>false</Exists>
          <PinCertified Individual="false">false</PinCertified>
          <Location>
            <ProcessingArea>0</ProcessingArea>
            <Garage>
              <Placed>false</Placed>
              <Side>E</Side>
              <Slot>0</Slot>
              <Number>0</Number>
              <Kinematics>
                <Offset>
                  <x Individual="false">0.0</x>
                  <y Individual="false">0.0</y>
                </Offset>
              </Kinematics>
            </Garage>
            <LiftingTable>
              <Placed>false</Placed>
              <Side>E</Side>
              <Kinematics>
                <bottom>
                  <x>0.0</x>
                  <y>0.0</y>
                  <z>0.0</z>
                </bottom>
              </Kinematics>
            </LiftingTable>
            <Head>
              <Placed>false</Placed>
              <HeadLocation>E</HeadLocation>
            </Head>
          </Location>
        </Description>
      </Pin>
      <Pin Id="1007">
        <Description>
          <PinType Individual="false">101</PinType>
          <Exists>false</Exists>
          <PinCertified Individual="false">false</PinCertified>
          <Location>
            <ProcessingArea>0</ProcessingArea>
            <Garage>
              <Placed>false</Placed>
              <Side>E</Side>
              <Slot>0</Slot>
              <Number>0</Number>
              <Kinematics>
                <Offset>
                  <x Individual="false">0.0</x>
                  <y Individual="false">0.0</y>
                </Offset>
              </Kinematics>
            </Garage>
            <LiftingTable>
              <Placed>false</Placed>
              <Side>E</Side>
              <Kinematics>
                <bottom>
                  <x>0.0</x>
                  <y>0.0</y>
                  <z>0.0</z>
                </bottom>
              </Kinematics>
            </LiftingTable>
            <Head>
              <Placed>false</Placed>
              <HeadLocation>E</HeadLocation>
            </Head>
          </Location>
        </Description>
      </Pin>
      <Pin Id="1008">
        <Description>
          <PinType Individual="false">101</PinType>
          <Exists>false</Exists>
          <PinCertified Individual="false">false</PinCertified>
          <Location>
            <ProcessingArea>0</ProcessingArea>
            <Garage>
              <Placed>false</Placed>
              <Side>E</Side>
              <Slot>0</Slot>
              <Number>0</Number>
              <Kinematics>
                <Offset>
                  <x Individual="false">0.0</x>
                  <y Individual="false">0.0</y>
                </Offset>
              </Kinematics>
            </Garage>
            <LiftingTable>
              <Placed>false</Placed>
              <Side>E</Side>
              <Kinematics>
                <bottom>
                  <x>0.0</x>
                  <y>0.0</y>
                  <z>0.0</z>
                </bottom>
              </Kinematics>
            </LiftingTable>
            <Head>
              <Placed>false</Placed>
              <HeadLocation>E</HeadLocation>
            </Head>
          </Location>
        </Description>
      </Pin>
      <Pin Id="1009">
        <Description>
          <PinType Individual="false">101</PinType>
          <Exists>false</Exists>
          <PinCertified Individual="false">false</PinCertified>
          <Location>
            <ProcessingArea>0</ProcessingArea>
            <Garage>
              <Placed>false</Placed>
              <Side>E</Side>
              <Slot>0</Slot>
              <Number>0</Number>
              <Kinematics>
                <Offset>
                  <x Individual="false">0.0</x>
                  <y Individual="false">0.0</y>
                </Offset>
              </Kinematics>
            </Garage>
            <LiftingTable>
              <Placed>false</Placed>
              <Side>E</Side>
              <Kinematics>
                <bottom>
                  <x>0.0</x>
                  <y>0.0</y>
                  <z>0.0</z>
                </bottom>
              </Kinematics>
            </LiftingTable>
            <Head>
              <Placed>false</Placed>
              <HeadLocation>E</HeadLocation>
            </Head>
          </Location>
        </Description>
      </Pin>
      <Pin Id="1010">
        <Description>
          <PinType Individual="false">101</PinType>
          <Exists>false</Exists>
          <PinCertified Individual="false">false</PinCertified>
          <Location>
            <ProcessingArea>0</ProcessingArea>
            <Garage>
              <Placed>false</Placed>
              <Side>E</Side>
              <Slot>0</Slot>
              <Number>0</Number>
              <Kinematics>
                <Offset>
                  <x Individual="false">0.0</x>
                  <y Individual="false">0.0</y>
                </Offset>
              </Kinematics>
            </Garage>
            <LiftingTable>
              <Placed>false</Placed>
              <Side>E</Side>
              <Kinematics>
                <bottom>
                  <x>0.0</x>
                  <y>0.0</y>
                  <z>0.0</z>
                </bottom>
              </Kinematics>
            </LiftingTable>
            <Head>
              <Placed>false</Placed>
              <HeadLocation>E</HeadLocation>
            </Head>
          </Location>
        </Description>
      </Pin>
      <Pin Id="1011">
        <Description>
          <PinType Individual="false">101</PinType>
          <Exists>false</Exists>
          <PinCertified Individual="false">false</PinCertified>
          <Location>
            <ProcessingArea>0</ProcessingArea>
            <Garage>
              <Placed>false</Placed>
              <Side>E</Side>
              <Slot>0</Slot>
              <Number>0</Number>
              <Kinematics>
                <Offset>
                  <x Individual="false">0.0</x>
                  <y Individual="false">0.0</y>
                </Offset>
              </Kinematics>
            </Garage>
            <LiftingTable>
              <Placed>false</Placed>
              <Side>E</Side>
              <Kinematics>
                <bottom>
                  <x>0.0</x>
                  <y>0.0</y>
                  <z>0.0</z>
                </bottom>
              </Kinematics>
            </LiftingTable>
            <Head>
              <Placed>false</Placed>
              <HeadLocation>E</HeadLocation>
            </Head>
          </Location>
        </Description>
      </Pin>
      <Pin Id="1012">
        <Description>
          <PinType Individual="false">101</PinType>
          <Exists>false</Exists>
          <PinCertified Individual="false">false</PinCertified>
          <Location>
            <ProcessingArea>0</ProcessingArea>
            <Garage>
              <Placed>false</Placed>
              <Side>E</Side>
              <Slot>0</Slot>
              <Number>0</Number>
              <Kinematics>
                <Offset>
                  <x Individual="false">0.0</x>
                  <y Individual="false">0.0</y>
                </Offset>
              </Kinematics>
            </Garage>
            <LiftingTable>
              <Placed>false</Placed>
              <Side>E</Side>
              <Kinematics>
                <bottom>
                  <x>0.0</x>
                  <y>0.0</y>
                  <z>0.0</z>
                </bottom>
              </Kinematics>
            </LiftingTable>
            <Head>
              <Placed>false</Placed>
              <HeadLocation>E</HeadLocation>
            </Head>
          </Location>
        </Description>
      </Pin>
      <Pin Id="1013">
        <Description>
          <PinType Individual="false">101</PinType>
          <Exists>false</Exists>
          <PinCertified Individual="false">false</PinCertified>
          <Location>
            <ProcessingArea>0</ProcessingArea>
            <Garage>
              <Placed>false</Placed>
              <Side>E</Side>
              <Slot>0</Slot>
              <Number>0</Number>
              <Kinematics>
                <Offset>
                  <x Individual="false">0.0</x>
                  <y Individual="false">0.0</y>
                </Offset>
              </Kinematics>
            </Garage>
            <LiftingTable>
              <Placed>false</Placed>
              <Side>E</Side>
              <Kinematics>
                <bottom>
                  <x>0.0</x>
                  <y>0.0</y>
                  <z>0.0</z>
                </bottom>
              </Kinematics>
            </LiftingTable>
            <Head>
              <Placed>false</Placed>
              <HeadLocation>E</HeadLocation>
            </Head>
          </Location>
        </Description>
      </Pin>
      <Pin Id="1014">
        <Description>
          <PinType Individual="false">101</PinType>
          <Exists>false</Exists>
          <PinCertified Individual="false">false</PinCertified>
          <Location>
            <ProcessingArea>0</ProcessingArea>
            <Garage>
              <Placed>false</Placed>
              <Side>E</Side>
              <Slot>0</Slot>
              <Number>0</Number>
              <Kinematics>
                <Offset>
                  <x Individual="false">0.0</x>
                  <y Individual="false">0.0</y>
                </Offset>
              </Kinematics>
            </Garage>
            <LiftingTable>
              <Placed>false</Placed>
              <Side>E</Side>
              <Kinematics>
                <bottom>
                  <x>0.0</x>
                  <y>0.0</y>
                  <z>0.0</z>
                </bottom>
              </Kinematics>
            </LiftingTable>
            <Head>
              <Placed>false</Placed>
              <HeadLocation>E</HeadLocation>
            </Head>
          </Location>
        </Description>
      </Pin>
      <Pin Id="1015">
        <Description>
          <PinType Individual="false">101</PinType>
          <Exists>false</Exists>
          <PinCertified Individual="false">false</PinCertified>
          <Location>
            <ProcessingArea>0</ProcessingArea>
            <Garage>
              <Placed>false</Placed>
              <Side>E</Side>
              <Slot>0</Slot>
              <Number>0</Number>
              <Kinematics>
                <Offset>
                  <x Individual="false">0.0</x>
                  <y Individual="false">0.0</y>
                </Offset>
              </Kinematics>
            </Garage>
            <LiftingTable>
              <Placed>false</Placed>
              <Side>E</Side>
              <Kinematics>
                <bottom>
                  <x>0.0</x>
                  <y>0.0</y>
                  <z>0.0</z>
                </bottom>
              </Kinematics>
            </LiftingTable>
            <Head>
              <Placed>false</Placed>
              <HeadLocation>E</HeadLocation>
            </Head>
          </Location>
        </Description>
      </Pin>
      <Pin Id="1016">
        <Description>
          <PinType Individual="false">101</PinType>
          <Exists>false</Exists>
          <PinCertified Individual="false">false</PinCertified>
          <Location>
            <ProcessingArea>0</ProcessingArea>
            <Garage>
              <Placed>false</Placed>
              <Side>E</Side>
              <Slot>0</Slot>
              <Number>0</Number>
              <Kinematics>
                <Offset>
                  <x Individual="false">0.0</x>
                  <y Individual="false">0.0</y>
                </Offset>
              </Kinematics>
            </Garage>
            <LiftingTable>
              <Placed>false</Placed>
              <Side>E</Side>
              <Kinematics>
                <bottom>
                  <x>0.0</x>
                  <y>0.0</y>
                  <z>0.0</z>
                </bottom>
              </Kinematics>
            </LiftingTable>
            <Head>
              <Placed>false</Placed>
              <HeadLocation>E</HeadLocation>
            </Head>
          </Location>
        </Description>
      </Pin>
      <Pin Id="1017">
        <Description>
          <PinType Individual="false">101</PinType>
          <Exists>false</Exists>
          <PinCertified Individual="false">false</PinCertified>
          <Location>
            <ProcessingArea>0</ProcessingArea>
            <Garage>
              <Placed>false</Placed>
              <Side>E</Side>
              <Slot>0</Slot>
              <Number>0</Number>
              <Kinematics>
                <Offset>
                  <x Individual="false">0.0</x>
                  <y Individual="false">0.0</y>
                </Offset>
              </Kinematics>
            </Garage>
            <LiftingTable>
              <Placed>false</Placed>
              <Side>E</Side>
              <Kinematics>
                <bottom>
                  <x>0.0</x>
                  <y>0.0</y>
                  <z>0.0</z>
                </bottom>
              </Kinematics>
            </LiftingTable>
            <Head>
              <Placed>false</Placed>
              <HeadLocation>E</HeadLocation>
            </Head>
          </Location>
        </Description>
      </Pin>
      <Pin Id="1018">
        <Description>
          <PinType Individual="false">101</PinType>
          <Exists>false</Exists>
          <PinCertified Individual="false">false</PinCertified>
          <Location>
            <ProcessingArea>0</ProcessingArea>
            <Garage>
              <Placed>false</Placed>
              <Side>E</Side>
              <Slot>0</Slot>
              <Number>0</Number>
              <Kinematics>
                <Offset>
                  <x Individual="false">0.0</x>
                  <y Individual="false">0.0</y>
                </Offset>
              </Kinematics>
            </Garage>
            <LiftingTable>
              <Placed>false</Placed>
              <Side>E</Side>
              <Kinematics>
                <bottom>
                  <x>0.0</x>
                  <y>0.0</y>
                  <z>0.0</z>
                </bottom>
              </Kinematics>
            </LiftingTable>
            <Head>
              <Placed>false</Placed>
              <HeadLocation>E</HeadLocation>
            </Head>
          </Location>
        </Description>
      </Pin>
      <Pin Id="1019">
        <Description>
          <PinType Individual="false">101</PinType>
          <Exists>false</Exists>
          <PinCertified Individual="false">false</PinCertified>
          <Location>
            <ProcessingArea>0</ProcessingArea>
            <Garage>
              <Placed>false</Placed>
              <Side>E</Side>
              <Slot>0</Slot>
              <Number>0</Number>
              <Kinematics>
                <Offset>
                  <x Individual="false">0.0</x>
                  <y Individual="false">0.0</y>
                </Offset>
              </Kinematics>
            </Garage>
            <LiftingTable>
              <Placed>false</Placed>
              <Side>E</Side>
              <Kinematics>
                <bottom>
                  <x>0.0</x>
                  <y>0.0</y>
                  <z>0.0</z>
                </bottom>
              </Kinematics>
            </LiftingTable>
            <Head>
              <Placed>false</Placed>
              <HeadLocation>E</HeadLocation>
            </Head>
          </Location>
        </Description>
      </Pin>
      <Pin Id="1020">
        <Description>
          <PinType Individual="false">101</PinType>
          <Exists>false</Exists>
          <PinCertified Individual="false">false</PinCertified>
          <Location>
            <ProcessingArea>0</ProcessingArea>
            <Garage>
              <Placed>false</Placed>
              <Side>E</Side>
              <Slot>0</Slot>
              <Number>0</Number>
              <Kinematics>
                <Offset>
                  <x Individual="false">0.0</x>
                  <y Individual="false">0.0</y>
                </Offset>
              </Kinematics>
            </Garage>
            <LiftingTable>
              <Placed>false</Placed>
              <Side>E</Side>
              <Kinematics>
                <bottom>
                  <x>0.0</x>
                  <y>0.0</y>
                  <z>0.0</z>
                </bottom>
              </Kinematics>
            </LiftingTable>
            <Head>
              <Placed>false</Placed>
              <HeadLocation>E</HeadLocation>
            </Head>
          </Location>
        </Description>
      </Pin>
      <Pin Id="1021">
        <Description>
          <PinType Individual="false">101</PinType>
          <Exists>false</Exists>
          <PinCertified Individual="false">false</PinCertified>
          <Location>
            <ProcessingArea>0</ProcessingArea>
            <Garage>
              <Placed>false</Placed>
              <Side>E</Side>
              <Slot>0</Slot>
              <Number>0</Number>
              <Kinematics>
                <Offset>
                  <x Individual="false">0.0</x>
                  <y Individual="false">0.0</y>
                </Offset>
              </Kinematics>
            </Garage>
            <LiftingTable>
              <Placed>false</Placed>
              <Side>E</Side>
              <Kinematics>
                <bottom>
                  <x>0.0</x>
                  <y>0.0</y>
                  <z>0.0</z>
                </bottom>
              </Kinematics>
            </LiftingTable>
            <Head>
              <Placed>false</Placed>
              <HeadLocation>E</HeadLocation>
            </Head>
          </Location>
        </Description>
      </Pin>
      <Pin Id="1022">
        <Description>
          <PinType Individual="false">101</PinType>
          <Exists>false</Exists>
          <PinCertified Individual="false">false</PinCertified>
          <Location>
            <ProcessingArea>0</ProcessingArea>
            <Garage>
              <Placed>false</Placed>
              <Side>E</Side>
              <Slot>0</Slot>
              <Number>0</Number>
              <Kinematics>
                <Offset>
                  <x Individual="false">0.0</x>
                  <y Individual="false">0.0</y>
                </Offset>
              </Kinematics>
            </Garage>
            <LiftingTable>
              <Placed>false</Placed>
              <Side>E</Side>
              <Kinematics>
                <bottom>
                  <x>0.0</x>
                  <y>0.0</y>
                  <z>0.0</z>
                </bottom>
              </Kinematics>
            </LiftingTable>
            <Head>
              <Placed>false</Placed>
              <HeadLocation>E</HeadLocation>
            </Head>
          </Location>
        </Description>
      </Pin>
      <Pin Id="1023">
        <Description>
          <PinType Individual="false">101</PinType>
          <Exists>false</Exists>
          <PinCertified Individual="false">false</PinCertified>
          <Location>
            <ProcessingArea>0</ProcessingArea>
            <Garage>
              <Placed>false</Placed>
              <Side>E</Side>
              <Slot>0</Slot>
              <Number>0</Number>
              <Kinematics>
                <Offset>
                  <x Individual="false">0.0</x>
                  <y Individual="false">0.0</y>
                </Offset>
              </Kinematics>
            </Garage>
            <LiftingTable>
              <Placed>false</Placed>
              <Side>E</Side>
              <Kinematics>
                <bottom>
                  <x>0.0</x>
                  <y>0.0</y>
                  <z>0.0</z>
                </bottom>
              </Kinematics>
            </LiftingTable>
            <Head>
              <Placed>false</Placed>
              <HeadLocation>E</HeadLocation>
            </Head>
          </Location>
        </Description>
      </Pin>
      <Pin Id="1024">
        <Description>
          <PinType Individual="false">101</PinType>
          <Exists>false</Exists>
          <PinCertified Individual="false">false</PinCertified>
          <Location>
            <ProcessingArea>0</ProcessingArea>
            <Garage>
              <Placed>false</Placed>
              <Side>E</Side>
              <Slot>0</Slot>
              <Number>0</Number>
              <Kinematics>
                <Offset>
                  <x Individual="false">0.0</x>
                  <y Individual="false">0.0</y>
                </Offset>
              </Kinematics>
            </Garage>
            <LiftingTable>
              <Placed>false</Placed>
              <Side>E</Side>
              <Kinematics>
                <bottom>
                  <x>0.0</x>
                  <y>0.0</y>
                  <z>0.0</z>
                </bottom>
              </Kinematics>
            </LiftingTable>
            <Head>
              <Placed>false</Placed>
              <HeadLocation>E</HeadLocation>
            </Head>
          </Location>
        </Description>
      </Pin>
      <Pin Id="1025">
        <Description>
          <PinType Individual="false">101</PinType>
          <Exists>false</Exists>
          <PinCertified Individual="false">false</PinCertified>
          <Location>
            <ProcessingArea>0</ProcessingArea>
            <Garage>
              <Placed>false</Placed>
              <Side>E</Side>
              <Slot>0</Slot>
              <Number>0</Number>
              <Kinematics>
                <Offset>
                  <x Individual="false">0.0</x>
                  <y Individual="false">0.0</y>
                </Offset>
              </Kinematics>
            </Garage>
            <LiftingTable>
              <Placed>false</Placed>
              <Side>E</Side>
              <Kinematics>
                <bottom>
                  <x>0.0</x>
                  <y>0.0</y>
                  <z>0.0</z>
                </bottom>
              </Kinematics>
            </LiftingTable>
            <Head>
              <Placed>false</Placed>
              <HeadLocation>E</HeadLocation>
            </Head>
          </Location>
        </Description>
      </Pin>
      <Pin Id="1026">
        <Description>
          <PinType Individual="false">101</PinType>
          <Exists>false</Exists>
          <PinCertified Individual="false">false</PinCertified>
          <Location>
            <ProcessingArea>0</ProcessingArea>
            <Garage>
              <Placed>false</Placed>
              <Side>E</Side>
              <Slot>0</Slot>
              <Number>0</Number>
              <Kinematics>
                <Offset>
                  <x Individual="false">0.0</x>
                  <y Individual="false">0.0</y>
                </Offset>
              </Kinematics>
            </Garage>
            <LiftingTable>
              <Placed>false</Placed>
              <Side>E</Side>
              <Kinematics>
                <bottom>
                  <x>0.0</x>
                  <y>0.0</y>
                  <z>0.0</z>
                </bottom>
              </Kinematics>
            </LiftingTable>
            <Head>
              <Placed>false</Placed>
              <HeadLocation>E</HeadLocation>
            </Head>
          </Location>
        </Description>
      </Pin>
      <Pin Id="1027">
        <Description>
          <PinType Individual="false">101</PinType>
          <Exists>false</Exists>
          <PinCertified Individual="false">false</PinCertified>
          <Location>
            <ProcessingArea>0</ProcessingArea>
            <Garage>
              <Placed>false</Placed>
              <Side>E</Side>
              <Slot>0</Slot>
              <Number>0</Number>
              <Kinematics>
                <Offset>
                  <x Individual="false">0.0</x>
                  <y Individual="false">0.0</y>
                </Offset>
              </Kinematics>
            </Garage>
            <LiftingTable>
              <Placed>false</Placed>
              <Side>E</Side>
              <Kinematics>
                <bottom>
                  <x>0.0</x>
                  <y>0.0</y>
                  <z>0.0</z>
                </bottom>
              </Kinematics>
            </LiftingTable>
            <Head>
              <Placed>false</Placed>
              <HeadLocation>E</HeadLocation>
            </Head>
          </Location>
        </Description>
      </Pin>
      <Pin Id="1028">
        <Description>
          <PinType Individual="false">101</PinType>
          <Exists>false</Exists>
          <PinCertified Individual="false">false</PinCertified>
          <Location>
            <ProcessingArea>0</ProcessingArea>
            <Garage>
              <Placed>false</Placed>
              <Side>E</Side>
              <Slot>0</Slot>
              <Number>0</Number>
              <Kinematics>
                <Offset>
                  <x Individual="false">0.0</x>
                  <y Individual="false">0.0</y>
                </Offset>
              </Kinematics>
            </Garage>
            <LiftingTable>
              <Placed>false</Placed>
              <Side>E</Side>
              <Kinematics>
                <bottom>
                  <x>0.0</x>
                  <y>0.0</y>
                  <z>0.0</z>
                </bottom>
              </Kinematics>
            </LiftingTable>
            <Head>
              <Placed>false</Placed>
              <HeadLocation>E</HeadLocation>
            </Head>
          </Location>
        </Description>
      </Pin>
      <Pin Id="1029">
        <Description>
          <PinType Individual="false">101</PinType>
          <Exists>false</Exists>
          <PinCertified Individual="false">false</PinCertified>
          <Location>
            <ProcessingArea>0</ProcessingArea>
            <Garage>
              <Placed>false</Placed>
              <Side>E</Side>
              <Slot>0</Slot>
              <Number>0</Number>
              <Kinematics>
                <Offset>
                  <x Individual="false">0.0</x>
                  <y Individual="false">0.0</y>
                </Offset>
              </Kinematics>
            </Garage>
            <LiftingTable>
              <Placed>false</Placed>
              <Side>E</Side>
              <Kinematics>
                <bottom>
                  <x>0.0</x>
                  <y>0.0</y>
                  <z>0.0</z>
                </bottom>
              </Kinematics>
            </LiftingTable>
            <Head>
              <Placed>false</Placed>
              <HeadLocation>E</HeadLocation>
            </Head>
          </Location>
        </Description>
      </Pin>
      <Pin Id="1030">
        <Description>
          <PinType Individual="false">101</PinType>
          <Exists>false</Exists>
          <PinCertified Individual="false">false</PinCertified>
          <Location>
            <ProcessingArea>0</ProcessingArea>
            <Garage>
              <Placed>false</Placed>
              <Side>E</Side>
              <Slot>0</Slot>
              <Number>0</Number>
              <Kinematics>
                <Offset>
                  <x Individual="false">0.0</x>
                  <y Individual="false">0.0</y>
                </Offset>
              </Kinematics>
            </Garage>
            <LiftingTable>
              <Placed>false</Placed>
              <Side>E</Side>
              <Kinematics>
                <bottom>
                  <x>0.0</x>
                  <y>0.0</y>
                  <z>0.0</z>
                </bottom>
              </Kinematics>
            </LiftingTable>
            <Head>
              <Placed>false</Placed>
              <HeadLocation>E</HeadLocation>
            </Head>
          </Location>
        </Description>
      </Pin>
      <Pin Id="1031">
        <Description>
          <PinType Individual="false">101</PinType>
          <Exists>false</Exists>
          <PinCertified Individual="false">false</PinCertified>
          <Location>
            <ProcessingArea>0</ProcessingArea>
            <Garage>
              <Placed>false</Placed>
              <Side>E</Side>
              <Slot>0</Slot>
              <Number>0</Number>
              <Kinematics>
                <Offset>
                  <x Individual="false">0.0</x>
                  <y Individual="false">0.0</y>
                </Offset>
              </Kinematics>
            </Garage>
            <LiftingTable>
              <Placed>false</Placed>
              <Side>E</Side>
              <Kinematics>
                <bottom>
                  <x>0.0</x>
                  <y>0.0</y>
                  <z>0.0</z>
                </bottom>
              </Kinematics>
            </LiftingTable>
            <Head>
              <Placed>false</Placed>
              <HeadLocation>E</HeadLocation>
            </Head>
          </Location>
        </Description>
      </Pin>
      <Pin Id="1032">
        <Description>
          <PinType Individual="false">101</PinType>
          <Exists>false</Exists>
          <PinCertified Individual="false">false</PinCertified>
          <Location>
            <ProcessingArea>0</ProcessingArea>
            <Garage>
              <Placed>false</Placed>
              <Side>E</Side>
              <Slot>0</Slot>
              <Number>0</Number>
              <Kinematics>
                <Offset>
                  <x Individual="false">0.0</x>
                  <y Individual="false">0.0</y>
                </Offset>
              </Kinematics>
            </Garage>
            <LiftingTable>
              <Placed>false</Placed>
              <Side>E</Side>
              <Kinematics>
                <bottom>
                  <x>0.0</x>
                  <y>0.0</y>
                  <z>0.0</z>
                </bottom>
              </Kinematics>
            </LiftingTable>
            <Head>
              <Placed>false</Placed>
              <HeadLocation>E</HeadLocation>
            </Head>
          </Location>
        </Description>
      </Pin>
      <Pin Id="1033">
        <Description>
          <PinType Individual="false">101</PinType>
          <Exists>false</Exists>
          <PinCertified Individual="false">false</PinCertified>
          <Location>
            <ProcessingArea>0</ProcessingArea>
            <Garage>
              <Placed>false</Placed>
              <Side>E</Side>
              <Slot>0</Slot>
              <Number>0</Number>
              <Kinematics>
                <Offset>
                  <x Individual="false">0.0</x>
                  <y Individual="false">0.0</y>
                </Offset>
              </Kinematics>
            </Garage>
            <LiftingTable>
              <Placed>false</Placed>
              <Side>E</Side>
              <Kinematics>
                <bottom>
                  <x>0.0</x>
                  <y>0.0</y>
                  <z>0.0</z>
                </bottom>
              </Kinematics>
            </LiftingTable>
            <Head>
              <Placed>false</Placed>
              <HeadLocation>E</HeadLocation>
            </Head>
          </Location>
        </Description>
      </Pin>
      <Pin Id="1034">
        <Description>
          <PinType Individual="false">101</PinType>
          <Exists>false</Exists>
          <PinCertified Individual="false">false</PinCertified>
          <Location>
            <ProcessingArea>0</ProcessingArea>
            <Garage>
              <Placed>false</Placed>
              <Side>E</Side>
              <Slot>0</Slot>
              <Number>0</Number>
              <Kinematics>
                <Offset>
                  <x Individual="false">0.0</x>
                  <y Individual="false">0.0</y>
                </Offset>
              </Kinematics>
            </Garage>
            <LiftingTable>
              <Placed>false</Placed>
              <Side>E</Side>
              <Kinematics>
                <bottom>
                  <x>0.0</x>
                  <y>0.0</y>
                  <z>0.0</z>
                </bottom>
              </Kinematics>
            </LiftingTable>
            <Head>
              <Placed>false</Placed>
              <HeadLocation>E</HeadLocation>
            </Head>
          </Location>
        </Description>
      </Pin>
      <Pin Id="1035">
        <Description>
          <PinType Individual="false">101</PinType>
          <Exists>false</Exists>
          <PinCertified Individual="false">false</PinCertified>
          <Location>
            <ProcessingArea>0</ProcessingArea>
            <Garage>
              <Placed>false</Placed>
              <Side>E</Side>
              <Slot>0</Slot>
              <Number>0</Number>
              <Kinematics>
                <Offset>
                  <x Individual="false">0.0</x>
                  <y Individual="false">0.0</y>
                </Offset>
              </Kinematics>
            </Garage>
            <LiftingTable>
              <Placed>false</Placed>
              <Side>E</Side>
              <Kinematics>
                <bottom>
                  <x>0.0</x>
                  <y>0.0</y>
                  <z>0.0</z>
                </bottom>
              </Kinematics>
            </LiftingTable>
            <Head>
              <Placed>false</Placed>
              <HeadLocation>E</HeadLocation>
            </Head>
          </Location>
        </Description>
      </Pin>
      <Pin Id="1036">
        <Description>
          <PinType Individual="false">101</PinType>
          <Exists>false</Exists>
          <PinCertified Individual="false">false</PinCertified>
          <Location>
            <ProcessingArea>0</ProcessingArea>
            <Garage>
              <Placed>false</Placed>
              <Side>E</Side>
              <Slot>0</Slot>
              <Number>0</Number>
              <Kinematics>
                <Offset>
                  <x Individual="false">0.0</x>
                  <y Individual="false">0.0</y>
                </Offset>
              </Kinematics>
            </Garage>
            <LiftingTable>
              <Placed>false</Placed>
              <Side>E</Side>
              <Kinematics>
                <bottom>
                  <x>0.0</x>
                  <y>0.0</y>
                  <z>0.0</z>
                </bottom>
              </Kinematics>
            </LiftingTable>
            <Head>
              <Placed>false</Placed>
              <HeadLocation>E</HeadLocation>
            </Head>
          </Location>
        </Description>
      </Pin>
      <Pin Id="1037">
        <Description>
          <PinType Individual="false">101</PinType>
          <Exists>false</Exists>
          <PinCertified Individual="false">false</PinCertified>
          <Location>
            <ProcessingArea>0</ProcessingArea>
            <Garage>
              <Placed>false</Placed>
              <Side>E</Side>
              <Slot>0</Slot>
              <Number>0</Number>
              <Kinematics>
                <Offset>
                  <x Individual="false">0.0</x>
                  <y Individual="false">0.0</y>
                </Offset>
              </Kinematics>
            </Garage>
            <LiftingTable>
              <Placed>false</Placed>
              <Side>E</Side>
              <Kinematics>
                <bottom>
                  <x>0.0</x>
                  <y>0.0</y>
                  <z>0.0</z>
                </bottom>
              </Kinematics>
            </LiftingTable>
            <Head>
              <Placed>false</Placed>
              <HeadLocation>E</HeadLocation>
            </Head>
          </Location>
        </Description>
      </Pin>
      <Pin Id="1038">
        <Description>
          <PinType Individual="false">101</PinType>
          <Exists>false</Exists>
          <PinCertified Individual="false">false</PinCertified>
          <Location>
            <ProcessingArea>0</ProcessingArea>
            <Garage>
              <Placed>false</Placed>
              <Side>E</Side>
              <Slot>0</Slot>
              <Number>0</Number>
              <Kinematics>
                <Offset>
                  <x Individual="false">0.0</x>
                  <y Individual="false">0.0</y>
                </Offset>
              </Kinematics>
            </Garage>
            <LiftingTable>
              <Placed>false</Placed>
              <Side>E</Side>
              <Kinematics>
                <bottom>
                  <x>0.0</x>
                  <y>0.0</y>
                  <z>0.0</z>
                </bottom>
              </Kinematics>
            </LiftingTable>
            <Head>
              <Placed>false</Placed>
              <HeadLocation>E</HeadLocation>
            </Head>
          </Location>
        </Description>
      </Pin>
      <Pin Id="1039">
        <Description>
          <PinType Individual="false">101</PinType>
          <Exists>false</Exists>
          <PinCertified Individual="false">false</PinCertified>
          <Location>
            <ProcessingArea>0</ProcessingArea>
            <Garage>
              <Placed>false</Placed>
              <Side>E</Side>
              <Slot>0</Slot>
              <Number>0</Number>
              <Kinematics>
                <Offset>
                  <x Individual="false">0.0</x>
                  <y Individual="false">0.0</y>
                </Offset>
              </Kinematics>
            </Garage>
            <LiftingTable>
              <Placed>false</Placed>
              <Side>E</Side>
              <Kinematics>
                <bottom>
                  <x>0.0</x>
                  <y>0.0</y>
                  <z>0.0</z>
                </bottom>
              </Kinematics>
            </LiftingTable>
            <Head>
              <Placed>false</Placed>
              <HeadLocation>E</HeadLocation>
            </Head>
          </Location>
        </Description>
      </Pin>
      <Pin Id="1040">
        <Description>
          <PinType Individual="false">101</PinType>
          <Exists>false</Exists>
          <PinCertified Individual="false">false</PinCertified>
          <Location>
            <ProcessingArea>0</ProcessingArea>
            <Garage>
              <Placed>false</Placed>
              <Side>E</Side>
              <Slot>0</Slot>
              <Number>0</Number>
              <Kinematics>
                <Offset>
                  <x Individual="false">0.0</x>
                  <y Individual="false">0.0</y>
                </Offset>
              </Kinematics>
            </Garage>
            <LiftingTable>
              <Placed>false</Placed>
              <Side>E</Side>
              <Kinematics>
                <bottom>
                  <x>0.0</x>
                  <y>0.0</y>
                  <z>0.0</z>
                </bottom>
              </Kinematics>
            </LiftingTable>
            <Head>
              <Placed>false</Placed>
              <HeadLocation>E</HeadLocation>
            </Head>
          </Location>
        </Description>
      </Pin>
      <Pin Id="1041">
        <Description>
          <PinType Individual="false">101</PinType>
          <Exists>false</Exists>
          <PinCertified Individual="false">false</PinCertified>
          <Location>
            <ProcessingArea>0</ProcessingArea>
            <Garage>
              <Placed>false</Placed>
              <Side>E</Side>
              <Slot>0</Slot>
              <Number>0</Number>
              <Kinematics>
                <Offset>
                  <x Individual="false">0.0</x>
                  <y Individual="false">0.0</y>
                </Offset>
              </Kinematics>
            </Garage>
            <LiftingTable>
              <Placed>false</Placed>
              <Side>E</Side>
              <Kinematics>
                <bottom>
                  <x>0.0</x>
                  <y>0.0</y>
                  <z>0.0</z>
                </bottom>
              </Kinematics>
            </LiftingTable>
            <Head>
              <Placed>false</Placed>
              <HeadLocation>E</HeadLocation>
            </Head>
          </Location>
        </Description>
      </Pin>
      <Pin Id="1042">
        <Description>
          <PinType Individual="false">101</PinType>
          <Exists>false</Exists>
          <PinCertified Individual="false">false</PinCertified>
          <Location>
            <ProcessingArea>0</ProcessingArea>
            <Garage>
              <Placed>false</Placed>
              <Side>E</Side>
              <Slot>0</Slot>
              <Number>0</Number>
              <Kinematics>
                <Offset>
                  <x Individual="false">0.0</x>
                  <y Individual="false">0.0</y>
                </Offset>
              </Kinematics>
            </Garage>
            <LiftingTable>
              <Placed>false</Placed>
              <Side>E</Side>
              <Kinematics>
                <bottom>
                  <x>0.0</x>
                  <y>0.0</y>
                  <z>0.0</z>
                </bottom>
              </Kinematics>
            </LiftingTable>
            <Head>
              <Placed>false</Placed>
              <HeadLocation>E</HeadLocation>
            </Head>
          </Location>
        </Description>
      </Pin>
      <Pin Id="2001">
        <Description>
          <PinType Individual="false">101</PinType>
          <Exists>false</Exists>
          <PinCertified Individual="false">false</PinCertified>
          <Location>
            <ProcessingArea>0</ProcessingArea>
            <Garage>
              <Placed>false</Placed>
              <Side>E</Side>
              <Slot>0</Slot>
              <Number>0</Number>
              <Kinematics>
                <Offset>
                  <x Individual="false">0.0</x>
                  <y Individual="false">0.0</y>
                </Offset>
              </Kinematics>
            </Garage>
            <LiftingTable>
              <Placed>false</Placed>
              <Side>E</Side>
              <Kinematics>
                <bottom>
                  <x>0.0</x>
                  <y>0.0</y>
                  <z>0.0</z>
                </bottom>
              </Kinematics>
            </LiftingTable>
            <Head>
              <Placed>false</Placed>
              <HeadLocation>E</HeadLocation>
            </Head>
          </Location>
        </Description>
      </Pin>
      <Pin Id="2002">
        <Description>
          <PinType Individual="false">101</PinType>
          <Exists>false</Exists>
          <PinCertified Individual="false">false</PinCertified>
          <Location>
            <ProcessingArea>0</ProcessingArea>
            <Garage>
              <Placed>false</Placed>
              <Side>E</Side>
              <Slot>0</Slot>
              <Number>0</Number>
              <Kinematics>
                <Offset>
                  <x Individual="false">0.0</x>
                  <y Individual="false">0.0</y>
                </Offset>
              </Kinematics>
            </Garage>
            <LiftingTable>
              <Placed>false</Placed>
              <Side>E</Side>
              <Kinematics>
                <bottom>
                  <x>0.0</x>
                  <y>0.0</y>
                  <z>0.0</z>
                </bottom>
              </Kinematics>
            </LiftingTable>
            <Head>
              <Placed>false</Placed>
              <HeadLocation>E</HeadLocation>
            </Head>
          </Location>
        </Description>
      </Pin>
      <Pin Id="2003">
        <Description>
          <PinType Individual="false">101</PinType>
          <Exists>false</Exists>
          <PinCertified Individual="false">false</PinCertified>
          <Location>
            <ProcessingArea>0</ProcessingArea>
            <Garage>
              <Placed>false</Placed>
              <Side>E</Side>
              <Slot>0</Slot>
              <Number>0</Number>
              <Kinematics>
                <Offset>
                  <x Individual="false">0.0</x>
                  <y Individual="false">0.0</y>
                </Offset>
              </Kinematics>
            </Garage>
            <LiftingTable>
              <Placed>false</Placed>
              <Side>E</Side>
              <Kinematics>
                <bottom>
                  <x>0.0</x>
                  <y>0.0</y>
                  <z>0.0</z>
                </bottom>
              </Kinematics>
            </LiftingTable>
            <Head>
              <Placed>false</Placed>
              <HeadLocation>E</HeadLocation>
            </Head>
          </Location>
        </Description>
      </Pin>
      <Pin Id="2004">
        <Description>
          <PinType Individual="false">101</PinType>
          <Exists>false</Exists>
          <PinCertified Individual="false">false</PinCertified>
          <Location>
            <ProcessingArea>0</ProcessingArea>
            <Garage>
              <Placed>false</Placed>
              <Side>E</Side>
              <Slot>0</Slot>
              <Number>0</Number>
              <Kinematics>
                <Offset>
                  <x Individual="false">0.0</x>
                  <y Individual="false">0.0</y>
                </Offset>
              </Kinematics>
            </Garage>
            <LiftingTable>
              <Placed>false</Placed>
              <Side>E</Side>
              <Kinematics>
                <bottom>
                  <x>0.0</x>
                  <y>0.0</y>
                  <z>0.0</z>
                </bottom>
              </Kinematics>
            </LiftingTable>
            <Head>
              <Placed>false</Placed>
              <HeadLocation>E</HeadLocation>
            </Head>
          </Location>
        </Description>
      </Pin>
      <Pin Id="2005">
        <Description>
          <PinType Individual="false">101</PinType>
          <Exists>false</Exists>
          <PinCertified Individual="false">false</PinCertified>
          <Location>
            <ProcessingArea>0</ProcessingArea>
            <Garage>
              <Placed>false</Placed>
              <Side>E</Side>
              <Slot>0</Slot>
              <Number>0</Number>
              <Kinematics>
                <Offset>
                  <x Individual="false">0.0</x>
                  <y Individual="false">0.0</y>
                </Offset>
              </Kinematics>
            </Garage>
            <LiftingTable>
              <Placed>false</Placed>
              <Side>E</Side>
              <Kinematics>
                <bottom>
                  <x>0.0</x>
                  <y>0.0</y>
                  <z>0.0</z>
                </bottom>
              </Kinematics>
            </LiftingTable>
            <Head>
              <Placed>false</Placed>
              <HeadLocation>E</HeadLocation>
            </Head>
          </Location>
        </Description>
      </Pin>
      <Pin Id="2006">
        <Description>
          <PinType Individual="false">101</PinType>
          <Exists>false</Exists>
          <PinCertified Individual="false">false</PinCertified>
          <Location>
            <ProcessingArea>0</ProcessingArea>
            <Garage>
              <Placed>false</Placed>
              <Side>E</Side>
              <Slot>0</Slot>
              <Number>0</Number>
              <Kinematics>
                <Offset>
                  <x Individual="false">0.0</x>
                  <y Individual="false">0.0</y>
                </Offset>
              </Kinematics>
            </Garage>
            <LiftingTable>
              <Placed>false</Placed>
              <Side>E</Side>
              <Kinematics>
                <bottom>
                  <x>0.0</x>
                  <y>0.0</y>
                  <z>0.0</z>
                </bottom>
              </Kinematics>
            </LiftingTable>
            <Head>
              <Placed>false</Placed>
              <HeadLocation>E</HeadLocation>
            </Head>
          </Location>
        </Description>
      </Pin>
      <Pin Id="2007">
        <Description>
          <PinType Individual="false">101</PinType>
          <Exists>false</Exists>
          <PinCertified Individual="false">false</PinCertified>
          <Location>
            <ProcessingArea>0</ProcessingArea>
            <Garage>
              <Placed>false</Placed>
              <Side>E</Side>
              <Slot>0</Slot>
              <Number>0</Number>
              <Kinematics>
                <Offset>
                  <x Individual="false">0.0</x>
                  <y Individual="false">0.0</y>
                </Offset>
              </Kinematics>
            </Garage>
            <LiftingTable>
              <Placed>false</Placed>
              <Side>E</Side>
              <Kinematics>
                <bottom>
                  <x>0.0</x>
                  <y>0.0</y>
                  <z>0.0</z>
                </bottom>
              </Kinematics>
            </LiftingTable>
            <Head>
              <Placed>false</Placed>
              <HeadLocation>E</HeadLocation>
            </Head>
          </Location>
        </Description>
      </Pin>
      <Pin Id="2008">
        <Description>
          <PinType Individual="false">101</PinType>
          <Exists>false</Exists>
          <PinCertified Individual="false">false</PinCertified>
          <Location>
            <ProcessingArea>0</ProcessingArea>
            <Garage>
              <Placed>false</Placed>
              <Side>E</Side>
              <Slot>0</Slot>
              <Number>0</Number>
              <Kinematics>
                <Offset>
                  <x Individual="false">0.0</x>
                  <y Individual="false">0.0</y>
                </Offset>
              </Kinematics>
            </Garage>
            <LiftingTable>
              <Placed>false</Placed>
              <Side>E</Side>
              <Kinematics>
                <bottom>
                  <x>0.0</x>
                  <y>0.0</y>
                  <z>0.0</z>
                </bottom>
              </Kinematics>
            </LiftingTable>
            <Head>
              <Placed>false</Placed>
              <HeadLocation>E</HeadLocation>
            </Head>
          </Location>
        </Description>
      </Pin>
      <Pin Id="2009">
        <Description>
          <PinType Individual="false">101</PinType>
          <Exists>false</Exists>
          <PinCertified Individual="false">false</PinCertified>
          <Location>
            <ProcessingArea>0</ProcessingArea>
            <Garage>
              <Placed>false</Placed>
              <Side>E</Side>
              <Slot>0</Slot>
              <Number>0</Number>
              <Kinematics>
                <Offset>
                  <x Individual="false">0.0</x>
                  <y Individual="false">0.0</y>
                </Offset>
              </Kinematics>
            </Garage>
            <LiftingTable>
              <Placed>false</Placed>
              <Side>E</Side>
              <Kinematics>
                <bottom>
                  <x>0.0</x>
                  <y>0.0</y>
                  <z>0.0</z>
                </bottom>
              </Kinematics>
            </LiftingTable>
            <Head>
              <Placed>false</Placed>
              <HeadLocation>E</HeadLocation>
            </Head>
          </Location>
        </Description>
      </Pin>
      <Pin Id="2010">
        <Description>
          <PinType Individual="false">101</PinType>
          <Exists>false</Exists>
          <PinCertified Individual="false">false</PinCertified>
          <Location>
            <ProcessingArea>0</ProcessingArea>
            <Garage>
              <Placed>false</Placed>
              <Side>E</Side>
              <Slot>0</Slot>
              <Number>0</Number>
              <Kinematics>
                <Offset>
                  <x Individual="false">0.0</x>
                  <y Individual="false">0.0</y>
                </Offset>
              </Kinematics>
            </Garage>
            <LiftingTable>
              <Placed>false</Placed>
              <Side>E</Side>
              <Kinematics>
                <bottom>
                  <x>0.0</x>
                  <y>0.0</y>
                  <z>0.0</z>
                </bottom>
              </Kinematics>
            </LiftingTable>
            <Head>
              <Placed>false</Placed>
              <HeadLocation>E</HeadLocation>
            </Head>
          </Location>
        </Description>
      </Pin>
      <Pin Id="2011">
        <Description>
          <PinType Individual="false">101</PinType>
          <Exists>false</Exists>
          <PinCertified Individual="false">false</PinCertified>
          <Location>
            <ProcessingArea>0</ProcessingArea>
            <Garage>
              <Placed>false</Placed>
              <Side>E</Side>
              <Slot>0</Slot>
              <Number>0</Number>
              <Kinematics>
                <Offset>
                  <x Individual="false">0.0</x>
                  <y Individual="false">0.0</y>
                </Offset>
              </Kinematics>
            </Garage>
            <LiftingTable>
              <Placed>false</Placed>
              <Side>E</Side>
              <Kinematics>
                <bottom>
                  <x>0.0</x>
                  <y>0.0</y>
                  <z>0.0</z>
                </bottom>
              </Kinematics>
            </LiftingTable>
            <Head>
              <Placed>false</Placed>
              <HeadLocation>E</HeadLocation>
            </Head>
          </Location>
        </Description>
      </Pin>
      <Pin Id="2012">
        <Description>
          <PinType Individual="false">101</PinType>
          <Exists>false</Exists>
          <PinCertified Individual="false">false</PinCertified>
          <Location>
            <ProcessingArea>0</ProcessingArea>
            <Garage>
              <Placed>false</Placed>
              <Side>E</Side>
              <Slot>0</Slot>
              <Number>0</Number>
              <Kinematics>
                <Offset>
                  <x Individual="false">0.0</x>
                  <y Individual="false">0.0</y>
                </Offset>
              </Kinematics>
            </Garage>
            <LiftingTable>
              <Placed>false</Placed>
              <Side>E</Side>
              <Kinematics>
                <bottom>
                  <x>0.0</x>
                  <y>0.0</y>
                  <z>0.0</z>
                </bottom>
              </Kinematics>
            </LiftingTable>
            <Head>
              <Placed>false</Placed>
              <HeadLocation>E</HeadLocation>
            </Head>
          </Location>
        </Description>
      </Pin>
      <Pin Id="2013">
        <Description>
          <PinType Individual="false">101</PinType>
          <Exists>false</Exists>
          <PinCertified Individual="false">false</PinCertified>
          <Location>
            <ProcessingArea>0</ProcessingArea>
            <Garage>
              <Placed>false</Placed>
              <Side>E</Side>
              <Slot>0</Slot>
              <Number>0</Number>
              <Kinematics>
                <Offset>
                  <x Individual="false">0.0</x>
                  <y Individual="false">0.0</y>
                </Offset>
              </Kinematics>
            </Garage>
            <LiftingTable>
              <Placed>false</Placed>
              <Side>E</Side>
              <Kinematics>
                <bottom>
                  <x>0.0</x>
                  <y>0.0</y>
                  <z>0.0</z>
                </bottom>
              </Kinematics>
            </LiftingTable>
            <Head>
              <Placed>false</Placed>
              <HeadLocation>E</HeadLocation>
            </Head>
          </Location>
        </Description>
      </Pin>
      <Pin Id="2014">
        <Description>
          <PinType Individual="false">101</PinType>
          <Exists>false</Exists>
          <PinCertified Individual="false">false</PinCertified>
          <Location>
            <ProcessingArea>0</ProcessingArea>
            <Garage>
              <Placed>false</Placed>
              <Side>E</Side>
              <Slot>0</Slot>
              <Number>0</Number>
              <Kinematics>
                <Offset>
                  <x Individual="false">0.0</x>
                  <y Individual="false">0.0</y>
                </Offset>
              </Kinematics>
            </Garage>
            <LiftingTable>
              <Placed>false</Placed>
              <Side>E</Side>
              <Kinematics>
                <bottom>
                  <x>0.0</x>
                  <y>0.0</y>
                  <z>0.0</z>
                </bottom>
              </Kinematics>
            </LiftingTable>
            <Head>
              <Placed>false</Placed>
              <HeadLocation>E</HeadLocation>
            </Head>
          </Location>
        </Description>
      </Pin>
      <Pin Id="2015">
        <Description>
          <PinType Individual="false">101</PinType>
          <Exists>false</Exists>
          <PinCertified Individual="false">false</PinCertified>
          <Location>
            <ProcessingArea>0</ProcessingArea>
            <Garage>
              <Placed>false</Placed>
              <Side>E</Side>
              <Slot>0</Slot>
              <Number>0</Number>
              <Kinematics>
                <Offset>
                  <x Individual="false">0.0</x>
                  <y Individual="false">0.0</y>
                </Offset>
              </Kinematics>
            </Garage>
            <LiftingTable>
              <Placed>false</Placed>
              <Side>E</Side>
              <Kinematics>
                <bottom>
                  <x>0.0</x>
                  <y>0.0</y>
                  <z>0.0</z>
                </bottom>
              </Kinematics>
            </LiftingTable>
            <Head>
              <Placed>false</Placed>
              <HeadLocation>E</HeadLocation>
            </Head>
          </Location>
        </Description>
      </Pin>
      <Pin Id="2016">
        <Description>
          <PinType Individual="false">101</PinType>
          <Exists>false</Exists>
          <PinCertified Individual="false">false</PinCertified>
          <Location>
            <ProcessingArea>0</ProcessingArea>
            <Garage>
              <Placed>false</Placed>
              <Side>E</Side>
              <Slot>0</Slot>
              <Number>0</Number>
              <Kinematics>
                <Offset>
                  <x Individual="false">0.0</x>
                  <y Individual="false">0.0</y>
                </Offset>
              </Kinematics>
            </Garage>
            <LiftingTable>
              <Placed>false</Placed>
              <Side>E</Side>
              <Kinematics>
                <bottom>
                  <x>0.0</x>
                  <y>0.0</y>
                  <z>0.0</z>
                </bottom>
              </Kinematics>
            </LiftingTable>
            <Head>
              <Placed>false</Placed>
              <HeadLocation>E</HeadLocation>
            </Head>
          </Location>
        </Description>
      </Pin>
      <Pin Id="2017">
        <Description>
          <PinType Individual="false">101</PinType>
          <Exists>false</Exists>
          <PinCertified Individual="false">false</PinCertified>
          <Location>
            <ProcessingArea>0</ProcessingArea>
            <Garage>
              <Placed>false</Placed>
              <Side>E</Side>
              <Slot>0</Slot>
              <Number>0</Number>
              <Kinematics>
                <Offset>
                  <x Individual="false">0.0</x>
                  <y Individual="false">0.0</y>
                </Offset>
              </Kinematics>
            </Garage>
            <LiftingTable>
              <Placed>false</Placed>
              <Side>E</Side>
              <Kinematics>
                <bottom>
                  <x>0.0</x>
                  <y>0.0</y>
                  <z>0.0</z>
                </bottom>
              </Kinematics>
            </LiftingTable>
            <Head>
              <Placed>false</Placed>
              <HeadLocation>E</HeadLocation>
            </Head>
          </Location>
        </Description>
      </Pin>
      <Pin Id="2018">
        <Description>
          <PinType Individual="false">101</PinType>
          <Exists>false</Exists>
          <PinCertified Individual="false">false</PinCertified>
          <Location>
            <ProcessingArea>0</ProcessingArea>
            <Garage>
              <Placed>false</Placed>
              <Side>E</Side>
              <Slot>0</Slot>
              <Number>0</Number>
              <Kinematics>
                <Offset>
                  <x Individual="false">0.0</x>
                  <y Individual="false">0.0</y>
                </Offset>
              </Kinematics>
            </Garage>
            <LiftingTable>
              <Placed>false</Placed>
              <Side>E</Side>
              <Kinematics>
                <bottom>
                  <x>0.0</x>
                  <y>0.0</y>
                  <z>0.0</z>
                </bottom>
              </Kinematics>
            </LiftingTable>
            <Head>
              <Placed>false</Placed>
              <HeadLocation>E</HeadLocation>
            </Head>
          </Location>
        </Description>
      </Pin>
      <Pin Id="2019">
        <Description>
          <PinType Individual="false">101</PinType>
          <Exists>false</Exists>
          <PinCertified Individual="false">false</PinCertified>
          <Location>
            <ProcessingArea>0</ProcessingArea>
            <Garage>
              <Placed>false</Placed>
              <Side>E</Side>
              <Slot>0</Slot>
              <Number>0</Number>
              <Kinematics>
                <Offset>
                  <x Individual="false">0.0</x>
                  <y Individual="false">0.0</y>
                </Offset>
              </Kinematics>
            </Garage>
            <LiftingTable>
              <Placed>false</Placed>
              <Side>E</Side>
              <Kinematics>
                <bottom>
                  <x>0.0</x>
                  <y>0.0</y>
                  <z>0.0</z>
                </bottom>
              </Kinematics>
            </LiftingTable>
            <Head>
              <Placed>false</Placed>
              <HeadLocation>E</HeadLocation>
            </Head>
          </Location>
        </Description>
      </Pin>
      <Pin Id="2020">
        <Description>
          <PinType Individual="false">101</PinType>
          <Exists>false</Exists>
          <PinCertified Individual="false">false</PinCertified>
          <Location>
            <ProcessingArea>0</ProcessingArea>
            <Garage>
              <Placed>false</Placed>
              <Side>E</Side>
              <Slot>0</Slot>
              <Number>0</Number>
              <Kinematics>
                <Offset>
                  <x Individual="false">0.0</x>
                  <y Individual="false">0.0</y>
                </Offset>
              </Kinematics>
            </Garage>
            <LiftingTable>
              <Placed>false</Placed>
              <Side>E</Side>
              <Kinematics>
                <bottom>
                  <x>0.0</x>
                  <y>0.0</y>
                  <z>0.0</z>
                </bottom>
              </Kinematics>
            </LiftingTable>
            <Head>
              <Placed>false</Placed>
              <HeadLocation>E</HeadLocation>
            </Head>
          </Location>
        </Description>
      </Pin>
      <Pin Id="2021">
        <Description>
          <PinType Individual="false">101</PinType>
          <Exists>false</Exists>
          <PinCertified Individual="false">false</PinCertified>
          <Location>
            <ProcessingArea>0</ProcessingArea>
            <Garage>
              <Placed>false</Placed>
              <Side>E</Side>
              <Slot>0</Slot>
              <Number>0</Number>
              <Kinematics>
                <Offset>
                  <x Individual="false">0.0</x>
                  <y Individual="false">0.0</y>
                </Offset>
              </Kinematics>
            </Garage>
            <LiftingTable>
              <Placed>false</Placed>
              <Side>E</Side>
              <Kinematics>
                <bottom>
                  <x>0.0</x>
                  <y>0.0</y>
                  <z>0.0</z>
                </bottom>
              </Kinematics>
            </LiftingTable>
            <Head>
              <Placed>false</Placed>
              <HeadLocation>E</HeadLocation>
            </Head>
          </Location>
        </Description>
      </Pin>
      <Pin Id="2022">
        <Description>
          <PinType Individual="false">101</PinType>
          <Exists>false</Exists>
          <PinCertified Individual="false">false</PinCertified>
          <Location>
            <ProcessingArea>0</ProcessingArea>
            <Garage>
              <Placed>false</Placed>
              <Side>E</Side>
              <Slot>0</Slot>
              <Number>0</Number>
              <Kinematics>
                <Offset>
                  <x Individual="false">0.0</x>
                  <y Individual="false">0.0</y>
                </Offset>
              </Kinematics>
            </Garage>
            <LiftingTable>
              <Placed>false</Placed>
              <Side>E</Side>
              <Kinematics>
                <bottom>
                  <x>0.0</x>
                  <y>0.0</y>
                  <z>0.0</z>
                </bottom>
              </Kinematics>
            </LiftingTable>
            <Head>
              <Placed>false</Placed>
              <HeadLocation>E</HeadLocation>
            </Head>
          </Location>
        </Description>
      </Pin>
      <Pin Id="2023">
        <Description>
          <PinType Individual="false">101</PinType>
          <Exists>false</Exists>
          <PinCertified Individual="false">false</PinCertified>
          <Location>
            <ProcessingArea>0</ProcessingArea>
            <Garage>
              <Placed>false</Placed>
              <Side>E</Side>
              <Slot>0</Slot>
              <Number>0</Number>
              <Kinematics>
                <Offset>
                  <x Individual="false">0.0</x>
                  <y Individual="false">0.0</y>
                </Offset>
              </Kinematics>
            </Garage>
            <LiftingTable>
              <Placed>false</Placed>
              <Side>E</Side>
              <Kinematics>
                <bottom>
                  <x>0.0</x>
                  <y>0.0</y>
                  <z>0.0</z>
                </bottom>
              </Kinematics>
            </LiftingTable>
            <Head>
              <Placed>false</Placed>
              <HeadLocation>E</HeadLocation>
            </Head>
          </Location>
        </Description>
      </Pin>
      <Pin Id="2024">
        <Description>
          <PinType Individual="false">101</PinType>
          <Exists>false</Exists>
          <PinCertified Individual="false">false</PinCertified>
          <Location>
            <ProcessingArea>0</ProcessingArea>
            <Garage>
              <Placed>false</Placed>
              <Side>E</Side>
              <Slot>0</Slot>
              <Number>0</Number>
              <Kinematics>
                <Offset>
                  <x Individual="false">0.0</x>
                  <y Individual="false">0.0</y>
                </Offset>
              </Kinematics>
            </Garage>
            <LiftingTable>
              <Placed>false</Placed>
              <Side>E</Side>
              <Kinematics>
                <bottom>
                  <x>0.0</x>
                  <y>0.0</y>
                  <z>0.0</z>
                </bottom>
              </Kinematics>
            </LiftingTable>
            <Head>
              <Placed>false</Placed>
              <HeadLocation>E</HeadLocation>
            </Head>
          </Location>
        </Description>
      </Pin>
      <Pin Id="2025">
        <Description>
          <PinType Individual="false">101</PinType>
          <Exists>false</Exists>
          <PinCertified Individual="false">false</PinCertified>
          <Location>
            <ProcessingArea>0</ProcessingArea>
            <Garage>
              <Placed>false</Placed>
              <Side>E</Side>
              <Slot>0</Slot>
              <Number>0</Number>
              <Kinematics>
                <Offset>
                  <x Individual="false">0.0</x>
                  <y Individual="false">0.0</y>
                </Offset>
              </Kinematics>
            </Garage>
            <LiftingTable>
              <Placed>false</Placed>
              <Side>E</Side>
              <Kinematics>
                <bottom>
                  <x>0.0</x>
                  <y>0.0</y>
                  <z>0.0</z>
                </bottom>
              </Kinematics>
            </LiftingTable>
            <Head>
              <Placed>false</Placed>
              <HeadLocation>E</HeadLocation>
            </Head>
          </Location>
        </Description>
      </Pin>
      <Pin Id="2026">
        <Description>
          <PinType Individual="false">101</PinType>
          <Exists>false</Exists>
          <PinCertified Individual="false">false</PinCertified>
          <Location>
            <ProcessingArea>0</ProcessingArea>
            <Garage>
              <Placed>false</Placed>
              <Side>E</Side>
              <Slot>0</Slot>
              <Number>0</Number>
              <Kinematics>
                <Offset>
                  <x Individual="false">0.0</x>
                  <y Individual="false">0.0</y>
                </Offset>
              </Kinematics>
            </Garage>
            <LiftingTable>
              <Placed>false</Placed>
              <Side>E</Side>
              <Kinematics>
                <bottom>
                  <x>0.0</x>
                  <y>0.0</y>
                  <z>0.0</z>
                </bottom>
              </Kinematics>
            </LiftingTable>
            <Head>
              <Placed>false</Placed>
              <HeadLocation>E</HeadLocation>
            </Head>
          </Location>
        </Description>
      </Pin>
      <Pin Id="2027">
        <Description>
          <PinType Individual="false">101</PinType>
          <Exists>false</Exists>
          <PinCertified Individual="false">false</PinCertified>
          <Location>
            <ProcessingArea>0</ProcessingArea>
            <Garage>
              <Placed>false</Placed>
              <Side>E</Side>
              <Slot>0</Slot>
              <Number>0</Number>
              <Kinematics>
                <Offset>
                  <x Individual="false">0.0</x>
                  <y Individual="false">0.0</y>
                </Offset>
              </Kinematics>
            </Garage>
            <LiftingTable>
              <Placed>false</Placed>
              <Side>E</Side>
              <Kinematics>
                <bottom>
                  <x>0.0</x>
                  <y>0.0</y>
                  <z>0.0</z>
                </bottom>
              </Kinematics>
            </LiftingTable>
            <Head>
              <Placed>false</Placed>
              <HeadLocation>E</HeadLocation>
            </Head>
          </Location>
        </Description>
      </Pin>
      <Pin Id="2028">
        <Description>
          <PinType Individual="false">101</PinType>
          <Exists>false</Exists>
          <PinCertified Individual="false">false</PinCertified>
          <Location>
            <ProcessingArea>0</ProcessingArea>
            <Garage>
              <Placed>false</Placed>
              <Side>E</Side>
              <Slot>0</Slot>
              <Number>0</Number>
              <Kinematics>
                <Offset>
                  <x Individual="false">0.0</x>
                  <y Individual="false">0.0</y>
                </Offset>
              </Kinematics>
            </Garage>
            <LiftingTable>
              <Placed>false</Placed>
              <Side>E</Side>
              <Kinematics>
                <bottom>
                  <x>0.0</x>
                  <y>0.0</y>
                  <z>0.0</z>
                </bottom>
              </Kinematics>
            </LiftingTable>
            <Head>
              <Placed>false</Placed>
              <HeadLocation>E</HeadLocation>
            </Head>
          </Location>
        </Description>
      </Pin>
      <Pin Id="2029">
        <Description>
          <PinType Individual="false">101</PinType>
          <Exists>false</Exists>
          <PinCertified Individual="false">false</PinCertified>
          <Location>
            <ProcessingArea>0</ProcessingArea>
            <Garage>
              <Placed>false</Placed>
              <Side>E</Side>
              <Slot>0</Slot>
              <Number>0</Number>
              <Kinematics>
                <Offset>
                  <x Individual="false">0.0</x>
                  <y Individual="false">0.0</y>
                </Offset>
              </Kinematics>
            </Garage>
            <LiftingTable>
              <Placed>false</Placed>
              <Side>E</Side>
              <Kinematics>
                <bottom>
                  <x>0.0</x>
                  <y>0.0</y>
                  <z>0.0</z>
                </bottom>
              </Kinematics>
            </LiftingTable>
            <Head>
              <Placed>false</Placed>
              <HeadLocation>E</HeadLocation>
            </Head>
          </Location>
        </Description>
      </Pin>
      <Pin Id="2030">
        <Description>
          <PinType Individual="false">101</PinType>
          <Exists>false</Exists>
          <PinCertified Individual="false">false</PinCertified>
          <Location>
            <ProcessingArea>0</ProcessingArea>
            <Garage>
              <Placed>false</Placed>
              <Side>E</Side>
              <Slot>0</Slot>
              <Number>0</Number>
              <Kinematics>
                <Offset>
                  <x Individual="false">0.0</x>
                  <y Individual="false">0.0</y>
                </Offset>
              </Kinematics>
            </Garage>
            <LiftingTable>
              <Placed>false</Placed>
              <Side>E</Side>
              <Kinematics>
                <bottom>
                  <x>0.0</x>
                  <y>0.0</y>
                  <z>0.0</z>
                </bottom>
              </Kinematics>
            </LiftingTable>
            <Head>
              <Placed>false</Placed>
              <HeadLocation>E</HeadLocation>
            </Head>
          </Location>
        </Description>
      </Pin>
      <Pin Id="2031">
        <Description>
          <PinType Individual="false">101</PinType>
          <Exists>false</Exists>
          <PinCertified Individual="false">false</PinCertified>
          <Location>
            <ProcessingArea>0</ProcessingArea>
            <Garage>
              <Placed>false</Placed>
              <Side>E</Side>
              <Slot>0</Slot>
              <Number>0</Number>
              <Kinematics>
                <Offset>
                  <x Individual="false">0.0</x>
                  <y Individual="false">0.0</y>
                </Offset>
              </Kinematics>
            </Garage>
            <LiftingTable>
              <Placed>false</Placed>
              <Side>E</Side>
              <Kinematics>
                <bottom>
                  <x>0.0</x>
                  <y>0.0</y>
                  <z>0.0</z>
                </bottom>
              </Kinematics>
            </LiftingTable>
            <Head>
              <Placed>false</Placed>
              <HeadLocation>E</HeadLocation>
            </Head>
          </Location>
        </Description>
      </Pin>
      <Pin Id="2032">
        <Description>
          <PinType Individual="false">101</PinType>
          <Exists>false</Exists>
          <PinCertified Individual="false">false</PinCertified>
          <Location>
            <ProcessingArea>0</ProcessingArea>
            <Garage>
              <Placed>false</Placed>
              <Side>E</Side>
              <Slot>0</Slot>
              <Number>0</Number>
              <Kinematics>
                <Offset>
                  <x Individual="false">0.0</x>
                  <y Individual="false">0.0</y>
                </Offset>
              </Kinematics>
            </Garage>
            <LiftingTable>
              <Placed>false</Placed>
              <Side>E</Side>
              <Kinematics>
                <bottom>
                  <x>0.0</x>
                  <y>0.0</y>
                  <z>0.0</z>
                </bottom>
              </Kinematics>
            </LiftingTable>
            <Head>
              <Placed>false</Placed>
              <HeadLocation>E</HeadLocation>
            </Head>
          </Location>
        </Description>
      </Pin>
      <Pin Id="2033">
        <Description>
          <PinType Individual="false">101</PinType>
          <Exists>false</Exists>
          <PinCertified Individual="false">false</PinCertified>
          <Location>
            <ProcessingArea>0</ProcessingArea>
            <Garage>
              <Placed>false</Placed>
              <Side>E</Side>
              <Slot>0</Slot>
              <Number>0</Number>
              <Kinematics>
                <Offset>
                  <x Individual="false">0.0</x>
                  <y Individual="false">0.0</y>
                </Offset>
              </Kinematics>
            </Garage>
            <LiftingTable>
              <Placed>false</Placed>
              <Side>E</Side>
              <Kinematics>
                <bottom>
                  <x>0.0</x>
                  <y>0.0</y>
                  <z>0.0</z>
                </bottom>
              </Kinematics>
            </LiftingTable>
            <Head>
              <Placed>false</Placed>
              <HeadLocation>E</HeadLocation>
            </Head>
          </Location>
        </Description>
      </Pin>
      <Pin Id="2034">
        <Description>
          <PinType Individual="false">101</PinType>
          <Exists>false</Exists>
          <PinCertified Individual="false">false</PinCertified>
          <Location>
            <ProcessingArea>0</ProcessingArea>
            <Garage>
              <Placed>false</Placed>
              <Side>E</Side>
              <Slot>0</Slot>
              <Number>0</Number>
              <Kinematics>
                <Offset>
                  <x Individual="false">0.0</x>
                  <y Individual="false">0.0</y>
                </Offset>
              </Kinematics>
            </Garage>
            <LiftingTable>
              <Placed>false</Placed>
              <Side>E</Side>
              <Kinematics>
                <bottom>
                  <x>0.0</x>
                  <y>0.0</y>
                  <z>0.0</z>
                </bottom>
              </Kinematics>
            </LiftingTable>
            <Head>
              <Placed>false</Placed>
              <HeadLocation>E</HeadLocation>
            </Head>
          </Location>
        </Description>
      </Pin>
      <Pin Id="2035">
        <Description>
          <PinType Individual="false">101</PinType>
          <Exists>false</Exists>
          <PinCertified Individual="false">false</PinCertified>
          <Location>
            <ProcessingArea>0</ProcessingArea>
            <Garage>
              <Placed>false</Placed>
              <Side>E</Side>
              <Slot>0</Slot>
              <Number>0</Number>
              <Kinematics>
                <Offset>
                  <x Individual="false">0.0</x>
                  <y Individual="false">0.0</y>
                </Offset>
              </Kinematics>
            </Garage>
            <LiftingTable>
              <Placed>false</Placed>
              <Side>E</Side>
              <Kinematics>
                <bottom>
                  <x>0.0</x>
                  <y>0.0</y>
                  <z>0.0</z>
                </bottom>
              </Kinematics>
            </LiftingTable>
            <Head>
              <Placed>false</Placed>
              <HeadLocation>E</HeadLocation>
            </Head>
          </Location>
        </Description>
      </Pin>
      <Pin Id="2036">
        <Description>
          <PinType Individual="false">101</PinType>
          <Exists>false</Exists>
          <PinCertified Individual="false">false</PinCertified>
          <Location>
            <ProcessingArea>0</ProcessingArea>
            <Garage>
              <Placed>false</Placed>
              <Side>E</Side>
              <Slot>0</Slot>
              <Number>0</Number>
              <Kinematics>
                <Offset>
                  <x Individual="false">0.0</x>
                  <y Individual="false">0.0</y>
                </Offset>
              </Kinematics>
            </Garage>
            <LiftingTable>
              <Placed>false</Placed>
              <Side>E</Side>
              <Kinematics>
                <bottom>
                  <x>0.0</x>
                  <y>0.0</y>
                  <z>0.0</z>
                </bottom>
              </Kinematics>
            </LiftingTable>
            <Head>
              <Placed>false</Placed>
              <HeadLocation>E</HeadLocation>
            </Head>
          </Location>
        </Description>
      </Pin>
      <Pin Id="2037">
        <Description>
          <PinType Individual="false">101</PinType>
          <Exists>false</Exists>
          <PinCertified Individual="false">false</PinCertified>
          <Location>
            <ProcessingArea>0</ProcessingArea>
            <Garage>
              <Placed>false</Placed>
              <Side>E</Side>
              <Slot>0</Slot>
              <Number>0</Number>
              <Kinematics>
                <Offset>
                  <x Individual="false">0.0</x>
                  <y Individual="false">0.0</y>
                </Offset>
              </Kinematics>
            </Garage>
            <LiftingTable>
              <Placed>false</Placed>
              <Side>E</Side>
              <Kinematics>
                <bottom>
                  <x>0.0</x>
                  <y>0.0</y>
                  <z>0.0</z>
                </bottom>
              </Kinematics>
            </LiftingTable>
            <Head>
              <Placed>false</Placed>
              <HeadLocation>E</HeadLocation>
            </Head>
          </Location>
        </Description>
      </Pin>
      <Pin Id="2038">
        <Description>
          <PinType Individual="false">101</PinType>
          <Exists>false</Exists>
          <PinCertified Individual="false">false</PinCertified>
          <Location>
            <ProcessingArea>0</ProcessingArea>
            <Garage>
              <Placed>false</Placed>
              <Side>E</Side>
              <Slot>0</Slot>
              <Number>0</Number>
              <Kinematics>
                <Offset>
                  <x Individual="false">0.0</x>
                  <y Individual="false">0.0</y>
                </Offset>
              </Kinematics>
            </Garage>
            <LiftingTable>
              <Placed>false</Placed>
              <Side>E</Side>
              <Kinematics>
                <bottom>
                  <x>0.0</x>
                  <y>0.0</y>
                  <z>0.0</z>
                </bottom>
              </Kinematics>
            </LiftingTable>
            <Head>
              <Placed>false</Placed>
              <HeadLocation>E</HeadLocation>
            </Head>
          </Location>
        </Description>
      </Pin>
      <Pin Id="2039">
        <Description>
          <PinType Individual="false">101</PinType>
          <Exists>false</Exists>
          <PinCertified Individual="false">false</PinCertified>
          <Location>
            <ProcessingArea>0</ProcessingArea>
            <Garage>
              <Placed>false</Placed>
              <Side>E</Side>
              <Slot>0</Slot>
              <Number>0</Number>
              <Kinematics>
                <Offset>
                  <x Individual="false">0.0</x>
                  <y Individual="false">0.0</y>
                </Offset>
              </Kinematics>
            </Garage>
            <LiftingTable>
              <Placed>false</Placed>
              <Side>E</Side>
              <Kinematics>
                <bottom>
                  <x>0.0</x>
                  <y>0.0</y>
                  <z>0.0</z>
                </bottom>
              </Kinematics>
            </LiftingTable>
            <Head>
              <Placed>false</Placed>
              <HeadLocation>E</HeadLocation>
            </Head>
          </Location>
        </Description>
      </Pin>
      <Pin Id="2040">
        <Description>
          <PinType Individual="false">101</PinType>
          <Exists>false</Exists>
          <PinCertified Individual="false">false</PinCertified>
          <Location>
            <ProcessingArea>0</ProcessingArea>
            <Garage>
              <Placed>false</Placed>
              <Side>E</Side>
              <Slot>0</Slot>
              <Number>0</Number>
              <Kinematics>
                <Offset>
                  <x Individual="false">0.0</x>
                  <y Individual="false">0.0</y>
                </Offset>
              </Kinematics>
            </Garage>
            <LiftingTable>
              <Placed>false</Placed>
              <Side>E</Side>
              <Kinematics>
                <bottom>
                  <x>0.0</x>
                  <y>0.0</y>
                  <z>0.0</z>
                </bottom>
              </Kinematics>
            </LiftingTable>
            <Head>
              <Placed>false</Placed>
              <HeadLocation>E</HeadLocation>
            </Head>
          </Location>
        </Description>
      </Pin>
      <Pin Id="2041">
        <Description>
          <PinType Individual="false">101</PinType>
          <Exists>false</Exists>
          <PinCertified Individual="false">false</PinCertified>
          <Location>
            <ProcessingArea>0</ProcessingArea>
            <Garage>
              <Placed>false</Placed>
              <Side>E</Side>
              <Slot>0</Slot>
              <Number>0</Number>
              <Kinematics>
                <Offset>
                  <x Individual="false">0.0</x>
                  <y Individual="false">0.0</y>
                </Offset>
              </Kinematics>
            </Garage>
            <LiftingTable>
              <Placed>false</Placed>
              <Side>E</Side>
              <Kinematics>
                <bottom>
                  <x>0.0</x>
                  <y>0.0</y>
                  <z>0.0</z>
                </bottom>
              </Kinematics>
            </LiftingTable>
            <Head>
              <Placed>false</Placed>
              <HeadLocation>E</HeadLocation>
            </Head>
          </Location>
        </Description>
      </Pin>
      <Pin Id="2042">
        <Description>
          <PinType Individual="false">101</PinType>
          <Exists>false</Exists>
          <PinCertified Individual="false">false</PinCertified>
          <Location>
            <ProcessingArea>0</ProcessingArea>
            <Garage>
              <Placed>false</Placed>
              <Side>E</Side>
              <Slot>0</Slot>
              <Number>0</Number>
              <Kinematics>
                <Offset>
                  <x Individual="false">0.0</x>
                  <y Individual="false">0.0</y>
                </Offset>
              </Kinematics>
            </Garage>
            <LiftingTable>
              <Placed>false</Placed>
              <Side>E</Side>
              <Kinematics>
                <bottom>
                  <x>0.0</x>
                  <y>0.0</y>
                  <z>0.0</z>
                </bottom>
              </Kinematics>
            </LiftingTable>
            <Head>
              <Placed>false</Placed>
              <HeadLocation>E</HeadLocation>
            </Head>
          </Location>
        </Description>
      </Pin>
    </Pins>
    <LiftingTables>
      <LiftingTable Id="11">
        <Kinematics>
          <Slant>
            <x Individual="false">0</x>
            <y Individual="false">0</y>
            <ax Individual="false">0</ax>
            <ay Individual="false">0</ay>
            <CalibrationDate>
              <date_time Individual="false">unknown</date_time>
              <counter Individual="false">0</counter>
            </CalibrationDate>
          </Slant>
        </Kinematics>
      </LiftingTable>
      <LiftingTable Id="12">
        <Kinematics>
          <Slant>
            <x Individual="false">0</x>
            <y Individual="false">0</y>
            <ax Individual="false">0</ax>
            <ay Individual="false">0</ay>
            <CalibrationDate>
              <date_time Individual="false">unknown</date_time>
              <counter Individual="false">0</counter>
            </CalibrationDate>
          </Slant>
        </Kinematics>
      </LiftingTable>
      <LiftingTable Id="21">
        <Kinematics>
          <Slant>
            <x Individual="false">0</x>
            <y Individual="false">0</y>
            <ax Individual="false">0</ax>
            <ay Individual="false">0</ay>
            <CalibrationDate>
              <date_time Individual="false">unknown</date_time>
              <counter Individual="false">0</counter>
            </CalibrationDate>
          </Slant>
        </Kinematics>
      </LiftingTable>
      <LiftingTable Id="22">
        <Kinematics>
          <Slant>
            <x Individual="false">0</x>
            <y Individual="false">0</y>
            <ax Individual="false">0</ax>
            <ay Individual="false">0</ay>
            <CalibrationDate>
              <date_time Individual="false">unknown</date_time>
              <counter Individual="false">0</counter>
            </CalibrationDate>
          </Slant>
        </Kinematics>
      </LiftingTable>
    </LiftingTables>
  </Configuration>
</AspModel>
