<?xml version="1.0" encoding="UTF-8"?>
<BugReporter Version="1.0">
  <BugReportOnError>
    <Errors></Errors>
  </BugReportOnError>
  <StopMachineOnError>
    <Errors Individual="false"></Errors>
  </StopMachineOnError>
  <CheckDiskSpace>
    <Enabled Individual="false">true</Enabled>
    <PollingTime Individual="false">60</PollingTime>
    <WarningLevel Individual="false">5120</WarningLevel>
    <ErrorLevel Individual="false">2048</ErrorLevel>
  </CheckDiskSpace>
  <CheckHeapValid>
    <Enabled Individual="false">false</Enabled>
    <PollingTime Individual="false">60</PollingTime>
  </CheckHeapValid>
  <CheckHeapValidRunningWithVirtualMachine>
    <Enabled Individual="false">true</Enabled>
    <PollingTime Individual="false">30</PollingTime>
  </CheckHeapValidRunningWithVirtualMachine>
</BugReporter>
