<?xml version="1.0" encoding="UTF-8" standalone="yes"?>
<MappingContent version="1">
	<GeneralData MachineIdAndFrameSerialNumber="00011311-H007" MachineType="X4i S" SwVersion="708.1.0.88" />
	<Grid Name="MappingGrid_1" KindOfMapping="eDEFAULT_MAPPING" NrOfRows="10" NrOfColumns="14" MeshWidthX="40.000000" MeshWidthY="40.000000" Resolution="eSTANDARD_RESOLUTION" MappingMode="eDEFAULT_MODE" ContextPlainText="ePCBMAPPING" Context="1" DeviceID="Default#0000000000000000000000">
		<CalibrationDate counter="130773554083660000" date_time="2015-May-29 08:43:28" />
		<GridEntry Row="0" Column="0">
			<target x="-368.016971" y="-322.597582" />
			<actual x="-368.006112" y="-322.599125" />
		</GridEntry>
		<GridEntry Row="0" Column="1">
			<target x="-368.008517" y="-282.598583" />
			<actual x="-368.002999" y="-282.604495" />
		</GridEntry>
		<GridEntry Row="0" Column="2">
			<target x="-368.001063" y="-242.598584" />
			<actual x="-367.998658" y="-242.608986" />
		</GridEntry>
		<GridEntry Row="0" Column="3">
			<target x="-367.993610" y="-202.598585" />
			<actual x="-367.992275" y="-202.611512" />
		</GridEntry>
		<GridEntry Row="0" Column="4">
			<target x="-367.986156" y="-162.598585" />
			<actual x="-367.986794" y="-162.612662" />
		</GridEntry>
		<GridEntry Row="0" Column="5">
			<target x="-367.979702" y="-122.598586" />
			<actual x="-367.981719" y="-122.613378" />
		</GridEntry>
		<GridEntry Row="0" Column="6">
			<target x="-367.973249" y="-82.598586" />
			<actual x="-367.977022" y="-82.614707" />
		</GridEntry>
		<GridEntry Row="0" Column="7">
			<target x="-367.965795" y="-42.598587" />
			<actual x="-367.971972" y="-42.617501" />
		</GridEntry>
		<GridEntry Row="0" Column="8">
			<target x="-367.959341" y="-2.597587" />
			<actual x="-367.965444" y="-2.620271" />
		</GridEntry>
		<GridEntry Row="0" Column="9">
			<target x="-367.951887" y="37.402412" />
			<actual x="-367.960421" y="37.378263" />
		</GridEntry>
		<GridEntry Row="0" Column="10">
			<target x="-367.943434" y="77.402411" />
			<actual x="-367.954873" y="77.375335" />
		</GridEntry>
		<GridEntry Row="0" Column="11">
			<target x="-367.934980" y="117.402410" />
			<actual x="-367.949327" y="117.372725" />
		</GridEntry>
		<GridEntry Row="0" Column="12">
			<target x="-367.927526" y="157.402409" />
			<actual x="-367.943805" y="157.369461" />
		</GridEntry>
		<GridEntry Row="0" Column="13">
			<target x="-367.920073" y="197.402409" />
			<actual x="-367.940143" y="197.365143" />
		</GridEntry>
		<GridEntry Row="1" Column="0">
			<target x="-408.015970" y="-322.590129" />
			<actual x="-408.003914" y="-322.586912" />
		</GridEntry>
		<GridEntry Row="1" Column="1">
			<target x="-408.008516" y="-282.591129" />
			<actual x="-408.000007" y="-282.591754" />
		</GridEntry>
		<GridEntry Row="1" Column="2">
			<target x="-408.001063" y="-242.591130" />
			<actual x="-407.995815" y="-242.594221" />
		</GridEntry>
		<GridEntry Row="1" Column="3">
			<target x="-407.993609" y="-202.591131" />
			<actual x="-407.989642" y="-202.598840" />
		</GridEntry>
		<GridEntry Row="1" Column="4">
			<target x="-407.986155" y="-162.591132" />
			<actual x="-407.983466" y="-162.600012" />
		</GridEntry>
		<GridEntry Row="1" Column="5">
			<target x="-407.979702" y="-122.591132" />
			<actual x="-407.978919" y="-122.601789" />
		</GridEntry>
		<GridEntry Row="1" Column="6">
			<target x="-407.972248" y="-82.591133" />
			<actual x="-407.974129" y="-82.602572" />
		</GridEntry>
		<GridEntry Row="1" Column="7">
			<target x="-407.965794" y="-42.591133" />
			<actual x="-407.968251" y="-42.604448" />
		</GridEntry>
		<GridEntry Row="1" Column="8">
			<target x="-407.958341" y="-2.591134" />
			<actual x="-407.962620" y="-2.608593" />
		</GridEntry>
		<GridEntry Row="1" Column="9">
			<target x="-407.951887" y="37.408866" />
			<actual x="-407.957118" y="37.389198" />
		</GridEntry>
		<GridEntry Row="1" Column="10">
			<target x="-407.943433" y="77.408865" />
			<actual x="-407.951398" y="77.386946" />
		</GridEntry>
		<GridEntry Row="1" Column="11">
			<target x="-407.934979" y="117.408864" />
			<actual x="-407.946321" y="117.384089" />
		</GridEntry>
		<GridEntry Row="1" Column="12">
			<target x="-407.927526" y="157.408863" />
			<actual x="-407.940779" y="157.380308" />
		</GridEntry>
		<GridEntry Row="1" Column="13">
			<target x="-407.919072" y="197.408862" />
			<actual x="-407.936649" y="197.374807" />
		</GridEntry>
		<GridEntry Row="2" Column="0">
			<target x="-448.016969" y="-322.582675" />
			<actual x="-448.003324" y="-322.574859" />
		</GridEntry>
		<GridEntry Row="2" Column="1">
			<target x="-448.008516" y="-282.583676" />
			<actual x="-447.999094" y="-282.580291" />
		</GridEntry>
		<GridEntry Row="2" Column="2">
			<target x="-448.001062" y="-242.583676" />
			<actual x="-447.994629" y="-242.582882" />
		</GridEntry>
		<GridEntry Row="2" Column="3">
			<target x="-447.993608" y="-202.583677" />
			<actual x="-447.989515" y="-202.586806" />
		</GridEntry>
		<GridEntry Row="2" Column="4">
			<target x="-447.986155" y="-162.583678" />
			<actual x="-447.982532" y="-162.588488" />
		</GridEntry>
		<GridEntry Row="2" Column="5">
			<target x="-447.979701" y="-122.583678" />
			<actual x="-447.978474" y="-122.590522" />
		</GridEntry>
		<GridEntry Row="2" Column="6">
			<target x="-447.972247" y="-82.583679" />
			<actual x="-447.972451" y="-82.591104" />
		</GridEntry>
		<GridEntry Row="2" Column="7">
			<target x="-447.965794" y="-42.583680" />
			<actual x="-447.967721" y="-42.593438" />
		</GridEntry>
		<GridEntry Row="2" Column="8">
			<target x="-447.958340" y="-2.583680" />
			<actual x="-447.961176" y="-2.596810" />
		</GridEntry>
		<GridEntry Row="2" Column="9">
			<target x="-447.950886" y="37.416319" />
			<actual x="-447.955760" y="37.400774" />
		</GridEntry>
		<GridEntry Row="2" Column="10">
			<target x="-447.943432" y="77.416318" />
			<actual x="-447.950562" y="77.398023" />
		</GridEntry>
		<GridEntry Row="2" Column="11">
			<target x="-447.934979" y="117.416317" />
			<actual x="-447.945318" y="117.392226" />
		</GridEntry>
		<GridEntry Row="2" Column="12">
			<target x="-447.927525" y="157.416317" />
			<actual x="-447.939498" y="157.390746" />
		</GridEntry>
		<GridEntry Row="2" Column="13">
			<target x="-447.919071" y="197.416316" />
			<actual x="-447.935598" y="197.385716" />
		</GridEntry>
		<GridEntry Row="3" Column="0">
			<target x="-488.015968" y="-322.575221" />
			<actual x="-488.001231" y="-322.563328" />
		</GridEntry>
		<GridEntry Row="3" Column="1">
			<target x="-488.008515" y="-282.576222" />
			<actual x="-487.997638" y="-282.569540" />
		</GridEntry>
		<GridEntry Row="3" Column="2">
			<target x="-488.000061" y="-242.576223" />
			<actual x="-487.993110" y="-242.572676" />
		</GridEntry>
		<GridEntry Row="3" Column="3">
			<target x="-487.992608" y="-202.576224" />
			<actual x="-487.987384" y="-202.575734" />
		</GridEntry>
		<GridEntry Row="3" Column="4">
			<target x="-487.985154" y="-162.576224" />
			<actual x="-487.980876" y="-162.577351" />
		</GridEntry>
		<GridEntry Row="3" Column="5">
			<target x="-487.978700" y="-122.576225" />
			<actual x="-487.976259" y="-122.579830" />
		</GridEntry>
		<GridEntry Row="3" Column="6">
			<target x="-487.971247" y="-82.576226" />
			<actual x="-487.971345" y="-82.581184" />
		</GridEntry>
		<GridEntry Row="3" Column="7">
			<target x="-487.964793" y="-42.577226" />
			<actual x="-487.965179" y="-42.583056" />
		</GridEntry>
		<GridEntry Row="3" Column="8">
			<target x="-487.957339" y="-2.577227" />
			<actual x="-487.959454" y="-2.586457" />
		</GridEntry>
		<GridEntry Row="3" Column="9">
			<target x="-487.949886" y="37.422773" />
			<actual x="-487.954705" y="37.409166" />
		</GridEntry>
		<GridEntry Row="3" Column="10">
			<target x="-487.942432" y="77.423772" />
			<actual x="-487.949210" y="77.407694" />
		</GridEntry>
		<GridEntry Row="3" Column="11">
			<target x="-487.933978" y="117.422771" />
			<actual x="-487.943392" y="117.403933" />
		</GridEntry>
		<GridEntry Row="3" Column="12">
			<target x="-487.926525" y="157.422770" />
			<actual x="-487.937897" y="157.399640" />
		</GridEntry>
		<GridEntry Row="3" Column="13">
			<target x="-487.918071" y="197.422769" />
			<actual x="-487.933653" y="197.392686" />
		</GridEntry>
		<GridEntry Row="4" Column="0">
			<target x="-528.014968" y="-322.567768" />
			<actual x="-528.001568" y="-322.547775" />
		</GridEntry>
		<GridEntry Row="4" Column="1">
			<target x="-528.006514" y="-282.568769" />
			<actual x="-527.997197" y="-282.554856" />
		</GridEntry>
		<GridEntry Row="4" Column="2">
			<target x="-527.999061" y="-242.568769" />
			<actual x="-527.992310" y="-242.557721" />
		</GridEntry>
		<GridEntry Row="4" Column="3">
			<target x="-527.991607" y="-202.568770" />
			<actual x="-527.987731" y="-202.562179" />
		</GridEntry>
		<GridEntry Row="4" Column="4">
			<target x="-527.984153" y="-162.568771" />
			<actual x="-527.980543" y="-162.565204" />
		</GridEntry>
		<GridEntry Row="4" Column="5">
			<target x="-527.976700" y="-122.569772" />
			<actual x="-527.975510" y="-122.565277" />
		</GridEntry>
		<GridEntry Row="4" Column="6">
			<target x="-527.969246" y="-82.569772" />
			<actual x="-527.971030" y="-82.566136" />
		</GridEntry>
		<GridEntry Row="4" Column="7">
			<target x="-527.962792" y="-42.569773" />
			<actual x="-527.965278" y="-42.568986" />
		</GridEntry>
		<GridEntry Row="4" Column="8">
			<target x="-527.955339" y="-2.569773" />
			<actual x="-527.959633" y="-2.572657" />
		</GridEntry>
		<GridEntry Row="4" Column="9">
			<target x="-527.948885" y="37.430226" />
			<actual x="-527.954573" y="37.423784" />
		</GridEntry>
		<GridEntry Row="4" Column="10">
			<target x="-527.940431" y="77.430225" />
			<actual x="-527.949575" y="77.421518" />
		</GridEntry>
		<GridEntry Row="4" Column="11">
			<target x="-527.932978" y="117.430224" />
			<actual x="-527.944351" y="117.417647" />
		</GridEntry>
		<GridEntry Row="4" Column="12">
			<target x="-527.924524" y="157.430224" />
			<actual x="-527.938343" y="157.413033" />
		</GridEntry>
		<GridEntry Row="4" Column="13">
			<target x="-527.917070" y="197.429223" />
			<actual x="-527.934798" y="197.405762" />
		</GridEntry>
		<GridEntry Row="5" Column="0">
			<target x="-568.014967" y="-322.560314" />
			<actual x="-567.996534" y="-322.537855" />
		</GridEntry>
		<GridEntry Row="5" Column="1">
			<target x="-568.006514" y="-282.561315" />
			<actual x="-567.992469" y="-282.543560" />
		</GridEntry>
		<GridEntry Row="5" Column="2">
			<target x="-567.999060" y="-242.561316" />
			<actual x="-567.987519" y="-242.547632" />
		</GridEntry>
		<GridEntry Row="5" Column="3">
			<target x="-567.991606" y="-202.561316" />
			<actual x="-567.982515" y="-202.550962" />
		</GridEntry>
		<GridEntry Row="5" Column="4">
			<target x="-567.984153" y="-162.562317" />
			<actual x="-567.975841" y="-162.550885" />
		</GridEntry>
		<GridEntry Row="5" Column="5">
			<target x="-567.976699" y="-122.562318" />
			<actual x="-567.970917" y="-122.554618" />
		</GridEntry>
		<GridEntry Row="5" Column="6">
			<target x="-567.969245" y="-82.562319" />
			<actual x="-567.966680" y="-82.555758" />
		</GridEntry>
		<GridEntry Row="5" Column="7">
			<target x="-567.962792" y="-42.562319" />
			<actual x="-567.961295" y="-42.557692" />
		</GridEntry>
		<GridEntry Row="5" Column="8">
			<target x="-567.955338" y="-2.562320" />
			<actual x="-567.955763" y="-2.561946" />
		</GridEntry>
		<GridEntry Row="5" Column="9">
			<target x="-567.947884" y="37.437680" />
			<actual x="-567.949633" y="37.435031" />
		</GridEntry>
		<GridEntry Row="5" Column="10">
			<target x="-567.940431" y="77.437679" />
			<actual x="-567.945054" y="77.432487" />
		</GridEntry>
		<GridEntry Row="5" Column="11">
			<target x="-567.931977" y="117.436678" />
			<actual x="-567.941285" y="117.426332" />
		</GridEntry>
		<GridEntry Row="5" Column="12">
			<target x="-567.924523" y="157.436677" />
			<actual x="-567.933805" y="157.422264" />
		</GridEntry>
		<GridEntry Row="5" Column="13">
			<target x="-567.917070" y="197.436677" />
			<actual x="-567.930440" y="197.415431" />
		</GridEntry>
		<GridEntry Row="6" Column="0">
			<target x="-608.014966" y="-322.552860" />
			<actual x="-607.996102" y="-322.525515" />
		</GridEntry>
		<GridEntry Row="6" Column="1">
			<target x="-608.006513" y="-282.553861" />
			<actual x="-607.990876" y="-282.533544" />
		</GridEntry>
		<GridEntry Row="6" Column="2">
			<target x="-607.999059" y="-242.553862" />
			<actual x="-607.987430" y="-242.536766" />
		</GridEntry>
		<GridEntry Row="6" Column="3">
			<target x="-607.991605" y="-202.553863" />
			<actual x="-607.982122" y="-202.541515" />
		</GridEntry>
		<GridEntry Row="6" Column="4">
			<target x="-607.984152" y="-162.554863" />
			<actual x="-607.975284" y="-162.542286" />
		</GridEntry>
		<GridEntry Row="6" Column="5">
			<target x="-607.976698" y="-122.554864" />
			<actual x="-607.970481" y="-122.543567" />
		</GridEntry>
		<GridEntry Row="6" Column="6">
			<target x="-607.969245" y="-82.554865" />
			<actual x="-607.965070" y="-82.544446" />
		</GridEntry>
		<GridEntry Row="6" Column="7">
			<target x="-607.961791" y="-42.554866" />
			<actual x="-607.960126" y="-42.547419" />
		</GridEntry>
		<GridEntry Row="6" Column="8">
			<target x="-607.954337" y="-2.554866" />
			<actual x="-607.953270" y="-2.550740" />
		</GridEntry>
		<GridEntry Row="6" Column="9">
			<target x="-607.947884" y="37.445133" />
			<actual x="-607.948038" y="37.445656" />
		</GridEntry>
		<GridEntry Row="6" Column="10">
			<target x="-607.939430" y="77.445132" />
			<actual x="-607.943318" y="77.442560" />
		</GridEntry>
		<GridEntry Row="6" Column="11">
			<target x="-607.931976" y="117.444132" />
			<actual x="-607.939139" y="117.438539" />
		</GridEntry>
		<GridEntry Row="6" Column="12">
			<target x="-607.924523" y="157.444131" />
			<actual x="-607.932968" y="157.433177" />
		</GridEntry>
		<GridEntry Row="6" Column="13">
			<target x="-607.917069" y="197.444130" />
			<actual x="-607.929745" y="197.424809" />
		</GridEntry>
		<GridEntry Row="7" Column="0">
			<target x="-648.013966" y="-322.546407" />
			<actual x="-647.995669" y="-322.512423" />
		</GridEntry>
		<GridEntry Row="7" Column="1">
			<target x="-648.005512" y="-282.546408" />
			<actual x="-647.990387" y="-282.520303" />
		</GridEntry>
		<GridEntry Row="7" Column="2">
			<target x="-647.998058" y="-242.546409" />
			<actual x="-647.985718" y="-242.524534" />
		</GridEntry>
		<GridEntry Row="7" Column="3">
			<target x="-647.990605" y="-202.547409" />
			<actual x="-647.980336" y="-202.527677" />
		</GridEntry>
		<GridEntry Row="7" Column="4">
			<target x="-647.983151" y="-162.547410" />
			<actual x="-647.973520" y="-162.529208" />
		</GridEntry>
		<GridEntry Row="7" Column="5">
			<target x="-647.975698" y="-122.547411" />
			<actual x="-647.968400" y="-122.530838" />
		</GridEntry>
		<GridEntry Row="7" Column="6">
			<target x="-647.968244" y="-82.547411" />
			<actual x="-647.963294" y="-82.532037" />
		</GridEntry>
		<GridEntry Row="7" Column="7">
			<target x="-647.960790" y="-42.548412" />
			<actual x="-647.958008" y="-42.535186" />
		</GridEntry>
		<GridEntry Row="7" Column="8">
			<target x="-647.953337" y="-2.548413" />
			<actual x="-647.951781" y="-2.538090" />
		</GridEntry>
		<GridEntry Row="7" Column="9">
			<target x="-647.945883" y="37.451587" />
			<actual x="-647.946333" y="37.458338" />
		</GridEntry>
		<GridEntry Row="7" Column="10">
			<target x="-647.938429" y="77.451586" />
			<actual x="-647.941684" y="77.455307" />
		</GridEntry>
		<GridEntry Row="7" Column="11">
			<target x="-647.930976" y="117.451585" />
			<actual x="-647.936906" y="117.448862" />
		</GridEntry>
		<GridEntry Row="7" Column="12">
			<target x="-647.923522" y="157.451584" />
			<actual x="-647.931599" y="157.444737" />
		</GridEntry>
		<GridEntry Row="7" Column="13">
			<target x="-647.916068" y="197.451584" />
			<actual x="-647.927705" y="197.436706" />
		</GridEntry>
		<GridEntry Row="8" Column="0">
			<target x="-688.012965" y="-322.538953" />
			<actual x="-687.997675" y="-322.503156" />
		</GridEntry>
		<GridEntry Row="8" Column="1">
			<target x="-688.004512" y="-282.539954" />
			<actual x="-687.992778" y="-282.510524" />
		</GridEntry>
		<GridEntry Row="8" Column="2">
			<target x="-687.997058" y="-242.539955" />
			<actual x="-687.986943" y="-242.514745" />
		</GridEntry>
		<GridEntry Row="8" Column="3">
			<target x="-687.988604" y="-202.539956" />
			<actual x="-687.981261" y="-202.518388" />
		</GridEntry>
		<GridEntry Row="8" Column="4">
			<target x="-687.981151" y="-162.539957" />
			<actual x="-687.974426" y="-162.521059" />
		</GridEntry>
		<GridEntry Row="8" Column="5">
			<target x="-687.973697" y="-122.540957" />
			<actual x="-687.969875" y="-122.522465" />
		</GridEntry>
		<GridEntry Row="8" Column="6">
			<target x="-687.967243" y="-82.540958" />
			<actual x="-687.963929" y="-82.521763" />
		</GridEntry>
		<GridEntry Row="8" Column="7">
			<target x="-687.959790" y="-42.540959" />
			<actual x="-687.959730" y="-42.524566" />
		</GridEntry>
		<GridEntry Row="8" Column="8">
			<target x="-687.953336" y="-2.540959" />
			<actual x="-687.953408" y="-2.526892" />
		</GridEntry>
		<GridEntry Row="8" Column="9">
			<target x="-687.945882" y="37.459040" />
			<actual x="-687.947925" y="37.467812" />
		</GridEntry>
		<GridEntry Row="8" Column="10">
			<target x="-687.937429" y="77.459039" />
			<actual x="-687.943050" y="77.465058" />
		</GridEntry>
		<GridEntry Row="8" Column="11">
			<target x="-687.929975" y="117.459039" />
			<actual x="-687.938619" y="117.458245" />
		</GridEntry>
		<GridEntry Row="8" Column="12">
			<target x="-687.923521" y="157.459038" />
			<actual x="-687.933349" y="157.454216" />
		</GridEntry>
		<GridEntry Row="8" Column="13">
			<target x="-687.915068" y="197.458037" />
			<actual x="-687.929077" y="197.447378" />
		</GridEntry>
		<GridEntry Row="9" Column="0">
			<target x="-728.012965" y="-322.532500" />
			<actual x="-727.999131" y="-322.492329" />
		</GridEntry>
		<GridEntry Row="9" Column="1">
			<target x="-728.004511" y="-282.532501" />
			<actual x="-727.994011" y="-282.499099" />
		</GridEntry>
		<GridEntry Row="9" Column="2">
			<target x="-727.997057" y="-242.532501" />
			<actual x="-727.988505" y="-242.504345" />
		</GridEntry>
		<GridEntry Row="9" Column="3">
			<target x="-727.988604" y="-202.532502" />
			<actual x="-727.982662" y="-202.508177" />
		</GridEntry>
		<GridEntry Row="9" Column="4">
			<target x="-727.981150" y="-162.533503" />
			<actual x="-727.975945" y="-162.509529" />
		</GridEntry>
		<GridEntry Row="9" Column="5">
			<target x="-727.973696" y="-122.533504" />
			<actual x="-727.970731" y="-122.512077" />
		</GridEntry>
		<GridEntry Row="9" Column="6">
			<target x="-727.967243" y="-82.533504" />
			<actual x="-727.965137" y="-82.511246" />
		</GridEntry>
		<GridEntry Row="9" Column="7">
			<target x="-727.959789" y="-42.533505" />
			<actual x="-727.959745" y="-42.513809" />
		</GridEntry>
		<GridEntry Row="9" Column="8">
			<target x="-727.952335" y="-2.533506" />
			<actual x="-727.953711" y="-2.517638" />
		</GridEntry>
		<GridEntry Row="9" Column="9">
			<target x="-727.944882" y="37.466494" />
			<actual x="-727.948536" y="37.479037" />
		</GridEntry>
		<GridEntry Row="9" Column="10">
			<target x="-727.937428" y="77.466493" />
			<actual x="-727.943739" y="77.474996" />
		</GridEntry>
		<GridEntry Row="9" Column="11">
			<target x="-727.929974" y="117.465492" />
			<actual x="-727.939329" y="117.468991" />
		</GridEntry>
		<GridEntry Row="9" Column="12">
			<target x="-727.923521" y="157.465492" />
			<actual x="-727.934218" y="157.463865" />
		</GridEntry>
		<GridEntry Row="9" Column="13">
			<target x="-727.915067" y="197.465491" />
			<actual x="-727.930107" y="197.453893" />
		</GridEntry>
	</Grid>
	<Grid Name="MappingGrid_2" KindOfMapping="eDEFAULT_MAPPING" NrOfRows="10" NrOfColumns="14" MeshWidthX="40.000000" MeshWidthY="40.000000" Resolution="eSTANDARD_RESOLUTION" MappingMode="eDEFAULT_MODE" ContextPlainText="ePCBMAPPING" Context="1" DeviceID="Default#0000000000000000000000">
		<CalibrationDate counter="130773577003100000" date_time="2015-May-29 09:21:40" />
		<GridEntry Row="0" Column="0">
			<target x="-369.131646" y="-195.754701" />
			<actual x="-369.123239" y="-195.758965" />
		</GridEntry>
		<GridEntry Row="0" Column="1">
			<target x="-369.138987" y="-155.755702" />
			<actual x="-369.133624" y="-155.762191" />
		</GridEntry>
		<GridEntry Row="0" Column="2">
			<target x="-369.147328" y="-115.755703" />
			<actual x="-369.144062" y="-115.762828" />
		</GridEntry>
		<GridEntry Row="0" Column="3">
			<target x="-369.155669" y="-75.755704" />
			<actual x="-369.154973" y="-75.764089" />
		</GridEntry>
		<GridEntry Row="0" Column="4">
			<target x="-369.164010" y="-35.755705" />
			<actual x="-369.164768" y="-35.765405" />
		</GridEntry>
		<GridEntry Row="0" Column="5">
			<target x="-369.173351" y="4.244294" />
			<actual x="-369.174045" y="4.231274" />
		</GridEntry>
		<GridEntry Row="0" Column="6">
			<target x="-369.182693" y="44.244293" />
			<actual x="-369.183149" y="44.229960" />
		</GridEntry>
		<GridEntry Row="0" Column="7">
			<target x="-369.191034" y="84.244292" />
			<actual x="-369.196507" y="84.227086" />
		</GridEntry>
		<GridEntry Row="0" Column="8">
			<target x="-369.200375" y="124.245291" />
			<actual x="-369.206480" y="124.224712" />
		</GridEntry>
		<GridEntry Row="0" Column="9">
			<target x="-369.208716" y="164.245291" />
			<actual x="-369.217047" y="164.220235" />
		</GridEntry>
		<GridEntry Row="0" Column="10">
			<target x="-369.216057" y="204.245290" />
			<actual x="-369.227373" y="204.219679" />
		</GridEntry>
		<GridEntry Row="0" Column="11">
			<target x="-369.223398" y="244.245289" />
			<actual x="-369.238080" y="244.215223" />
		</GridEntry>
		<GridEntry Row="0" Column="12">
			<target x="-369.231740" y="284.245288" />
			<actual x="-369.246656" y="284.213653" />
		</GridEntry>
		<GridEntry Row="0" Column="13">
			<target x="-369.240081" y="324.245287" />
			<actual x="-369.256549" y="324.213714" />
		</GridEntry>
		<GridEntry Row="1" Column="0">
			<target x="-409.130645" y="-195.763042" />
			<actual x="-409.120538" y="-195.764141" />
		</GridEntry>
		<GridEntry Row="1" Column="1">
			<target x="-409.138986" y="-155.764043" />
			<actual x="-409.130236" y="-155.765663" />
		</GridEntry>
		<GridEntry Row="1" Column="2">
			<target x="-409.147327" y="-115.764044" />
			<actual x="-409.140772" y="-115.766011" />
		</GridEntry>
		<GridEntry Row="1" Column="3">
			<target x="-409.155668" y="-75.764045" />
			<actual x="-409.151831" y="-75.768448" />
		</GridEntry>
		<GridEntry Row="1" Column="4">
			<target x="-409.164009" y="-35.764046" />
			<actual x="-409.160766" y="-35.767650" />
		</GridEntry>
		<GridEntry Row="1" Column="5">
			<target x="-409.173351" y="4.235953" />
			<actual x="-409.170952" y="4.226846" />
		</GridEntry>
		<GridEntry Row="1" Column="6">
			<target x="-409.181692" y="44.235952" />
			<actual x="-409.181484" y="44.225649" />
		</GridEntry>
		<GridEntry Row="1" Column="7">
			<target x="-409.191033" y="84.235951" />
			<actual x="-409.192950" y="84.223579" />
		</GridEntry>
		<GridEntry Row="1" Column="8">
			<target x="-409.199374" y="124.235950" />
			<actual x="-409.203033" y="124.221344" />
		</GridEntry>
		<GridEntry Row="1" Column="9">
			<target x="-409.208715" y="164.235949" />
			<actual x="-409.213782" y="164.216247" />
		</GridEntry>
		<GridEntry Row="1" Column="10">
			<target x="-409.216056" y="204.235949" />
			<actual x="-409.224348" y="204.214194" />
		</GridEntry>
		<GridEntry Row="1" Column="11">
			<target x="-409.223397" y="244.235948" />
			<actual x="-409.235351" y="244.211809" />
		</GridEntry>
		<GridEntry Row="1" Column="12">
			<target x="-409.231738" y="284.235947" />
			<actual x="-409.243676" y="284.210624" />
		</GridEntry>
		<GridEntry Row="1" Column="13">
			<target x="-409.239080" y="324.235947" />
			<actual x="-409.253136" y="324.208922" />
		</GridEntry>
		<GridEntry Row="2" Column="0">
			<target x="-449.131644" y="-195.771384" />
			<actual x="-449.119717" y="-195.770005" />
		</GridEntry>
		<GridEntry Row="2" Column="1">
			<target x="-449.138985" y="-155.772384" />
			<actual x="-449.130016" y="-155.771173" />
		</GridEntry>
		<GridEntry Row="2" Column="2">
			<target x="-449.147326" y="-115.772385" />
			<actual x="-449.140325" y="-115.771474" />
		</GridEntry>
		<GridEntry Row="2" Column="3">
			<target x="-449.155667" y="-75.772386" />
			<actual x="-449.150977" y="-75.772476" />
		</GridEntry>
		<GridEntry Row="2" Column="4">
			<target x="-449.164009" y="-35.772387" />
			<actual x="-449.160715" y="-35.772829" />
		</GridEntry>
		<GridEntry Row="2" Column="5">
			<target x="-449.173350" y="4.227612" />
			<actual x="-449.170169" y="4.221411" />
		</GridEntry>
		<GridEntry Row="2" Column="6">
			<target x="-449.181691" y="44.227611" />
			<actual x="-449.180195" y="44.219926" />
		</GridEntry>
		<GridEntry Row="2" Column="7">
			<target x="-449.191032" y="84.227610" />
			<actual x="-449.191862" y="84.217235" />
		</GridEntry>
		<GridEntry Row="2" Column="8">
			<target x="-449.199373" y="124.227609" />
			<actual x="-449.202048" y="124.215280" />
		</GridEntry>
		<GridEntry Row="2" Column="9">
			<target x="-449.207714" y="164.227608" />
			<actual x="-449.212602" y="164.209349" />
		</GridEntry>
		<GridEntry Row="2" Column="10">
			<target x="-449.216055" y="204.227608" />
			<actual x="-449.223416" y="204.208947" />
		</GridEntry>
		<GridEntry Row="2" Column="11">
			<target x="-449.223396" y="244.227607" />
			<actual x="-449.234401" y="244.204095" />
		</GridEntry>
		<GridEntry Row="2" Column="12">
			<target x="-449.231738" y="284.227606" />
			<actual x="-449.242631" y="284.204642" />
		</GridEntry>
		<GridEntry Row="2" Column="13">
			<target x="-449.239079" y="324.227605" />
			<actual x="-449.251091" y="324.201608" />
		</GridEntry>
		<GridEntry Row="3" Column="0">
			<target x="-489.130643" y="-195.779724" />
			<actual x="-489.118715" y="-195.775193" />
		</GridEntry>
		<GridEntry Row="3" Column="1">
			<target x="-489.138984" y="-155.780725" />
			<actual x="-489.128632" y="-155.775645" />
		</GridEntry>
		<GridEntry Row="3" Column="2">
			<target x="-489.146325" y="-115.780726" />
			<actual x="-489.138279" y="-115.775589" />
		</GridEntry>
		<GridEntry Row="3" Column="3">
			<target x="-489.154667" y="-75.780727" />
			<actual x="-489.149110" y="-75.776973" />
		</GridEntry>
		<GridEntry Row="3" Column="4">
			<target x="-489.163008" y="-35.780728" />
			<actual x="-489.158500" y="-35.777598" />
		</GridEntry>
		<GridEntry Row="3" Column="5">
			<target x="-489.172349" y="4.219271" />
			<actual x="-489.168791" y="4.217209" />
		</GridEntry>
		<GridEntry Row="3" Column="6">
			<target x="-489.180690" y="44.219270" />
			<actual x="-489.178952" y="44.215476" />
		</GridEntry>
		<GridEntry Row="3" Column="7">
			<target x="-489.190031" y="84.218269" />
			<actual x="-489.190461" y="84.211756" />
		</GridEntry>
		<GridEntry Row="3" Column="8">
			<target x="-489.198372" y="124.218268" />
			<actual x="-489.200700" y="124.210010" />
		</GridEntry>
		<GridEntry Row="3" Column="9">
			<target x="-489.206713" y="164.218268" />
			<actual x="-489.210716" y="164.204503" />
		</GridEntry>
		<GridEntry Row="3" Column="10">
			<target x="-489.215054" y="204.219267" />
			<actual x="-489.221475" y="204.200172" />
		</GridEntry>
		<GridEntry Row="3" Column="11">
			<target x="-489.222395" y="244.218266" />
			<actual x="-489.231610" y="244.198002" />
		</GridEntry>
		<GridEntry Row="3" Column="12">
			<target x="-489.230737" y="284.218265" />
			<actual x="-489.241298" y="284.198266" />
		</GridEntry>
		<GridEntry Row="3" Column="13">
			<target x="-489.238078" y="324.218264" />
			<actual x="-489.250112" y="324.195371" />
		</GridEntry>
		<GridEntry Row="4" Column="0">
			<target x="-529.129642" y="-195.788065" />
			<actual x="-529.119715" y="-195.775290" />
		</GridEntry>
		<GridEntry Row="4" Column="1">
			<target x="-529.136983" y="-155.789066" />
			<actual x="-529.129223" y="-155.777379" />
		</GridEntry>
		<GridEntry Row="4" Column="2">
			<target x="-529.145325" y="-115.789067" />
			<actual x="-529.138485" y="-115.777089" />
		</GridEntry>
		<GridEntry Row="4" Column="3">
			<target x="-529.153666" y="-75.789068" />
			<actual x="-529.148994" y="-75.780653" />
		</GridEntry>
		<GridEntry Row="4" Column="4">
			<target x="-529.162007" y="-35.789069" />
			<actual x="-529.158314" y="-35.778790" />
		</GridEntry>
		<GridEntry Row="4" Column="5">
			<target x="-529.170348" y="4.209931" />
			<actual x="-529.168244" y="4.215210" />
		</GridEntry>
		<GridEntry Row="4" Column="6">
			<target x="-529.178689" y="44.209930" />
			<actual x="-529.178359" y="44.214745" />
		</GridEntry>
		<GridEntry Row="4" Column="7">
			<target x="-529.188030" y="84.209929" />
			<actual x="-529.190281" y="84.209890" />
		</GridEntry>
		<GridEntry Row="4" Column="8">
			<target x="-529.196371" y="124.209928" />
			<actual x="-529.201426" y="124.206954" />
		</GridEntry>
		<GridEntry Row="4" Column="9">
			<target x="-529.205712" y="164.209927" />
			<actual x="-529.211813" y="164.201133" />
		</GridEntry>
		<GridEntry Row="4" Column="10">
			<target x="-529.213053" y="204.209926" />
			<actual x="-529.222234" y="204.199042" />
		</GridEntry>
		<GridEntry Row="4" Column="11">
			<target x="-529.221395" y="244.209925" />
			<actual x="-529.233458" y="244.194833" />
		</GridEntry>
		<GridEntry Row="4" Column="12">
			<target x="-529.228736" y="284.209924" />
			<actual x="-529.242207" y="284.195451" />
		</GridEntry>
		<GridEntry Row="4" Column="13">
			<target x="-529.237077" y="324.208924" />
			<actual x="-529.251599" y="324.192364" />
		</GridEntry>
		<GridEntry Row="5" Column="0">
			<target x="-569.129642" y="-195.796406" />
			<actual x="-569.114762" y="-195.780671" />
		</GridEntry>
		<GridEntry Row="5" Column="1">
			<target x="-569.136983" y="-155.797407" />
			<actual x="-569.124678" y="-155.783093" />
		</GridEntry>
		<GridEntry Row="5" Column="2">
			<target x="-569.145324" y="-115.797408" />
			<actual x="-569.134700" y="-115.782617" />
		</GridEntry>
		<GridEntry Row="5" Column="3">
			<target x="-569.153665" y="-75.797409" />
			<actual x="-569.144367" y="-75.784611" />
		</GridEntry>
		<GridEntry Row="5" Column="4">
			<target x="-569.162006" y="-35.798410" />
			<actual x="-569.153995" y="-35.782865" />
		</GridEntry>
		<GridEntry Row="5" Column="5">
			<target x="-569.170347" y="4.201589" />
			<actual x="-569.164320" y="4.209371" />
		</GridEntry>
		<GridEntry Row="5" Column="6">
			<target x="-569.178688" y="44.201589" />
			<actual x="-569.174658" y="44.207957" />
		</GridEntry>
		<GridEntry Row="5" Column="7">
			<target x="-569.188029" y="84.201587" />
			<actual x="-569.186055" y="84.202943" />
		</GridEntry>
		<GridEntry Row="5" Column="8">
			<target x="-569.196370" y="124.201587" />
			<actual x="-569.196586" y="124.200615" />
		</GridEntry>
		<GridEntry Row="5" Column="9">
			<target x="-569.204711" y="164.201586" />
			<actual x="-569.207426" y="164.194684" />
		</GridEntry>
		<GridEntry Row="5" Column="10">
			<target x="-569.213053" y="204.201585" />
			<actual x="-569.217591" y="204.192997" />
		</GridEntry>
		<GridEntry Row="5" Column="11">
			<target x="-569.220393" y="244.200584" />
			<actual x="-569.229628" y="244.187561" />
		</GridEntry>
		<GridEntry Row="5" Column="12">
			<target x="-569.228735" y="284.200583" />
			<actual x="-569.238552" y="284.189059" />
		</GridEntry>
		<GridEntry Row="5" Column="13">
			<target x="-569.237076" y="324.200582" />
			<actual x="-569.248166" y="324.185476" />
		</GridEntry>
		<GridEntry Row="6" Column="0">
			<target x="-609.129641" y="-195.804748" />
			<actual x="-609.114351" y="-195.784995" />
		</GridEntry>
		<GridEntry Row="6" Column="1">
			<target x="-609.136982" y="-155.805748" />
			<actual x="-609.124297" y="-155.787352" />
		</GridEntry>
		<GridEntry Row="6" Column="2">
			<target x="-609.145323" y="-115.805749" />
			<actual x="-609.134711" y="-115.787192" />
		</GridEntry>
		<GridEntry Row="6" Column="3">
			<target x="-609.153664" y="-75.805750" />
			<actual x="-609.144817" y="-75.789293" />
		</GridEntry>
		<GridEntry Row="6" Column="4">
			<target x="-609.162005" y="-35.806751" />
			<actual x="-609.153246" y="-35.789031" />
		</GridEntry>
		<GridEntry Row="6" Column="5">
			<target x="-609.170346" y="4.193248" />
			<actual x="-609.163593" y="4.204124" />
		</GridEntry>
		<GridEntry Row="6" Column="6">
			<target x="-609.178687" y="44.193247" />
			<actual x="-609.173761" y="44.203984" />
		</GridEntry>
		<GridEntry Row="6" Column="7">
			<target x="-609.187028" y="84.193247" />
			<actual x="-609.185166" y="84.199301" />
		</GridEntry>
		<GridEntry Row="6" Column="8">
			<target x="-609.195369" y="124.193246" />
			<actual x="-609.195375" y="124.195904" />
		</GridEntry>
		<GridEntry Row="6" Column="9">
			<target x="-609.204711" y="164.193245" />
			<actual x="-609.206642" y="164.189071" />
		</GridEntry>
		<GridEntry Row="6" Column="10">
			<target x="-609.212052" y="204.193244" />
			<actual x="-609.216912" y="204.187358" />
		</GridEntry>
		<GridEntry Row="6" Column="11">
			<target x="-609.220393" y="244.192243" />
			<actual x="-609.228800" y="244.182523" />
		</GridEntry>
		<GridEntry Row="6" Column="12">
			<target x="-609.228734" y="284.192242" />
			<actual x="-609.237772" y="284.183871" />
		</GridEntry>
		<GridEntry Row="6" Column="13">
			<target x="-609.237075" y="324.192241" />
			<actual x="-609.247057" y="324.180930" />
		</GridEntry>
		<GridEntry Row="7" Column="0">
			<target x="-649.128640" y="-195.814089" />
			<actual x="-649.113354" y="-195.789775" />
		</GridEntry>
		<GridEntry Row="7" Column="1">
			<target x="-649.135981" y="-155.814089" />
			<actual x="-649.122005" y="-155.790837" />
		</GridEntry>
		<GridEntry Row="7" Column="2">
			<target x="-649.144322" y="-115.814090" />
			<actual x="-649.132563" y="-115.790312" />
		</GridEntry>
		<GridEntry Row="7" Column="3">
			<target x="-649.152663" y="-75.815091" />
			<actual x="-649.142732" y="-75.792218" />
		</GridEntry>
		<GridEntry Row="7" Column="4">
			<target x="-649.161004" y="-35.815092" />
			<actual x="-649.151973" y="-35.792062" />
		</GridEntry>
		<GridEntry Row="7" Column="5">
			<target x="-649.169345" y="4.184907" />
			<actual x="-649.161544" y="4.200981" />
		</GridEntry>
		<GridEntry Row="7" Column="6">
			<target x="-649.177686" y="44.184906" />
			<actual x="-649.171416" y="44.200484" />
		</GridEntry>
		<GridEntry Row="7" Column="7">
			<target x="-649.186027" y="84.183906" />
			<actual x="-649.182830" y="84.195713" />
		</GridEntry>
		<GridEntry Row="7" Column="8">
			<target x="-649.194368" y="124.183905" />
			<actual x="-649.193424" y="124.193906" />
		</GridEntry>
		<GridEntry Row="7" Column="9">
			<target x="-649.202709" y="164.183904" />
			<actual x="-649.204326" y="164.185280" />
		</GridEntry>
		<GridEntry Row="7" Column="10">
			<target x="-649.211051" y="204.183903" />
			<actual x="-649.215641" y="204.181993" />
		</GridEntry>
		<GridEntry Row="7" Column="11">
			<target x="-649.219392" y="244.183902" />
			<actual x="-649.226237" y="244.177808" />
		</GridEntry>
		<GridEntry Row="7" Column="12">
			<target x="-649.227733" y="284.183901" />
			<actual x="-649.235389" y="284.179763" />
		</GridEntry>
		<GridEntry Row="7" Column="13">
			<target x="-649.236074" y="324.183900" />
			<actual x="-649.245570" y="324.174969" />
		</GridEntry>
		<GridEntry Row="8" Column="0">
			<target x="-689.127639" y="-195.822429" />
			<actual x="-689.115979" y="-195.795892" />
		</GridEntry>
		<GridEntry Row="8" Column="1">
			<target x="-689.134980" y="-155.823430" />
			<actual x="-689.124397" y="-155.796260" />
		</GridEntry>
		<GridEntry Row="8" Column="2">
			<target x="-689.143321" y="-115.823431" />
			<actual x="-689.134293" y="-115.797793" />
		</GridEntry>
		<GridEntry Row="8" Column="3">
			<target x="-689.150662" y="-75.823432" />
			<actual x="-689.144319" y="-75.799208" />
		</GridEntry>
		<GridEntry Row="8" Column="4">
			<target x="-689.159003" y="-35.823433" />
			<actual x="-689.152506" y="-35.798534" />
		</GridEntry>
		<GridEntry Row="8" Column="5">
			<target x="-689.167344" y="4.175567" />
			<actual x="-689.162787" y="4.195691" />
		</GridEntry>
		<GridEntry Row="8" Column="6">
			<target x="-689.176685" y="44.175566" />
			<actual x="-689.172470" y="44.194037" />
		</GridEntry>
		<GridEntry Row="8" Column="7">
			<target x="-689.185026" y="84.175565" />
			<actual x="-689.184338" y="84.186585" />
		</GridEntry>
		<GridEntry Row="8" Column="8">
			<target x="-689.194367" y="124.175564" />
			<actual x="-689.195099" y="124.185211" />
		</GridEntry>
		<GridEntry Row="8" Column="9">
			<target x="-689.202709" y="164.175563" />
			<actual x="-689.205961" y="164.177700" />
		</GridEntry>
		<GridEntry Row="8" Column="10">
			<target x="-689.210050" y="204.175562" />
			<actual x="-689.216881" y="204.175022" />
		</GridEntry>
		<GridEntry Row="8" Column="11">
			<target x="-689.218391" y="244.175561" />
			<actual x="-689.228094" y="244.169854" />
		</GridEntry>
		<GridEntry Row="8" Column="12">
			<target x="-689.227732" y="284.175560" />
			<actual x="-689.236692" y="284.171832" />
		</GridEntry>
		<GridEntry Row="8" Column="13">
			<target x="-689.235073" y="324.174559" />
			<actual x="-689.247735" y="324.170511" />
		</GridEntry>
		<GridEntry Row="9" Column="0">
			<target x="-729.127638" y="-195.831771" />
			<actual x="-729.117678" y="-195.801068" />
		</GridEntry>
		<GridEntry Row="9" Column="1">
			<target x="-729.134979" y="-155.831771" />
			<actual x="-729.125995" y="-155.803877" />
		</GridEntry>
		<GridEntry Row="9" Column="2">
			<target x="-729.143320" y="-115.831772" />
			<actual x="-729.135906" y="-115.802978" />
		</GridEntry>
		<GridEntry Row="9" Column="3">
			<target x="-729.150661" y="-75.831773" />
			<actual x="-729.145598" y="-75.804889" />
		</GridEntry>
		<GridEntry Row="9" Column="4">
			<target x="-729.159002" y="-35.832774" />
			<actual x="-729.153996" y="-35.803201" />
		</GridEntry>
		<GridEntry Row="9" Column="5">
			<target x="-729.167343" y="4.167225" />
			<actual x="-729.164171" y="4.188912" />
		</GridEntry>
		<GridEntry Row="9" Column="6">
			<target x="-729.176684" y="44.167224" />
			<actual x="-729.173626" y="44.188883" />
		</GridEntry>
		<GridEntry Row="9" Column="7">
			<target x="-729.185025" y="84.167224" />
			<actual x="-729.185533" y="84.183405" />
		</GridEntry>
		<GridEntry Row="9" Column="8">
			<target x="-729.193367" y="124.167223" />
			<actual x="-729.195349" y="124.181618" />
		</GridEntry>
		<GridEntry Row="9" Column="9">
			<target x="-729.201708" y="164.167222" />
			<actual x="-729.206246" y="164.172720" />
		</GridEntry>
		<GridEntry Row="9" Column="10">
			<target x="-729.210049" y="204.167221" />
			<actual x="-729.217313" y="204.169851" />
		</GridEntry>
		<GridEntry Row="9" Column="11">
			<target x="-729.218390" y="244.166220" />
			<actual x="-729.228970" y="244.164435" />
		</GridEntry>
		<GridEntry Row="9" Column="12">
			<target x="-729.227731" y="284.166219" />
			<actual x="-729.237897" y="284.166839" />
		</GridEntry>
		<GridEntry Row="9" Column="13">
			<target x="-729.235072" y="324.166218" />
			<actual x="-729.248181" y="324.163999" />
		</GridEntry>
	</Grid>
</MappingContent>
