<?xml version="1.0" encoding="UTF-8" standalone="yes"?>
<MappingContent version="1">
	<GeneralData MachineIdAndFrameSerialNumber="00011311-H007" MachineType="X4i S" SwVersion="708.1.0.88" />
	<Grid Name="MappingGrid_1" KindOfMapping="eDEFAULT_MAPPING" NrOfRows="10" NrOfColumns="14" MeshWidthX="40.000000" MeshWidthY="40.000000" Resolution="eSTANDARD_RESOLUTION" MappingMode="eDEFAULT_MODE" ContextPlainText="eHEADMAPPING" Context="2" DeviceID="Default#0000000000000000000000">
		<CalibrationDate counter="130773544188530000" date_time="2015-May-29 08:26:58" />
		<GridEntry Row="0" Column="0">
			<target x="688.914105" y="-323.114850" />
			<actual x="688.895143" y="-323.080806" />
		</GridEntry>
		<GridEntry Row="0" Column="1">
			<target x="688.903835" y="-283.119589" />
			<actual x="688.884966" y="-283.083185" />
		</GridEntry>
		<GridEntry Row="0" Column="2">
			<target x="688.893080" y="-243.119440" />
			<actual x="688.876213" y="-243.084685" />
		</GridEntry>
		<GridEntry Row="0" Column="3">
			<target x="688.880195" y="-203.116282" />
			<actual x="688.863174" y="-203.083021" />
		</GridEntry>
		<GridEntry Row="0" Column="4">
			<target x="688.866979" y="-163.108783" />
			<actual x="688.857296" y="-163.086392" />
		</GridEntry>
		<GridEntry Row="0" Column="5">
			<target x="688.855144" y="-123.103149" />
			<actual x="688.848193" y="-123.086223" />
		</GridEntry>
		<GridEntry Row="0" Column="6">
			<target x="688.847829" y="-83.103789" />
			<actual x="688.839170" y="-83.085509" />
		</GridEntry>
		<GridEntry Row="0" Column="7">
			<target x="688.837712" y="-43.098551" />
			<actual x="688.831557" y="-43.085151" />
		</GridEntry>
		<GridEntry Row="0" Column="8">
			<target x="688.826942" y="-3.097721" />
			<actual x="688.821550" y="-3.085207" />
		</GridEntry>
		<GridEntry Row="0" Column="9">
			<target x="688.820143" y="36.898344" />
			<actual x="688.813718" y="36.914937" />
		</GridEntry>
		<GridEntry Row="0" Column="10">
			<target x="688.811799" y="76.895263" />
			<actual x="688.804135" y="76.913683" />
		</GridEntry>
		<GridEntry Row="0" Column="11">
			<target x="688.799398" y="116.898610" />
			<actual x="688.795158" y="116.913132" />
		</GridEntry>
		<GridEntry Row="0" Column="12">
			<target x="688.791524" y="156.897265" />
			<actual x="688.787203" y="156.911981" />
		</GridEntry>
		<GridEntry Row="0" Column="13">
			<target x="688.780274" y="196.901282" />
			<actual x="688.777997" y="196.910509" />
		</GridEntry>
		<GridEntry Row="1" Column="0">
			<target x="648.909181" y="-323.122171" />
			<actual x="648.895684" y="-323.090730" />
		</GridEntry>
		<GridEntry Row="1" Column="1">
			<target x="648.896965" y="-283.124370" />
			<actual x="648.884568" y="-283.091482" />
		</GridEntry>
		<GridEntry Row="1" Column="2">
			<target x="648.887240" y="-243.123068" />
			<actual x="648.875172" y="-243.091856" />
		</GridEntry>
		<GridEntry Row="1" Column="3">
			<target x="648.876388" y="-203.122183" />
			<actual x="648.864949" y="-203.091437" />
		</GridEntry>
		<GridEntry Row="1" Column="4">
			<target x="648.861696" y="-163.113510" />
			<actual x="648.857143" y="-163.093454" />
		</GridEntry>
		<GridEntry Row="1" Column="5">
			<target x="648.849740" y="-123.108706" />
			<actual x="648.847811" y="-123.093170" />
		</GridEntry>
		<GridEntry Row="1" Column="6">
			<target x="648.842060" y="-83.109708" />
			<actual x="648.839448" y="-83.095100" />
		</GridEntry>
		<GridEntry Row="1" Column="7">
			<target x="648.831751" y="-43.105698" />
			<actual x="648.831114" y="-43.095614" />
		</GridEntry>
		<GridEntry Row="1" Column="8">
			<target x="648.821907" y="-3.103898" />
			<actual x="648.819066" y="-3.092882" />
		</GridEntry>
		<GridEntry Row="1" Column="9">
			<target x="648.812943" y="36.890295" />
			<actual x="648.812279" y="36.905088" />
		</GridEntry>
		<GridEntry Row="1" Column="10">
			<target x="648.805300" y="76.889907" />
			<actual x="648.803929" y="76.904445" />
		</GridEntry>
		<GridEntry Row="1" Column="11">
			<target x="648.792723" y="116.894137" />
			<actual x="648.794312" y="116.904403" />
		</GridEntry>
		<GridEntry Row="1" Column="12">
			<target x="648.784077" y="156.890834" />
			<actual x="648.785652" y="156.902356" />
		</GridEntry>
		<GridEntry Row="1" Column="13">
			<target x="648.773376" y="196.895589" />
			<actual x="648.776573" y="196.901441" />
		</GridEntry>
		<GridEntry Row="2" Column="0">
			<target x="608.910056" y="-323.129114" />
			<actual x="608.895100" y="-323.100755" />
		</GridEntry>
		<GridEntry Row="2" Column="1">
			<target x="608.899642" y="-283.130003" />
			<actual x="608.886979" y="-283.101154" />
		</GridEntry>
		<GridEntry Row="2" Column="2">
			<target x="608.889455" y="-243.128384" />
			<actual x="608.873695" y="-243.099159" />
		</GridEntry>
		<GridEntry Row="2" Column="3">
			<target x="608.878231" y="-203.127861" />
			<actual x="608.865711" y="-203.102008" />
		</GridEntry>
		<GridEntry Row="2" Column="4">
			<target x="608.863987" y="-163.119391" />
			<actual x="608.858061" y="-163.103569" />
		</GridEntry>
		<GridEntry Row="2" Column="5">
			<target x="608.851538" y="-123.114828" />
			<actual x="608.848983" y="-123.103787" />
		</GridEntry>
		<GridEntry Row="2" Column="6">
			<target x="608.843844" y="-83.115378" />
			<actual x="608.840539" y="-83.104207" />
		</GridEntry>
		<GridEntry Row="2" Column="7">
			<target x="608.832607" y="-43.112122" />
			<actual x="608.831891" y="-43.105230" />
		</GridEntry>
		<GridEntry Row="2" Column="8">
			<target x="608.827312" y="-3.111345" />
			<actual x="608.823243" y="-3.103838" />
		</GridEntry>
		<GridEntry Row="2" Column="9">
			<target x="608.815580" y="36.885026" />
			<actual x="608.813184" y="36.896033" />
		</GridEntry>
		<GridEntry Row="2" Column="10">
			<target x="608.806706" y="76.883391" />
			<actual x="608.803257" y="76.895524" />
		</GridEntry>
		<GridEntry Row="2" Column="11">
			<target x="608.794417" y="116.886234" />
			<actual x="608.794879" y="116.892559" />
		</GridEntry>
		<GridEntry Row="2" Column="12">
			<target x="608.785074" y="156.886187" />
			<actual x="608.786415" y="156.892396" />
		</GridEntry>
		<GridEntry Row="2" Column="13">
			<target x="608.776235" y="196.890837" />
			<actual x="608.779387" y="196.892072" />
		</GridEntry>
		<GridEntry Row="3" Column="0">
			<target x="568.914667" y="-323.136624" />
			<actual x="568.896296" y="-323.109526" />
		</GridEntry>
		<GridEntry Row="3" Column="1">
			<target x="568.904409" y="-283.136184" />
			<actual x="568.887783" y="-283.109106" />
		</GridEntry>
		<GridEntry Row="3" Column="2">
			<target x="568.894718" y="-243.136067" />
			<actual x="568.880173" y="-243.109653" />
		</GridEntry>
		<GridEntry Row="3" Column="3">
			<target x="568.883555" y="-203.136042" />
			<actual x="568.867879" y="-203.111236" />
		</GridEntry>
		<GridEntry Row="3" Column="4">
			<target x="568.868778" y="-163.127800" />
			<actual x="568.859668" y="-163.112897" />
		</GridEntry>
		<GridEntry Row="3" Column="5">
			<target x="568.857471" y="-123.123981" />
			<actual x="568.851058" y="-123.112783" />
		</GridEntry>
		<GridEntry Row="3" Column="6">
			<target x="568.849183" y="-83.123867" />
			<actual x="568.842343" y="-83.112295" />
		</GridEntry>
		<GridEntry Row="3" Column="7">
			<target x="568.837448" y="-43.119209" />
			<actual x="568.832800" y="-43.114389" />
		</GridEntry>
		<GridEntry Row="3" Column="8">
			<target x="568.830557" y="-3.119933" />
			<actual x="568.826034" y="-3.114796" />
		</GridEntry>
		<GridEntry Row="3" Column="9">
			<target x="568.820421" y="36.875980" />
			<actual x="568.814208" y="36.884445" />
		</GridEntry>
		<GridEntry Row="3" Column="10">
			<target x="568.813945" y="76.874669" />
			<actual x="568.807067" y="76.884059" />
		</GridEntry>
		<GridEntry Row="3" Column="11">
			<target x="568.799279" y="116.879595" />
			<actual x="568.796020" y="116.884834" />
		</GridEntry>
		<GridEntry Row="3" Column="12">
			<target x="568.790052" y="156.878925" />
			<actual x="568.787677" y="156.883736" />
		</GridEntry>
		<GridEntry Row="3" Column="13">
			<target x="568.779050" y="196.883350" />
			<actual x="568.779637" y="196.883498" />
		</GridEntry>
		<GridEntry Row="4" Column="0">
			<target x="528.913597" y="-323.138806" />
			<actual x="528.896577" y="-323.116779" />
		</GridEntry>
		<GridEntry Row="4" Column="1">
			<target x="528.903663" y="-283.139658" />
			<actual x="528.888868" y="-283.118227" />
		</GridEntry>
		<GridEntry Row="4" Column="2">
			<target x="528.893226" y="-243.139482" />
			<actual x="528.878899" y="-243.119036" />
		</GridEntry>
		<GridEntry Row="4" Column="3">
			<target x="528.882078" y="-203.137594" />
			<actual x="528.871023" y="-203.119933" />
		</GridEntry>
		<GridEntry Row="4" Column="4">
			<target x="528.868745" y="-163.128690" />
			<actual x="528.861423" y="-163.119536" />
		</GridEntry>
		<GridEntry Row="4" Column="5">
			<target x="528.859006" y="-123.125466" />
			<actual x="528.852787" y="-123.120460" />
		</GridEntry>
		<GridEntry Row="4" Column="6">
			<target x="528.850299" y="-83.126843" />
			<actual x="528.843757" y="-83.122036" />
		</GridEntry>
		<GridEntry Row="4" Column="7">
			<target x="528.838108" y="-43.120889" />
			<actual x="528.834972" y="-43.120776" />
		</GridEntry>
		<GridEntry Row="4" Column="8">
			<target x="528.829296" y="-3.120490" />
			<actual x="528.826278" y="-3.121233" />
		</GridEntry>
		<GridEntry Row="4" Column="9">
			<target x="528.821309" y="36.874703" />
			<actual x="528.816234" y="36.878521" />
		</GridEntry>
		<GridEntry Row="4" Column="10">
			<target x="528.813955" y="76.873260" />
			<actual x="528.807821" y="76.877543" />
		</GridEntry>
		<GridEntry Row="4" Column="11">
			<target x="528.800850" y="116.876840" />
			<actual x="528.798942" y="116.875860" />
		</GridEntry>
		<GridEntry Row="4" Column="12">
			<target x="528.789698" y="156.876330" />
			<actual x="528.788369" y="156.874889" />
		</GridEntry>
		<GridEntry Row="4" Column="13">
			<target x="528.779033" y="196.881208" />
			<actual x="528.780176" y="196.875822" />
		</GridEntry>
		<GridEntry Row="5" Column="0">
			<target x="488.916929" y="-323.146497" />
			<actual x="488.899852" y="-323.126383" />
		</GridEntry>
		<GridEntry Row="5" Column="1">
			<target x="488.905340" y="-283.146298" />
			<actual x="488.891215" y="-283.126827" />
		</GridEntry>
		<GridEntry Row="5" Column="2">
			<target x="488.895513" y="-243.146210" />
			<actual x="488.880434" y="-243.128882" />
		</GridEntry>
		<GridEntry Row="5" Column="3">
			<target x="488.882821" y="-203.142774" />
			<actual x="488.871769" y="-203.128601" />
		</GridEntry>
		<GridEntry Row="5" Column="4">
			<target x="488.871012" y="-163.135181" />
			<actual x="488.863138" y="-163.129768" />
		</GridEntry>
		<GridEntry Row="5" Column="5">
			<target x="488.861620" y="-123.133104" />
			<actual x="488.854887" y="-123.130423" />
		</GridEntry>
		<GridEntry Row="5" Column="6">
			<target x="488.853251" y="-83.132466" />
			<actual x="488.846757" y="-83.130192" />
		</GridEntry>
		<GridEntry Row="5" Column="7">
			<target x="488.840690" y="-43.129209" />
			<actual x="488.835705" y="-43.131944" />
		</GridEntry>
		<GridEntry Row="5" Column="8">
			<target x="488.831674" y="-3.127862" />
			<actual x="488.828531" y="-3.132161" />
		</GridEntry>
		<GridEntry Row="5" Column="9">
			<target x="488.823276" y="36.867272" />
			<actual x="488.817834" y="36.866300" />
		</GridEntry>
		<GridEntry Row="5" Column="10">
			<target x="488.815028" y="76.866213" />
			<actual x="488.809485" y="76.865983" />
		</GridEntry>
		<GridEntry Row="5" Column="11">
			<target x="488.802211" y="116.871453" />
			<actual x="488.799843" y="116.867251" />
		</GridEntry>
		<GridEntry Row="5" Column="12">
			<target x="488.793451" y="156.870241" />
			<actual x="488.791550" y="156.865383" />
		</GridEntry>
		<GridEntry Row="5" Column="13">
			<target x="488.781959" y="196.875453" />
			<actual x="488.782299" y="196.864913" />
		</GridEntry>
		<GridEntry Row="6" Column="0">
			<target x="448.915210" y="-323.155987" />
			<actual x="448.900018" y="-323.134902" />
		</GridEntry>
		<GridEntry Row="6" Column="1">
			<target x="448.903939" y="-283.155755" />
			<actual x="448.891171" y="-283.135977" />
		</GridEntry>
		<GridEntry Row="6" Column="2">
			<target x="448.893885" y="-243.155012" />
			<actual x="448.881075" y="-243.137276" />
		</GridEntry>
		<GridEntry Row="6" Column="3">
			<target x="448.880072" y="-203.151344" />
			<actual x="448.871642" y="-203.136339" />
		</GridEntry>
		<GridEntry Row="6" Column="4">
			<target x="448.868639" y="-163.145337" />
			<actual x="448.862887" y="-163.138649" />
		</GridEntry>
		<GridEntry Row="6" Column="5">
			<target x="448.858413" y="-123.143827" />
			<actual x="448.855003" y="-123.139960" />
		</GridEntry>
		<GridEntry Row="6" Column="6">
			<target x="448.849450" y="-83.143489" />
			<actual x="448.845911" y="-83.141329" />
		</GridEntry>
		<GridEntry Row="6" Column="7">
			<target x="448.838639" y="-43.138541" />
			<actual x="448.836541" y="-43.140294" />
		</GridEntry>
		<GridEntry Row="6" Column="8">
			<target x="448.828390" y="-3.138144" />
			<actual x="448.827914" y="-3.140232" />
		</GridEntry>
		<GridEntry Row="6" Column="9">
			<target x="448.820052" y="36.858830" />
			<actual x="448.818068" y="36.857939" />
		</GridEntry>
		<GridEntry Row="6" Column="10">
			<target x="448.811303" y="76.858081" />
			<actual x="448.808770" y="76.858115" />
		</GridEntry>
		<GridEntry Row="6" Column="11">
			<target x="448.798961" y="116.860947" />
			<actual x="448.799649" y="116.857744" />
		</GridEntry>
		<GridEntry Row="6" Column="12">
			<target x="448.790157" y="156.861698" />
			<actual x="448.790427" y="156.857523" />
		</GridEntry>
		<GridEntry Row="6" Column="13">
			<target x="448.778774" y="196.865554" />
			<actual x="448.781658" y="196.855895" />
		</GridEntry>
		<GridEntry Row="7" Column="0">
			<target x="408.912400" y="-323.160941" />
			<actual x="408.902542" y="-323.146378" />
		</GridEntry>
		<GridEntry Row="7" Column="1">
			<target x="408.899941" y="-283.157459" />
			<actual x="408.891975" y="-283.142818" />
		</GridEntry>
		<GridEntry Row="7" Column="2">
			<target x="408.889879" y="-243.157615" />
			<actual x="408.882548" y="-243.144605" />
		</GridEntry>
		<GridEntry Row="7" Column="3">
			<target x="408.877105" y="-203.155017" />
			<actual x="408.873341" y="-203.145833" />
		</GridEntry>
		<GridEntry Row="7" Column="4">
			<target x="408.864094" y="-163.147965" />
			<actual x="408.863925" y="-163.145781" />
		</GridEntry>
		<GridEntry Row="7" Column="5">
			<target x="408.854178" y="-123.146424" />
			<actual x="408.855757" y="-123.150309" />
		</GridEntry>
		<GridEntry Row="7" Column="6">
			<target x="408.845551" y="-83.146353" />
			<actual x="408.847273" y="-83.149097" />
		</GridEntry>
		<GridEntry Row="7" Column="7">
			<target x="408.836401" y="-43.141228" />
			<actual x="408.839184" y="-43.147730" />
		</GridEntry>
		<GridEntry Row="7" Column="8">
			<target x="408.825665" y="-3.140103" />
			<actual x="408.829920" y="-3.148375" />
		</GridEntry>
		<GridEntry Row="7" Column="9">
			<target x="408.816687" y="36.858323" />
			<actual x="408.819235" y="36.852262" />
		</GridEntry>
		<GridEntry Row="7" Column="10">
			<target x="408.809471" y="76.855351" />
			<actual x="408.811977" y="76.849974" />
		</GridEntry>
		<GridEntry Row="7" Column="11">
			<target x="408.794983" y="116.859224" />
			<actual x="408.800746" y="116.849831" />
		</GridEntry>
		<GridEntry Row="7" Column="12">
			<target x="408.787094" y="156.859580" />
			<actual x="408.792354" y="156.848725" />
		</GridEntry>
		<GridEntry Row="7" Column="13">
			<target x="408.775949" y="196.862612" />
			<actual x="408.784503" y="196.848720" />
		</GridEntry>
		<GridEntry Row="8" Column="0">
			<target x="368.910180" y="-323.166538" />
			<actual x="368.902510" y="-323.152876" />
		</GridEntry>
		<GridEntry Row="8" Column="1">
			<target x="368.899568" y="-283.167590" />
			<actual x="368.893789" y="-283.155159" />
		</GridEntry>
		<GridEntry Row="8" Column="2">
			<target x="368.890853" y="-243.165512" />
			<actual x="368.885157" y="-243.154370" />
		</GridEntry>
		<GridEntry Row="8" Column="3">
			<target x="368.878038" y="-203.163205" />
			<actual x="368.876039" y="-203.155568" />
		</GridEntry>
		<GridEntry Row="8" Column="4">
			<target x="368.866190" y="-163.156971" />
			<actual x="368.866511" y="-163.156927" />
		</GridEntry>
		<GridEntry Row="8" Column="5">
			<target x="368.855637" y="-123.152771" />
			<actual x="368.860558" y="-123.155386" />
		</GridEntry>
		<GridEntry Row="8" Column="6">
			<target x="368.846405" y="-83.153113" />
			<actual x="368.850077" y="-83.156853" />
		</GridEntry>
		<GridEntry Row="8" Column="7">
			<target x="368.836412" y="-43.150786" />
			<actual x="368.841309" y="-43.157966" />
		</GridEntry>
		<GridEntry Row="8" Column="8">
			<target x="368.826142" y="-3.149276" />
			<actual x="368.832450" y="-3.160513" />
		</GridEntry>
		<GridEntry Row="8" Column="9">
			<target x="368.818344" y="36.849270" />
			<actual x="368.823443" y="36.841237" />
		</GridEntry>
		<GridEntry Row="8" Column="10">
			<target x="368.809332" y="76.847908" />
			<actual x="368.813751" y="76.839945" />
		</GridEntry>
		<GridEntry Row="8" Column="11">
			<target x="368.795531" y="116.851108" />
			<actual x="368.803415" y="116.839343" />
		</GridEntry>
		<GridEntry Row="8" Column="12">
			<target x="368.786836" y="156.852038" />
			<actual x="368.794098" y="156.839642" />
		</GridEntry>
		<GridEntry Row="8" Column="13">
			<target x="368.777030" y="196.855138" />
			<actual x="368.787184" y="196.837086" />
		</GridEntry>
		<GridEntry Row="9" Column="0">
			<target x="328.902897" y="-323.176206" />
			<actual x="328.901731" y="-323.160836" />
		</GridEntry>
		<GridEntry Row="9" Column="1">
			<target x="328.892014" y="-283.177378" />
			<actual x="328.892066" y="-283.163912" />
		</GridEntry>
		<GridEntry Row="9" Column="2">
			<target x="328.884474" y="-243.175347" />
			<actual x="328.885309" y="-243.164654" />
		</GridEntry>
		<GridEntry Row="9" Column="3">
			<target x="328.871541" y="-203.171901" />
			<actual x="328.875079" y="-203.164317" />
		</GridEntry>
		<GridEntry Row="9" Column="4">
			<target x="328.860620" y="-163.167045" />
			<actual x="328.866772" y="-163.165465" />
		</GridEntry>
		<GridEntry Row="9" Column="5">
			<target x="328.848349" y="-123.163711" />
			<actual x="328.857284" y="-123.165048" />
		</GridEntry>
		<GridEntry Row="9" Column="6">
			<target x="328.839778" y="-83.163423" />
			<actual x="328.848992" y="-83.166439" />
		</GridEntry>
		<GridEntry Row="9" Column="7">
			<target x="328.829423" y="-43.160474" />
			<actual x="328.839827" y="-43.166593" />
		</GridEntry>
		<GridEntry Row="9" Column="8">
			<target x="328.821570" y="-3.155644" />
			<actual x="328.833387" y="-3.164518" />
		</GridEntry>
		<GridEntry Row="9" Column="9">
			<target x="328.810617" y="36.840253" />
			<actual x="328.820135" y="36.833238" />
		</GridEntry>
		<GridEntry Row="9" Column="10">
			<target x="328.802199" y="76.840403" />
			<actual x="328.811856" y="76.832263" />
		</GridEntry>
		<GridEntry Row="9" Column="11">
			<target x="328.789367" y="116.842550" />
			<actual x="328.803011" y="116.831359" />
		</GridEntry>
		<GridEntry Row="9" Column="12">
			<target x="328.779849" y="156.843535" />
			<actual x="328.793620" y="156.831161" />
		</GridEntry>
		<GridEntry Row="9" Column="13">
			<target x="328.768291" y="196.848468" />
			<actual x="328.784624" y="196.832504" />
		</GridEntry>
	</Grid>
	<Grid Name="MappingGrid_2" KindOfMapping="eDEFAULT_MAPPING" NrOfRows="10" NrOfColumns="14" MeshWidthX="40.000000" MeshWidthY="40.000000" Resolution="eSTANDARD_RESOLUTION" MappingMode="eDEFAULT_MODE" ContextPlainText="eHEADMAPPING" Context="2" DeviceID="Default#0000000000000000000000">
		<CalibrationDate counter="130773567162650000" date_time="2015-May-29 09:05:16" />
		<GridEntry Row="0" Column="0">
			<target x="688.598369" y="-196.210549" />
			<actual x="688.582025" y="-196.175192" />
		</GridEntry>
		<GridEntry Row="0" Column="1">
			<target x="688.583567" y="-156.206657" />
			<actual x="688.573463" y="-156.177553" />
		</GridEntry>
		<GridEntry Row="0" Column="2">
			<target x="688.571659" y="-116.199913" />
			<actual x="688.564149" y="-116.177415" />
		</GridEntry>
		<GridEntry Row="0" Column="3">
			<target x="688.559199" y="-76.197884" />
			<actual x="688.549956" y="-76.174994" />
		</GridEntry>
		<GridEntry Row="0" Column="4">
			<target x="688.548020" y="-36.197677" />
			<actual x="688.542274" y="-36.177004" />
		</GridEntry>
		<GridEntry Row="0" Column="5">
			<target x="688.536003" y="3.806497" />
			<actual x="688.532918" y="3.823974" />
		</GridEntry>
		<GridEntry Row="0" Column="6">
			<target x="688.529944" y="43.795539" />
			<actual x="688.522660" y="43.823800" />
		</GridEntry>
		<GridEntry Row="0" Column="7">
			<target x="688.519776" y="83.796422" />
			<actual x="688.513642" y="83.821511" />
		</GridEntry>
		<GridEntry Row="0" Column="8">
			<target x="688.508757" y="123.802130" />
			<actual x="688.503591" y="123.823266" />
		</GridEntry>
		<GridEntry Row="0" Column="9">
			<target x="688.499026" y="163.800069" />
			<actual x="688.492935" y="163.823375" />
		</GridEntry>
		<GridEntry Row="0" Column="10">
			<target x="688.488571" y="203.801976" />
			<actual x="688.483873" y="203.821286" />
		</GridEntry>
		<GridEntry Row="0" Column="11">
			<target x="688.470999" y="243.816764" />
			<actual x="688.474934" y="243.821001" />
		</GridEntry>
		<GridEntry Row="0" Column="12">
			<target x="688.460973" y="283.815186" />
			<actual x="688.463599" y="283.821631" />
		</GridEntry>
		<GridEntry Row="0" Column="13">
			<target x="688.449524" y="323.818096" />
			<actual x="688.455048" y="323.821561" />
		</GridEntry>
		<GridEntry Row="1" Column="0">
			<target x="648.594149" y="-196.215594" />
			<actual x="648.584289" y="-196.183645" />
		</GridEntry>
		<GridEntry Row="1" Column="1">
			<target x="648.578275" y="-156.209568" />
			<actual x="648.572067" y="-156.184450" />
		</GridEntry>
		<GridEntry Row="1" Column="2">
			<target x="648.564752" y="-116.205204" />
			<actual x="648.561593" y="-116.186177" />
		</GridEntry>
		<GridEntry Row="1" Column="3">
			<target x="648.555286" y="-76.205233" />
			<actual x="648.550184" y="-76.184893" />
		</GridEntry>
		<GridEntry Row="1" Column="4">
			<target x="648.542198" y="-36.204147" />
			<actual x="648.538646" y="-36.185049" />
		</GridEntry>
		<GridEntry Row="1" Column="5">
			<target x="648.530060" y="3.799958" />
			<actual x="648.529353" y="3.815104" />
		</GridEntry>
		<GridEntry Row="1" Column="6">
			<target x="648.525252" y="43.788880" />
			<actual x="648.522789" y="43.812715" />
		</GridEntry>
		<GridEntry Row="1" Column="7">
			<target x="648.515296" y="83.792713" />
			<actual x="648.514029" y="83.814105" />
		</GridEntry>
		<GridEntry Row="1" Column="8">
			<target x="648.502845" y="123.796962" />
			<actual x="648.503779" y="123.814095" />
		</GridEntry>
		<GridEntry Row="1" Column="9">
			<target x="648.494749" y="163.792631" />
			<actual x="648.493382" y="163.811861" />
		</GridEntry>
		<GridEntry Row="1" Column="10">
			<target x="648.482177" y="203.799785" />
			<actual x="648.482542" y="203.813778" />
		</GridEntry>
		<GridEntry Row="1" Column="11">
			<target x="648.464703" y="243.810093" />
			<actual x="648.473435" y="243.811487" />
		</GridEntry>
		<GridEntry Row="1" Column="12">
			<target x="648.456319" y="283.808112" />
			<actual x="648.463156" y="283.811833" />
		</GridEntry>
		<GridEntry Row="1" Column="13">
			<target x="648.443594" y="323.811281" />
			<actual x="648.452959" y="323.811035" />
		</GridEntry>
		<GridEntry Row="2" Column="0">
			<target x="608.594185" y="-196.221426" />
			<actual x="608.583361" y="-196.195250" />
		</GridEntry>
		<GridEntry Row="2" Column="1">
			<target x="608.582408" y="-156.217054" />
			<actual x="608.574194" y="-156.195079" />
		</GridEntry>
		<GridEntry Row="2" Column="2">
			<target x="608.568784" y="-116.211344" />
			<actual x="608.561555" y="-116.193546" />
		</GridEntry>
		<GridEntry Row="2" Column="3">
			<target x="608.558357" y="-76.212179" />
			<actual x="608.551658" y="-76.195708" />
		</GridEntry>
		<GridEntry Row="2" Column="4">
			<target x="608.548141" y="-36.211320" />
			<actual x="608.542173" y="-36.195444" />
		</GridEntry>
		<GridEntry Row="2" Column="5">
			<target x="608.534852" y="3.791830" />
			<actual x="608.531847" y="3.804141" />
		</GridEntry>
		<GridEntry Row="2" Column="6">
			<target x="608.529104" y="43.783110" />
			<actual x="608.523884" y="43.803172" />
		</GridEntry>
		<GridEntry Row="2" Column="7">
			<target x="608.518540" y="83.784535" />
			<actual x="608.514880" y="83.801888" />
		</GridEntry>
		<GridEntry Row="2" Column="8">
			<target x="608.507394" y="123.787745" />
			<actual x="608.503163" y="123.802665" />
		</GridEntry>
		<GridEntry Row="2" Column="9">
			<target x="608.497350" y="163.785756" />
			<actual x="608.494784" y="163.801964" />
		</GridEntry>
		<GridEntry Row="2" Column="10">
			<target x="608.486182" y="203.789141" />
			<actual x="608.484034" y="203.799803" />
		</GridEntry>
		<GridEntry Row="2" Column="11">
			<target x="608.468626" y="243.801107" />
			<actual x="608.474744" y="243.799127" />
		</GridEntry>
		<GridEntry Row="2" Column="12">
			<target x="608.459583" y="283.800586" />
			<actual x="608.463526" y="283.800935" />
		</GridEntry>
		<GridEntry Row="2" Column="13">
			<target x="608.447971" y="323.802567" />
			<actual x="608.455584" y="323.798888" />
		</GridEntry>
		<GridEntry Row="3" Column="0">
			<target x="568.599560" y="-196.229361" />
			<actual x="568.584285" y="-196.205200" />
		</GridEntry>
		<GridEntry Row="3" Column="1">
			<target x="568.587239" y="-156.225832" />
			<actual x="568.574511" y="-156.205637" />
		</GridEntry>
		<GridEntry Row="3" Column="2">
			<target x="568.576117" y="-116.220920" />
			<actual x="568.564351" y="-116.205114" />
		</GridEntry>
		<GridEntry Row="3" Column="3">
			<target x="568.564841" y="-76.221312" />
			<actual x="568.553824" y="-76.205449" />
		</GridEntry>
		<GridEntry Row="3" Column="4">
			<target x="568.554264" y="-36.220878" />
			<actual x="568.543724" y="-36.205794" />
		</GridEntry>
		<GridEntry Row="3" Column="5">
			<target x="568.541010" y="3.781848" />
			<actual x="568.536143" y="3.792537" />
		</GridEntry>
		<GridEntry Row="3" Column="6">
			<target x="568.535242" y="43.776153" />
			<actual x="568.522809" y="43.795048" />
		</GridEntry>
		<GridEntry Row="3" Column="7">
			<target x="568.524190" y="83.775999" />
			<actual x="568.515294" y="83.792056" />
		</GridEntry>
		<GridEntry Row="3" Column="8">
			<target x="568.513557" y="123.779197" />
			<actual x="568.505361" y="123.792384" />
		</GridEntry>
		<GridEntry Row="3" Column="9">
			<target x="568.502915" y="163.776614" />
			<actual x="568.496110" y="163.790353" />
		</GridEntry>
		<GridEntry Row="3" Column="10">
			<target x="568.492206" y="203.781733" />
			<actual x="568.486065" y="203.791812" />
		</GridEntry>
		<GridEntry Row="3" Column="11">
			<target x="568.474107" y="243.792199" />
			<actual x="568.475928" y="243.789878" />
		</GridEntry>
		<GridEntry Row="3" Column="12">
			<target x="568.466290" y="283.790589" />
			<actual x="568.465051" y="283.788220" />
		</GridEntry>
		<GridEntry Row="3" Column="13">
			<target x="568.453597" y="323.794928" />
			<actual x="568.456641" y="323.790126" />
		</GridEntry>
		<GridEntry Row="4" Column="0">
			<target x="528.598788" y="-196.231760" />
			<actual x="528.584164" y="-196.212174" />
		</GridEntry>
		<GridEntry Row="4" Column="1">
			<target x="528.587809" y="-156.228808" />
			<actual x="528.573883" y="-156.213097" />
		</GridEntry>
		<GridEntry Row="4" Column="2">
			<target x="528.577112" y="-116.224402" />
			<actual x="528.565480" y="-116.213297" />
		</GridEntry>
		<GridEntry Row="4" Column="3">
			<target x="528.566599" y="-76.224042" />
			<actual x="528.555588" y="-76.213852" />
		</GridEntry>
		<GridEntry Row="4" Column="4">
			<target x="528.555457" y="-36.223308" />
			<actual x="528.544844" y="-36.214535" />
		</GridEntry>
		<GridEntry Row="4" Column="5">
			<target x="528.541581" y="3.779690" />
			<actual x="528.537117" y="3.785350" />
		</GridEntry>
		<GridEntry Row="4" Column="6">
			<target x="528.537666" y="43.770774" />
			<actual x="528.528864" y="43.782725" />
		</GridEntry>
		<GridEntry Row="4" Column="7">
			<target x="528.526575" y="83.772628" />
			<actual x="528.517870" y="83.782467" />
		</GridEntry>
		<GridEntry Row="4" Column="8">
			<target x="528.515353" y="123.776267" />
			<actual x="528.507206" y="123.784231" />
		</GridEntry>
		<GridEntry Row="4" Column="9">
			<target x="528.505021" y="163.774318" />
			<actual x="528.497703" y="163.782696" />
		</GridEntry>
		<GridEntry Row="4" Column="10">
			<target x="528.492535" y="203.777960" />
			<actual x="528.489466" y="203.781944" />
		</GridEntry>
		<GridEntry Row="4" Column="11">
			<target x="528.475937" y="243.788935" />
			<actual x="528.478289" y="243.780792" />
		</GridEntry>
		<GridEntry Row="4" Column="12">
			<target x="528.466267" y="283.789023" />
			<actual x="528.466781" y="283.782386" />
		</GridEntry>
		<GridEntry Row="4" Column="13">
			<target x="528.453106" y="323.790144" />
			<actual x="528.456827" y="323.780264" />
		</GridEntry>
		<GridEntry Row="5" Column="0">
			<target x="488.601895" y="-196.237174" />
			<actual x="488.587490" y="-196.220851" />
		</GridEntry>
		<GridEntry Row="5" Column="1">
			<target x="488.590300" y="-156.234899" />
			<actual x="488.574990" y="-156.222701" />
		</GridEntry>
		<GridEntry Row="5" Column="2">
			<target x="488.579130" y="-116.231383" />
			<actual x="488.566293" y="-116.223488" />
		</GridEntry>
		<GridEntry Row="5" Column="3">
			<target x="488.568193" y="-76.231936" />
			<actual x="488.556289" y="-76.225049" />
		</GridEntry>
		<GridEntry Row="5" Column="4">
			<target x="488.557650" y="-36.230690" />
			<actual x="488.547545" y="-36.224129" />
		</GridEntry>
		<GridEntry Row="5" Column="5">
			<target x="488.544556" y="3.769562" />
			<actual x="488.539618" y="3.771812" />
		</GridEntry>
		<GridEntry Row="5" Column="6">
			<target x="488.537945" y="43.764820" />
			<actual x="488.528473" y="43.772995" />
		</GridEntry>
		<GridEntry Row="5" Column="7">
			<target x="488.527842" y="83.766261" />
			<actual x="488.518802" y="83.772496" />
		</GridEntry>
		<GridEntry Row="5" Column="8">
			<target x="488.518665" y="123.769278" />
			<actual x="488.508785" y="123.772768" />
		</GridEntry>
		<GridEntry Row="5" Column="9">
			<target x="488.506438" y="163.766579" />
			<actual x="488.498037" y="163.771468" />
		</GridEntry>
		<GridEntry Row="5" Column="10">
			<target x="488.492722" y="203.770480" />
			<actual x="488.489599" y="203.770004" />
		</GridEntry>
		<GridEntry Row="5" Column="11">
			<target x="488.476914" y="243.781240" />
			<actual x="488.479064" y="243.771334" />
		</GridEntry>
		<GridEntry Row="5" Column="12">
			<target x="488.468660" y="283.779915" />
			<actual x="488.468731" y="283.770749" />
		</GridEntry>
		<GridEntry Row="5" Column="13">
			<target x="488.455981" y="323.781246" />
			<actual x="488.459317" y="323.768269" />
		</GridEntry>
		<GridEntry Row="6" Column="0">
			<target x="448.601647" y="-196.249308" />
			<actual x="448.585396" y="-196.231527" />
		</GridEntry>
		<GridEntry Row="6" Column="1">
			<target x="448.589112" y="-156.247085" />
			<actual x="448.577168" y="-156.234085" />
		</GridEntry>
		<GridEntry Row="6" Column="2">
			<target x="448.576534" y="-116.240875" />
			<actual x="448.567256" y="-116.232185" />
		</GridEntry>
		<GridEntry Row="6" Column="3">
			<target x="448.564670" y="-76.242051" />
			<actual x="448.558711" y="-76.234354" />
		</GridEntry>
		<GridEntry Row="6" Column="4">
			<target x="448.554782" y="-36.241641" />
			<actual x="448.550021" y="-36.235061" />
		</GridEntry>
		<GridEntry Row="6" Column="5">
			<target x="448.540915" y="3.760180" />
			<actual x="448.539090" y="3.762828" />
		</GridEntry>
		<GridEntry Row="6" Column="6">
			<target x="448.535866" y="43.754909" />
			<actual x="448.525923" y="43.763914" />
		</GridEntry>
		<GridEntry Row="6" Column="7">
			<target x="448.526519" y="83.755110" />
			<actual x="448.520340" y="83.761955" />
		</GridEntry>
		<GridEntry Row="6" Column="8">
			<target x="448.515260" y="123.758518" />
			<actual x="448.508657" y="123.762603" />
		</GridEntry>
		<GridEntry Row="6" Column="9">
			<target x="448.504056" y="163.757307" />
			<actual x="448.498336" y="163.762309" />
		</GridEntry>
		<GridEntry Row="6" Column="10">
			<target x="448.489614" y="203.761362" />
			<actual x="448.488558" y="203.761488" />
		</GridEntry>
		<GridEntry Row="6" Column="11">
			<target x="448.474282" y="243.770215" />
			<actual x="448.479118" y="243.760808" />
		</GridEntry>
		<GridEntry Row="6" Column="12">
			<target x="448.465746" y="283.768879" />
			<actual x="448.468374" y="283.760590" />
		</GridEntry>
		<GridEntry Row="6" Column="13">
			<target x="448.453206" y="323.771290" />
			<actual x="448.458735" y="323.760327" />
		</GridEntry>
		<GridEntry Row="7" Column="0">
			<target x="408.598578" y="-196.253712" />
			<actual x="408.586063" y="-196.241646" />
		</GridEntry>
		<GridEntry Row="7" Column="1">
			<target x="408.586323" y="-156.250014" />
			<actual x="408.577529" y="-156.243609" />
		</GridEntry>
		<GridEntry Row="7" Column="2">
			<target x="408.573177" y="-116.246732" />
			<actual x="408.568038" y="-116.243050" />
		</GridEntry>
		<GridEntry Row="7" Column="3">
			<target x="408.560519" y="-76.246306" />
			<actual x="408.559293" y="-76.243284" />
		</GridEntry>
		<GridEntry Row="7" Column="4">
			<target x="408.550454" y="-36.244323" />
			<actual x="408.549713" y="-36.245084" />
		</GridEntry>
		<GridEntry Row="7" Column="5">
			<target x="408.539474" y="3.755632" />
			<actual x="408.540322" y="3.754030" />
		</GridEntry>
		<GridEntry Row="7" Column="6">
			<target x="408.535470" y="43.751186" />
			<actual x="408.529780" y="43.754284" />
		</GridEntry>
		<GridEntry Row="7" Column="7">
			<target x="408.524041" y="83.754549" />
			<actual x="408.522460" y="83.754790" />
		</GridEntry>
		<GridEntry Row="7" Column="8">
			<target x="408.513394" y="123.755745" />
			<actual x="408.510190" y="123.754343" />
		</GridEntry>
		<GridEntry Row="7" Column="9">
			<target x="408.501105" y="163.754969" />
			<actual x="408.499020" y="163.753351" />
		</GridEntry>
		<GridEntry Row="7" Column="10">
			<target x="408.488534" y="203.757927" />
			<actual x="408.491406" y="203.752075" />
		</GridEntry>
		<GridEntry Row="7" Column="11">
			<target x="408.472021" y="243.766226" />
			<actual x="408.480600" y="243.752289" />
		</GridEntry>
		<GridEntry Row="7" Column="12">
			<target x="408.464460" y="283.766060" />
			<actual x="408.470674" y="283.751469" />
		</GridEntry>
		<GridEntry Row="7" Column="13">
			<target x="408.449863" y="323.767315" />
			<actual x="408.459624" y="323.751189" />
		</GridEntry>
		<GridEntry Row="8" Column="0">
			<target x="368.599412" y="-196.262027" />
			<actual x="368.588843" y="-196.251345" />
		</GridEntry>
		<GridEntry Row="8" Column="1">
			<target x="368.587056" y="-156.259857" />
			<actual x="368.579550" y="-156.253158" />
		</GridEntry>
		<GridEntry Row="8" Column="2">
			<target x="368.575685" y="-116.257035" />
			<actual x="368.573761" y="-116.253735" />
		</GridEntry>
		<GridEntry Row="8" Column="3">
			<target x="368.563628" y="-76.257445" />
			<actual x="368.562824" y="-76.255703" />
		</GridEntry>
		<GridEntry Row="8" Column="4">
			<target x="368.553149" y="-36.254697" />
			<actual x="368.553850" y="-36.255573" />
		</GridEntry>
		<GridEntry Row="8" Column="5">
			<target x="368.540425" y="3.745811" />
			<actual x="368.543178" y="3.742574" />
		</GridEntry>
		<GridEntry Row="8" Column="6">
			<target x="368.537697" y="43.741810" />
			<actual x="368.533872" y="43.742523" />
		</GridEntry>
		<GridEntry Row="8" Column="7">
			<target x="368.525231" y="83.744595" />
			<actual x="368.524788" y="83.743127" />
		</GridEntry>
		<GridEntry Row="8" Column="8">
			<target x="368.513378" y="123.746673" />
			<actual x="368.512136" y="123.744447" />
		</GridEntry>
		<GridEntry Row="8" Column="9">
			<target x="368.503590" y="163.746359" />
			<actual x="368.503336" y="163.742482" />
		</GridEntry>
		<GridEntry Row="8" Column="10">
			<target x="368.489575" y="203.748866" />
			<actual x="368.493733" y="203.741336" />
		</GridEntry>
		<GridEntry Row="8" Column="11">
			<target x="368.473108" y="243.757111" />
			<actual x="368.483098" y="243.740451" />
		</GridEntry>
		<GridEntry Row="8" Column="12">
			<target x="368.464704" y="283.755572" />
			<actual x="368.472396" y="283.740275" />
		</GridEntry>
		<GridEntry Row="8" Column="13">
			<target x="368.451313" y="323.757235" />
			<actual x="368.462452" y="323.740482" />
		</GridEntry>
		<GridEntry Row="9" Column="0">
			<target x="328.592318" y="-196.272298" />
			<actual x="328.590082" y="-196.262701" />
		</GridEntry>
		<GridEntry Row="9" Column="1">
			<target x="328.580993" y="-156.269701" />
			<actual x="328.579086" y="-156.262642" />
		</GridEntry>
		<GridEntry Row="9" Column="2">
			<target x="328.567312" y="-116.266263" />
			<actual x="328.570096" y="-116.263005" />
		</GridEntry>
		<GridEntry Row="9" Column="3">
			<target x="328.557292" y="-76.266808" />
			<actual x="328.560881" y="-76.263681" />
		</GridEntry>
		<GridEntry Row="9" Column="4">
			<target x="328.548729" y="-36.264930" />
			<actual x="328.553133" y="-36.265339" />
		</GridEntry>
		<GridEntry Row="9" Column="5">
			<target x="328.534634" y="3.736440" />
			<actual x="328.542963" y="3.734308" />
		</GridEntry>
		<GridEntry Row="9" Column="6">
			<target x="328.532685" y="43.733557" />
			<actual x="328.536034" y="43.733048" />
		</GridEntry>
		<GridEntry Row="9" Column="7">
			<target x="328.518422" y="83.736114" />
			<actual x="328.522737" y="83.734210" />
		</GridEntry>
		<GridEntry Row="9" Column="8">
			<target x="328.507876" y="123.737163" />
			<actual x="328.511733" y="123.733123" />
		</GridEntry>
		<GridEntry Row="9" Column="9">
			<target x="328.495397" y="163.737987" />
			<actual x="328.500501" y="163.734527" />
		</GridEntry>
		<GridEntry Row="9" Column="10">
			<target x="328.482050" y="203.740257" />
			<actual x="328.491215" y="203.733003" />
		</GridEntry>
		<GridEntry Row="9" Column="11">
			<target x="328.466888" y="243.747114" />
			<actual x="328.482133" y="243.732217" />
		</GridEntry>
		<GridEntry Row="9" Column="12">
			<target x="328.457824" y="283.747713" />
			<actual x="328.471198" y="283.732709" />
		</GridEntry>
		<GridEntry Row="9" Column="13">
			<target x="328.444242" y="323.747772" />
			<actual x="328.460579" y="323.730974" />
		</GridEntry>
	</Grid>
</MappingContent>
