<?xml version="1.0" encoding="UTF-8"?>
<VisionSensor Version="1.0">
  <CommonSettings>
    <VersionNumber>1</VersionNumber>
    <TimeoutVisionResponse Individual="false">3000</TimeoutVisionResponse>
  </CommonSettings>
  <OptionalSettings>
    <Operationmode>
      <dump_always Individual="false">false</dump_always>
      <suppress_orientation_warning Individual="false">false</suppress_orientation_warning>
      <SelectiveFilter>
        <GlueInspection>
          <dump_always Individual="false">false</dump_always>
        </GlueInspection>
      </SelectiveFilter>
    </Operationmode>
    <LocalSimulationMode Individual="false">0 //0 = NORMALMODE 1=SIMULATION</LocalSimulationMode>
    <AutodetectVirtualMachine Individual="false">true</AutodetectVirtualMachine>
  </OptionalSettings>
  <Resolution>
    <SST>34</SST>
    <ScaleX>11765</ScaleX>
    <ScaleY>11767</ScaleY>
    <CalibrationDate>
      <date_time>2015-May-29 08:08:00</date_time>
      <counter>130773532805930000</counter>
    </CalibrationDate>
  </Resolution>
</VisionSensor>
