<?xml version="1.0" encoding="UTF-8" standalone="yes"?>
<MappingContent version="1">
	<GeneralData MachineIdAndFrameSerialNumber="00011311-H007" MachineType="X4i S" SwVersion="708.1.0.88" />
	<Grid Name="MappingGrid_1" KindOfMapping="eDEFAULT_MAPPING" NrOfRows="11" NrOfColumns="14" MeshWidthX="40.000000" MeshWidthY="40.000000" Resolution="eSTANDARD_RESOLUTION" MappingMode="eDEFAULT_MODE" ContextPlainText="eHEADMAPPING" Context="2" DeviceID="Default#0000000000000000000000">
		<CalibrationDate counter="130773554071990000" date_time="2015-May-29 08:43:27" />
		<GridEntry Row="0" Column="0">
			<target x="688.867378" y="-323.052476" />
			<actual x="688.873905" y="-323.053018" />
		</GridEntry>
		<GridEntry Row="0" Column="1">
			<target x="688.862857" y="-283.053124" />
			<actual x="688.867957" y="-283.055848" />
		</GridEntry>
		<GridEntry Row="0" Column="2">
			<target x="688.859221" y="-243.044756" />
			<actual x="688.861099" y="-243.054522" />
		</GridEntry>
		<GridEntry Row="0" Column="3">
			<target x="688.854594" y="-203.040511" />
			<actual x="688.853211" y="-203.053937" />
		</GridEntry>
		<GridEntry Row="0" Column="4">
			<target x="688.852711" y="-163.031816" />
			<actual x="688.847964" y="-163.053697" />
		</GridEntry>
		<GridEntry Row="0" Column="5">
			<target x="688.846439" y="-123.034425" />
			<actual x="688.841083" y="-123.058120" />
		</GridEntry>
		<GridEntry Row="0" Column="6">
			<target x="688.842653" y="-83.031909" />
			<actual x="688.835043" y="-83.053896" />
		</GridEntry>
		<GridEntry Row="0" Column="7">
			<target x="688.839886" y="-43.038347" />
			<actual x="688.831624" y="-43.056099" />
		</GridEntry>
		<GridEntry Row="0" Column="8">
			<target x="688.836292" y="-3.033538" />
			<actual x="688.824775" y="-3.056325" />
		</GridEntry>
		<GridEntry Row="0" Column="9">
			<target x="688.831585" y="36.966494" />
			<actual x="688.820456" y="36.943927" />
		</GridEntry>
		<GridEntry Row="0" Column="10">
			<target x="688.827424" y="76.966417" />
			<actual x="688.815110" y="76.943641" />
		</GridEntry>
		<GridEntry Row="0" Column="11">
			<target x="688.825192" y="116.971875" />
			<actual x="688.810623" y="116.944221" />
		</GridEntry>
		<GridEntry Row="0" Column="12">
			<target x="688.822226" y="156.975828" />
			<actual x="688.804520" y="156.944369" />
		</GridEntry>
		<GridEntry Row="0" Column="13">
			<target x="688.816204" y="196.973870" />
			<actual x="688.797121" y="196.942838" />
		</GridEntry>
		<GridEntry Row="1" Column="0">
			<target x="648.865393" y="-323.057748" />
			<actual x="648.875313" y="-323.056123" />
		</GridEntry>
		<GridEntry Row="1" Column="1">
			<target x="648.859346" y="-283.058985" />
			<actual x="648.867876" y="-283.058287" />
		</GridEntry>
		<GridEntry Row="1" Column="2">
			<target x="648.856446" y="-243.051301" />
			<actual x="648.861781" y="-243.056492" />
		</GridEntry>
		<GridEntry Row="1" Column="3">
			<target x="648.853388" y="-203.048861" />
			<actual x="648.855532" y="-203.058200" />
		</GridEntry>
		<GridEntry Row="1" Column="4">
			<target x="648.850804" y="-163.040542" />
			<actual x="648.848995" y="-163.058701" />
		</GridEntry>
		<GridEntry Row="1" Column="5">
			<target x="648.843202" y="-123.039429" />
			<actual x="648.841005" y="-123.059051" />
		</GridEntry>
		<GridEntry Row="1" Column="6">
			<target x="648.838931" y="-83.040476" />
			<actual x="648.834930" y="-83.059262" />
		</GridEntry>
		<GridEntry Row="1" Column="7">
			<target x="648.837967" y="-43.045200" />
			<actual x="648.832927" y="-43.059409" />
		</GridEntry>
		<GridEntry Row="1" Column="8">
			<target x="648.833367" y="-3.041319" />
			<actual x="648.825031" y="-3.061043" />
		</GridEntry>
		<GridEntry Row="1" Column="9">
			<target x="648.827942" y="36.957353" />
			<actual x="648.819970" y="36.938607" />
		</GridEntry>
		<GridEntry Row="1" Column="10">
			<target x="648.822601" y="76.958699" />
			<actual x="648.814109" y="76.938482" />
		</GridEntry>
		<GridEntry Row="1" Column="11">
			<target x="648.821360" y="116.962383" />
			<actual x="648.809705" y="116.938144" />
		</GridEntry>
		<GridEntry Row="1" Column="12">
			<target x="648.817337" y="156.964095" />
			<actual x="648.803362" y="156.936272" />
		</GridEntry>
		<GridEntry Row="1" Column="13">
			<target x="648.812966" y="196.965717" />
			<actual x="648.797867" y="196.937516" />
		</GridEntry>
		<GridEntry Row="2" Column="0">
			<target x="608.866721" y="-323.070158" />
			<actual x="608.874299" y="-323.063610" />
		</GridEntry>
		<GridEntry Row="2" Column="1">
			<target x="608.860740" y="-283.069872" />
			<actual x="608.867727" y="-283.063747" />
		</GridEntry>
		<GridEntry Row="2" Column="2">
			<target x="608.857950" y="-243.062752" />
			<actual x="608.862085" y="-243.064562" />
		</GridEntry>
		<GridEntry Row="2" Column="3">
			<target x="608.855476" y="-203.059157" />
			<actual x="608.855754" y="-203.063586" />
		</GridEntry>
		<GridEntry Row="2" Column="4">
			<target x="608.852761" y="-163.052681" />
			<actual x="608.849713" y="-163.065498" />
		</GridEntry>
		<GridEntry Row="2" Column="5">
			<target x="608.844375" y="-123.051887" />
			<actual x="608.841466" y="-123.066448" />
		</GridEntry>
		<GridEntry Row="2" Column="6">
			<target x="608.840752" y="-83.054116" />
			<actual x="608.836407" y="-83.068802" />
		</GridEntry>
		<GridEntry Row="2" Column="7">
			<target x="608.836345" y="-43.057650" />
			<actual x="608.830728" y="-43.068411" />
		</GridEntry>
		<GridEntry Row="2" Column="8">
			<target x="608.836003" y="-3.053896" />
			<actual x="608.827567" y="-3.068107" />
		</GridEntry>
		<GridEntry Row="2" Column="9">
			<target x="608.828962" y="36.945883" />
			<actual x="608.820533" y="36.932589" />
		</GridEntry>
		<GridEntry Row="2" Column="10">
			<target x="608.824935" y="76.947048" />
			<actual x="608.815419" y="76.931613" />
		</GridEntry>
		<GridEntry Row="2" Column="11">
			<target x="608.822553" y="116.949656" />
			<actual x="608.809847" y="116.931438" />
		</GridEntry>
		<GridEntry Row="2" Column="12">
			<target x="608.820432" y="156.953076" />
			<actual x="608.804175" y="156.930754" />
		</GridEntry>
		<GridEntry Row="2" Column="13">
			<target x="608.815706" y="196.953267" />
			<actual x="608.798814" y="196.930297" />
		</GridEntry>
		<GridEntry Row="3" Column="0">
			<target x="568.868216" y="-323.077545" />
			<actual x="568.875529" y="-323.069543" />
		</GridEntry>
		<GridEntry Row="3" Column="1">
			<target x="568.863958" y="-283.077540" />
			<actual x="568.870479" y="-283.071072" />
		</GridEntry>
		<GridEntry Row="3" Column="2">
			<target x="568.861423" y="-243.070949" />
			<actual x="568.864353" y="-243.070460" />
		</GridEntry>
		<GridEntry Row="3" Column="3">
			<target x="568.857268" y="-203.065651" />
			<actual x="568.857052" y="-203.069335" />
		</GridEntry>
		<GridEntry Row="3" Column="4">
			<target x="568.855785" y="-163.061422" />
			<actual x="568.851949" y="-163.072082" />
		</GridEntry>
		<GridEntry Row="3" Column="5">
			<target x="568.846929" y="-123.059952" />
			<actual x="568.843267" y="-123.072492" />
		</GridEntry>
		<GridEntry Row="3" Column="6">
			<target x="568.842719" y="-83.061262" />
			<actual x="568.837689" y="-83.072380" />
		</GridEntry>
		<GridEntry Row="3" Column="7">
			<target x="568.839713" y="-43.065746" />
			<actual x="568.833699" y="-43.075924" />
		</GridEntry>
		<GridEntry Row="3" Column="8">
			<target x="568.838121" y="-3.061302" />
			<actual x="568.829277" y="-3.073423" />
		</GridEntry>
		<GridEntry Row="3" Column="9">
			<target x="568.831326" y="36.937272" />
			<actual x="568.821805" y="36.925451" />
		</GridEntry>
		<GridEntry Row="3" Column="10">
			<target x="568.828166" y="76.938605" />
			<actual x="568.818195" y="76.924956" />
		</GridEntry>
		<GridEntry Row="3" Column="11">
			<target x="568.825147" y="116.941082" />
			<actual x="568.812086" y="116.923689" />
		</GridEntry>
		<GridEntry Row="3" Column="12">
			<target x="568.822076" y="156.945770" />
			<actual x="568.805626" y="156.924979" />
		</GridEntry>
		<GridEntry Row="3" Column="13">
			<target x="568.818340" y="196.944128" />
			<actual x="568.800470" y="196.922510" />
		</GridEntry>
		<GridEntry Row="4" Column="0">
			<target x="528.866923" y="-323.085388" />
			<actual x="528.876051" y="-323.074809" />
		</GridEntry>
		<GridEntry Row="4" Column="1">
			<target x="528.863362" y="-283.085924" />
			<actual x="528.872414" y="-283.075880" />
		</GridEntry>
		<GridEntry Row="4" Column="2">
			<target x="528.860742" y="-243.079230" />
			<actual x="528.865944" y="-243.074290" />
		</GridEntry>
		<GridEntry Row="4" Column="3">
			<target x="528.856749" y="-203.077092" />
			<actual x="528.859004" y="-203.076091" />
		</GridEntry>
		<GridEntry Row="4" Column="4">
			<target x="528.855312" y="-163.071859" />
			<actual x="528.853545" y="-163.077683" />
		</GridEntry>
		<GridEntry Row="4" Column="5">
			<target x="528.846739" y="-123.070297" />
			<actual x="528.845909" y="-123.078571" />
		</GridEntry>
		<GridEntry Row="4" Column="6">
			<target x="528.842726" y="-83.071235" />
			<actual x="528.839149" y="-83.079471" />
		</GridEntry>
		<GridEntry Row="4" Column="7">
			<target x="528.840784" y="-43.074792" />
			<actual x="528.836008" y="-43.080015" />
		</GridEntry>
		<GridEntry Row="4" Column="8">
			<target x="528.838097" y="-3.071210" />
			<actual x="528.830874" y="-3.080924" />
		</GridEntry>
		<GridEntry Row="4" Column="9">
			<target x="528.831765" y="36.928106" />
			<actual x="528.824429" y="36.919369" />
		</GridEntry>
		<GridEntry Row="4" Column="10">
			<target x="528.827848" y="76.929938" />
			<actual x="528.819403" y="76.920766" />
		</GridEntry>
		<GridEntry Row="4" Column="11">
			<target x="528.825720" y="116.932357" />
			<actual x="528.814174" y="116.919168" />
		</GridEntry>
		<GridEntry Row="4" Column="12">
			<target x="528.821579" y="156.935123" />
			<actual x="528.807376" y="156.918378" />
		</GridEntry>
		<GridEntry Row="4" Column="13">
			<target x="528.814963" y="196.934426" />
			<actual x="528.799595" y="196.917749" />
		</GridEntry>
		<GridEntry Row="5" Column="0">
			<target x="488.872136" y="-323.094477" />
			<actual x="488.877589" y="-323.080956" />
		</GridEntry>
		<GridEntry Row="5" Column="1">
			<target x="488.866496" y="-283.093698" />
			<actual x="488.870875" y="-283.081544" />
		</GridEntry>
		<GridEntry Row="5" Column="2">
			<target x="488.864801" y="-243.088696" />
			<actual x="488.866556" y="-243.081671" />
		</GridEntry>
		<GridEntry Row="5" Column="3">
			<target x="488.861946" y="-203.084806" />
			<actual x="488.860521" y="-203.081934" />
		</GridEntry>
		<GridEntry Row="5" Column="4">
			<target x="488.859601" y="-163.079957" />
			<actual x="488.853686" y="-163.082538" />
		</GridEntry>
		<GridEntry Row="5" Column="5">
			<target x="488.852248" y="-123.078531" />
			<actual x="488.846466" y="-123.083113" />
		</GridEntry>
		<GridEntry Row="5" Column="6">
			<target x="488.848182" y="-83.080240" />
			<actual x="488.840906" y="-83.085599" />
		</GridEntry>
		<GridEntry Row="5" Column="7">
			<target x="488.844866" y="-43.082354" />
			<actual x="488.835968" y="-43.084696" />
		</GridEntry>
		<GridEntry Row="5" Column="8">
			<target x="488.843390" y="-3.079600" />
			<actual x="488.831899" y="-3.085487" />
		</GridEntry>
		<GridEntry Row="5" Column="9">
			<target x="488.836847" y="36.918785" />
			<actual x="488.825385" y="36.913008" />
		</GridEntry>
		<GridEntry Row="5" Column="10">
			<target x="488.832622" y="76.919841" />
			<actual x="488.819918" y="76.912700" />
		</GridEntry>
		<GridEntry Row="5" Column="11">
			<target x="488.829780" y="116.923921" />
			<actual x="488.814185" y="116.913526" />
		</GridEntry>
		<GridEntry Row="5" Column="12">
			<target x="488.826585" y="156.926117" />
			<actual x="488.808397" y="156.912392" />
		</GridEntry>
		<GridEntry Row="5" Column="13">
			<target x="488.820205" y="196.924706" />
			<actual x="488.801978" y="196.910642" />
		</GridEntry>
		<GridEntry Row="6" Column="0">
			<target x="448.874790" y="-323.102235" />
			<actual x="448.880110" y="-323.086661" />
		</GridEntry>
		<GridEntry Row="6" Column="1">
			<target x="448.869439" y="-283.102016" />
			<actual x="448.873698" y="-283.088611" />
		</GridEntry>
		<GridEntry Row="6" Column="2">
			<target x="448.866600" y="-243.095893" />
			<actual x="448.867041" y="-243.087527" />
		</GridEntry>
		<GridEntry Row="6" Column="3">
			<target x="448.862890" y="-203.092924" />
			<actual x="448.860020" y="-203.088386" />
		</GridEntry>
		<GridEntry Row="6" Column="4">
			<target x="448.861359" y="-163.087337" />
			<actual x="448.855181" y="-163.087859" />
		</GridEntry>
		<GridEntry Row="6" Column="5">
			<target x="448.853648" y="-123.089212" />
			<actual x="448.847937" y="-123.091776" />
		</GridEntry>
		<GridEntry Row="6" Column="6">
			<target x="448.850601" y="-83.089587" />
			<actual x="448.842127" y="-83.091925" />
		</GridEntry>
		<GridEntry Row="6" Column="7">
			<target x="448.846765" y="-43.090847" />
			<actual x="448.837683" y="-43.092692" />
		</GridEntry>
		<GridEntry Row="6" Column="8">
			<target x="448.844724" y="-3.089060" />
			<actual x="448.832417" y="-3.093245" />
		</GridEntry>
		<GridEntry Row="6" Column="9">
			<target x="448.837233" y="36.912102" />
			<actual x="448.825365" y="36.907547" />
		</GridEntry>
		<GridEntry Row="6" Column="10">
			<target x="448.833548" y="76.912093" />
			<actual x="448.819985" y="76.906337" />
		</GridEntry>
		<GridEntry Row="6" Column="11">
			<target x="448.830390" y="116.914108" />
			<actual x="448.814601" y="116.905476" />
		</GridEntry>
		<GridEntry Row="6" Column="12">
			<target x="448.827245" y="156.919305" />
			<actual x="448.808466" y="156.907435" />
		</GridEntry>
		<GridEntry Row="6" Column="13">
			<target x="448.822502" y="196.918041" />
			<actual x="448.803486" y="196.905225" />
		</GridEntry>
		<GridEntry Row="7" Column="0">
			<target x="408.873533" y="-323.110860" />
			<actual x="408.879877" y="-323.092932" />
		</GridEntry>
		<GridEntry Row="7" Column="1">
			<target x="408.869063" y="-283.109370" />
			<actual x="408.874622" y="-283.092490" />
		</GridEntry>
		<GridEntry Row="7" Column="2">
			<target x="408.865062" y="-243.105427" />
			<actual x="408.867514" y="-243.093618" />
		</GridEntry>
		<GridEntry Row="7" Column="3">
			<target x="408.862783" y="-203.101248" />
			<actual x="408.862277" y="-203.092848" />
		</GridEntry>
		<GridEntry Row="7" Column="4">
			<target x="408.860883" y="-163.097895" />
			<actual x="408.855995" y="-163.096155" />
		</GridEntry>
		<GridEntry Row="7" Column="5">
			<target x="408.853496" y="-123.096897" />
			<actual x="408.848585" y="-123.094656" />
		</GridEntry>
		<GridEntry Row="7" Column="6">
			<target x="408.849774" y="-83.098240" />
			<actual x="408.843387" y="-83.097001" />
		</GridEntry>
		<GridEntry Row="7" Column="7">
			<target x="408.845581" y="-43.098284" />
			<actual x="408.839015" y="-43.096733" />
		</GridEntry>
		<GridEntry Row="7" Column="8">
			<target x="408.843530" y="-3.096548" />
			<actual x="408.833541" y="-3.096430" />
		</GridEntry>
		<GridEntry Row="7" Column="9">
			<target x="408.836577" y="36.902923" />
			<actual x="408.826626" y="36.902337" />
		</GridEntry>
		<GridEntry Row="7" Column="10">
			<target x="408.833136" y="76.903850" />
			<actual x="408.822113" y="76.901955" />
		</GridEntry>
		<GridEntry Row="7" Column="11">
			<target x="408.829195" y="116.907178" />
			<actual x="408.815015" y="116.902263" />
		</GridEntry>
		<GridEntry Row="7" Column="12">
			<target x="408.826555" y="156.910416" />
			<actual x="408.810012" y="156.901319" />
		</GridEntry>
		<GridEntry Row="7" Column="13">
			<target x="408.820146" y="196.910940" />
			<actual x="408.802544" y="196.900192" />
		</GridEntry>
		<GridEntry Row="8" Column="0">
			<target x="368.877189" y="-323.118736" />
			<actual x="368.882736" y="-323.097909" />
		</GridEntry>
		<GridEntry Row="8" Column="1">
			<target x="368.870609" y="-283.119331" />
			<actual x="368.874739" y="-283.100507" />
		</GridEntry>
		<GridEntry Row="8" Column="2">
			<target x="368.869934" y="-243.113494" />
			<actual x="368.872409" y="-243.098330" />
		</GridEntry>
		<GridEntry Row="8" Column="3">
			<target x="368.866989" y="-203.109753" />
			<actual x="368.865224" y="-203.098789" />
		</GridEntry>
		<GridEntry Row="8" Column="4">
			<target x="368.864945" y="-163.106079" />
			<actual x="368.859162" y="-163.100976" />
		</GridEntry>
		<GridEntry Row="8" Column="5">
			<target x="368.856046" y="-123.107341" />
			<actual x="368.850736" y="-123.102970" />
		</GridEntry>
		<GridEntry Row="8" Column="6">
			<target x="368.854134" y="-83.107564" />
			<actual x="368.847627" y="-83.103797" />
		</GridEntry>
		<GridEntry Row="8" Column="7">
			<target x="368.849567" y="-43.108437" />
			<actual x="368.842144" y="-43.103180" />
		</GridEntry>
		<GridEntry Row="8" Column="8">
			<target x="368.846694" y="-3.107406" />
			<actual x="368.835953" y="-3.105083" />
		</GridEntry>
		<GridEntry Row="8" Column="9">
			<target x="368.841377" y="36.895190" />
			<actual x="368.830546" y="36.897205" />
		</GridEntry>
		<GridEntry Row="8" Column="10">
			<target x="368.836180" y="76.895984" />
			<actual x="368.824518" y="76.896503" />
		</GridEntry>
		<GridEntry Row="8" Column="11">
			<target x="368.832883" y="116.898609" />
			<actual x="368.817401" y="116.895476" />
		</GridEntry>
		<GridEntry Row="8" Column="12">
			<target x="368.829963" y="156.901134" />
			<actual x="368.812391" y="156.895552" />
		</GridEntry>
		<GridEntry Row="8" Column="13">
			<target x="368.824563" y="196.903146" />
			<actual x="368.805338" y="196.895016" />
		</GridEntry>
		<GridEntry Row="9" Column="0">
			<target x="328.871628" y="-323.126078" />
			<actual x="328.881520" y="-323.104669" />
		</GridEntry>
		<GridEntry Row="9" Column="1">
			<target x="328.866487" y="-283.125742" />
			<actual x="328.875181" y="-283.106082" />
		</GridEntry>
		<GridEntry Row="9" Column="2">
			<target x="328.865489" y="-243.121497" />
			<actual x="328.870498" y="-243.105605" />
		</GridEntry>
		<GridEntry Row="9" Column="3">
			<target x="328.862196" y="-203.118317" />
			<actual x="328.864951" y="-203.107467" />
		</GridEntry>
		<GridEntry Row="9" Column="4">
			<target x="328.859222" y="-163.115575" />
			<actual x="328.859223" y="-163.107268" />
		</GridEntry>
		<GridEntry Row="9" Column="5">
			<target x="328.852609" y="-123.114656" />
			<actual x="328.850885" y="-123.107100" />
		</GridEntry>
		<GridEntry Row="9" Column="6">
			<target x="328.850574" y="-83.115152" />
			<actual x="328.847359" y="-83.109603" />
		</GridEntry>
		<GridEntry Row="9" Column="7">
			<target x="328.845290" y="-43.115631" />
			<actual x="328.841359" y="-43.109007" />
		</GridEntry>
		<GridEntry Row="9" Column="8">
			<target x="328.842858" y="-3.114487" />
			<actual x="328.836346" y="-3.110489" />
		</GridEntry>
		<GridEntry Row="9" Column="9">
			<target x="328.835919" y="36.887972" />
			<actual x="328.829515" y="36.891239" />
		</GridEntry>
		<GridEntry Row="9" Column="10">
			<target x="328.830948" y="76.888362" />
			<actual x="328.823268" y="76.889519" />
		</GridEntry>
		<GridEntry Row="9" Column="11">
			<target x="328.828824" y="116.891037" />
			<actual x="328.817883" y="116.889232" />
		</GridEntry>
		<GridEntry Row="9" Column="12">
			<target x="328.826004" y="156.892997" />
			<actual x="328.811504" y="156.889199" />
		</GridEntry>
		<GridEntry Row="9" Column="13">
			<target x="328.819513" y="196.895913" />
			<actual x="328.804088" y="196.888255" />
		</GridEntry>
		<GridEntry Row="10" Column="0">
			<target x="288.866152" y="-323.133555" />
			<actual x="288.880381" y="-323.109405" />
		</GridEntry>
		<GridEntry Row="10" Column="1">
			<target x="288.862040" y="-283.132958" />
			<actual x="288.875161" y="-283.109693" />
		</GridEntry>
		<GridEntry Row="10" Column="2">
			<target x="288.860084" y="-243.130531" />
			<actual x="288.869969" y="-243.111168" />
		</GridEntry>
		<GridEntry Row="10" Column="3">
			<target x="288.856956" y="-203.126498" />
			<actual x="288.863467" y="-203.110597" />
		</GridEntry>
		<GridEntry Row="10" Column="4">
			<target x="288.853681" y="-163.124403" />
			<actual x="288.856740" y="-163.112370" />
		</GridEntry>
		<GridEntry Row="10" Column="5">
			<target x="288.846360" y="-123.122968" />
			<actual x="288.848770" y="-123.112136" />
		</GridEntry>
		<GridEntry Row="10" Column="6">
			<target x="288.845224" y="-83.125099" />
			<actual x="288.845579" y="-83.115056" />
		</GridEntry>
		<GridEntry Row="10" Column="7">
			<target x="288.839123" y="-43.123413" />
			<actual x="288.839088" y="-43.113250" />
		</GridEntry>
		<GridEntry Row="10" Column="8">
			<target x="288.836748" y="-3.120157" />
			<actual x="288.832939" y="-3.112693" />
		</GridEntry>
		<GridEntry Row="10" Column="9">
			<target x="288.831671" y="36.879666" />
			<actual x="288.828409" y="36.885880" />
		</GridEntry>
		<GridEntry Row="10" Column="10">
			<target x="288.826140" y="76.878701" />
			<actual x="288.822537" y="76.884320" />
		</GridEntry>
		<GridEntry Row="10" Column="11">
			<target x="288.823475" y="116.883035" />
			<actual x="288.816561" y="116.885837" />
		</GridEntry>
		<GridEntry Row="10" Column="12">
			<target x="288.821080" y="156.883718" />
			<actual x="288.810582" y="156.883922" />
		</GridEntry>
		<GridEntry Row="10" Column="13">
			<target x="288.814960" y="196.887379" />
			<actual x="288.805550" y="196.884430" />
		</GridEntry>
	</Grid>
	<Grid Name="MappingGrid_2" KindOfMapping="eDEFAULT_MAPPING" NrOfRows="11" NrOfColumns="14" MeshWidthX="40.000000" MeshWidthY="40.000000" Resolution="eSTANDARD_RESOLUTION" MappingMode="eDEFAULT_MODE" ContextPlainText="eHEADMAPPING" Context="2" DeviceID="Default#0000000000000000000000">
		<CalibrationDate counter="130773576986580000" date_time="2015-May-29 09:21:38" />
		<GridEntry Row="0" Column="0">
			<target x="688.555971" y="-196.134777" />
			<actual x="688.558370" y="-196.147148" />
		</GridEntry>
		<GridEntry Row="0" Column="1">
			<target x="688.551263" y="-156.133412" />
			<actual x="688.552548" y="-156.147523" />
		</GridEntry>
		<GridEntry Row="0" Column="2">
			<target x="688.545660" y="-116.130738" />
			<actual x="688.545689" y="-116.148187" />
		</GridEntry>
		<GridEntry Row="0" Column="3">
			<target x="688.537491" y="-76.133261" />
			<actual x="688.537023" y="-76.149455" />
		</GridEntry>
		<GridEntry Row="0" Column="4">
			<target x="688.531671" y="-36.134617" />
			<actual x="688.530454" y="-36.148274" />
		</GridEntry>
		<GridEntry Row="0" Column="5">
			<target x="688.526013" y="3.863368" />
			<actual x="688.523475" y="3.849381" />
		</GridEntry>
		<GridEntry Row="0" Column="6">
			<target x="688.523052" y="43.870912" />
			<actual x="688.517274" y="43.850360" />
		</GridEntry>
		<GridEntry Row="0" Column="7">
			<target x="688.517806" y="83.864919" />
			<actual x="688.512764" y="83.849373" />
		</GridEntry>
		<GridEntry Row="0" Column="8">
			<target x="688.512446" y="123.873224" />
			<actual x="688.503936" y="123.850616" />
		</GridEntry>
		<GridEntry Row="0" Column="9">
			<target x="688.510005" y="163.877992" />
			<actual x="688.497619" y="163.849865" />
		</GridEntry>
		<GridEntry Row="0" Column="10">
			<target x="688.507723" y="203.879985" />
			<actual x="688.493653" y="203.848764" />
		</GridEntry>
		<GridEntry Row="0" Column="11">
			<target x="688.500525" y="243.878617" />
			<actual x="688.486146" y="243.849476" />
		</GridEntry>
		<GridEntry Row="0" Column="12">
			<target x="688.495957" y="283.878033" />
			<actual x="688.480438" y="283.848302" />
		</GridEntry>
		<GridEntry Row="0" Column="13">
			<target x="688.487075" y="323.869476" />
			<actual x="688.473171" y="323.845359" />
		</GridEntry>
		<GridEntry Row="1" Column="0">
			<target x="648.552910" y="-196.143395" />
			<actual x="648.559836" y="-196.152792" />
		</GridEntry>
		<GridEntry Row="1" Column="1">
			<target x="648.546592" y="-156.143182" />
			<actual x="648.551858" y="-156.153935" />
		</GridEntry>
		<GridEntry Row="1" Column="2">
			<target x="648.541916" y="-116.140791" />
			<actual x="648.545502" y="-116.154607" />
		</GridEntry>
		<GridEntry Row="1" Column="3">
			<target x="648.534157" y="-76.142085" />
			<actual x="648.537517" y="-76.154844" />
		</GridEntry>
		<GridEntry Row="1" Column="4">
			<target x="648.527987" y="-36.145184" />
			<actual x="648.530478" y="-36.156382" />
		</GridEntry>
		<GridEntry Row="1" Column="5">
			<target x="648.524498" y="3.855945" />
			<actual x="648.525291" y="3.845831" />
		</GridEntry>
		<GridEntry Row="1" Column="6">
			<target x="648.519271" y="43.860241" />
			<actual x="648.517501" y="43.843977" />
		</GridEntry>
		<GridEntry Row="1" Column="7">
			<target x="648.511061" y="83.857522" />
			<actual x="648.510390" y="83.847041" />
		</GridEntry>
		<GridEntry Row="1" Column="8">
			<target x="648.509866" y="123.863416" />
			<actual x="648.503616" y="123.843420" />
		</GridEntry>
		<GridEntry Row="1" Column="9">
			<target x="648.505726" y="163.867643" />
			<actual x="648.497661" y="163.846172" />
		</GridEntry>
		<GridEntry Row="1" Column="10">
			<target x="648.503325" y="203.870893" />
			<actual x="648.492579" y="203.845499" />
		</GridEntry>
		<GridEntry Row="1" Column="11">
			<target x="648.496207" y="243.867798" />
			<actual x="648.486087" y="243.841966" />
		</GridEntry>
		<GridEntry Row="1" Column="12">
			<target x="648.491255" y="283.866298" />
			<actual x="648.479894" y="283.839683" />
		</GridEntry>
		<GridEntry Row="1" Column="13">
			<target x="648.483777" y="323.862242" />
			<actual x="648.473928" y="323.842280" />
		</GridEntry>
		<GridEntry Row="2" Column="0">
			<target x="608.553978" y="-196.156022" />
			<actual x="608.558275" y="-196.159442" />
		</GridEntry>
		<GridEntry Row="2" Column="1">
			<target x="608.548790" y="-156.155461" />
			<actual x="608.552418" y="-156.159549" />
		</GridEntry>
		<GridEntry Row="2" Column="2">
			<target x="608.543864" y="-116.150671" />
			<actual x="608.545716" y="-116.158813" />
		</GridEntry>
		<GridEntry Row="2" Column="3">
			<target x="608.537762" y="-76.154043" />
			<actual x="608.539844" y="-76.162119" />
		</GridEntry>
		<GridEntry Row="2" Column="4">
			<target x="608.531121" y="-36.156854" />
			<actual x="608.532615" y="-36.162612" />
		</GridEntry>
		<GridEntry Row="2" Column="5">
			<target x="608.525161" y="3.843785" />
			<actual x="608.524620" y="3.837314" />
		</GridEntry>
		<GridEntry Row="2" Column="6">
			<target x="608.520882" y="43.848297" />
			<actual x="608.517510" y="43.837464" />
		</GridEntry>
		<GridEntry Row="2" Column="7">
			<target x="608.515388" y="83.843886" />
			<actual x="608.512707" y="83.835440" />
		</GridEntry>
		<GridEntry Row="2" Column="8">
			<target x="608.510909" y="123.851410" />
			<actual x="608.503891" y="123.837686" />
		</GridEntry>
		<GridEntry Row="2" Column="9">
			<target x="608.507813" y="163.854171" />
			<actual x="608.498358" y="163.836789" />
		</GridEntry>
		<GridEntry Row="2" Column="10">
			<target x="608.506439" y="203.856258" />
			<actual x="608.494600" y="203.835124" />
		</GridEntry>
		<GridEntry Row="2" Column="11">
			<target x="608.498480" y="243.853546" />
			<actual x="608.486599" y="243.833042" />
		</GridEntry>
		<GridEntry Row="2" Column="12">
			<target x="608.493149" y="283.855754" />
			<actual x="608.480293" y="283.835244" />
		</GridEntry>
		<GridEntry Row="2" Column="13">
			<target x="608.485689" y="323.849332" />
			<actual x="608.473719" y="323.833326" />
		</GridEntry>
		<GridEntry Row="3" Column="0">
			<target x="568.557434" y="-196.166810" />
			<actual x="568.561002" y="-196.168589" />
		</GridEntry>
		<GridEntry Row="3" Column="1">
			<target x="568.551636" y="-156.165387" />
			<actual x="568.554781" y="-156.167698" />
		</GridEntry>
		<GridEntry Row="3" Column="2">
			<target x="568.546235" y="-116.161848" />
			<actual x="568.548285" y="-116.167798" />
		</GridEntry>
		<GridEntry Row="3" Column="3">
			<target x="568.539585" y="-76.162486" />
			<actual x="568.541161" y="-76.168966" />
		</GridEntry>
		<GridEntry Row="3" Column="4">
			<target x="568.533306" y="-36.165133" />
			<actual x="568.533499" y="-36.169668" />
		</GridEntry>
		<GridEntry Row="3" Column="5">
			<target x="568.527049" y="3.834060" />
			<actual x="568.525455" y="3.829451" />
		</GridEntry>
		<GridEntry Row="3" Column="6">
			<target x="568.524400" y="43.837967" />
			<actual x="568.520726" y="43.827824" />
		</GridEntry>
		<GridEntry Row="3" Column="7">
			<target x="568.517672" y="83.834835" />
			<actual x="568.514327" y="83.829319" />
		</GridEntry>
		<GridEntry Row="3" Column="8">
			<target x="568.514031" y="123.842717" />
			<actual x="568.506901" y="123.830133" />
		</GridEntry>
		<GridEntry Row="3" Column="9">
			<target x="568.509989" y="163.844148" />
			<actual x="568.499714" y="163.829930" />
		</GridEntry>
		<GridEntry Row="3" Column="10">
			<target x="568.507483" y="203.846701" />
			<actual x="568.495052" y="203.827927" />
		</GridEntry>
		<GridEntry Row="3" Column="11">
			<target x="568.500600" y="243.844660" />
			<actual x="568.488429" y="243.826672" />
		</GridEntry>
		<GridEntry Row="3" Column="12">
			<target x="568.495234" y="283.846033" />
			<actual x="568.482027" y="283.826137" />
		</GridEntry>
		<GridEntry Row="3" Column="13">
			<target x="568.489908" y="323.840823" />
			<actual x="568.477983" y="323.825458" />
		</GridEntry>
		<GridEntry Row="4" Column="0">
			<target x="528.555410" y="-196.175130" />
			<actual x="528.560616" y="-196.172375" />
		</GridEntry>
		<GridEntry Row="4" Column="1">
			<target x="528.550470" y="-156.174906" />
			<actual x="528.554791" y="-156.173237" />
		</GridEntry>
		<GridEntry Row="4" Column="2">
			<target x="528.545854" y="-116.173139" />
			<actual x="528.548557" y="-116.175166" />
		</GridEntry>
		<GridEntry Row="4" Column="3">
			<target x="528.539001" y="-76.173684" />
			<actual x="528.542386" y="-76.175980" />
		</GridEntry>
		<GridEntry Row="4" Column="4">
			<target x="528.532868" y="-36.175269" />
			<actual x="528.534720" y="-36.176349" />
		</GridEntry>
		<GridEntry Row="4" Column="5">
			<target x="528.527388" y="3.824132" />
			<actual x="528.529022" y="3.824285" />
		</GridEntry>
		<GridEntry Row="4" Column="6">
			<target x="528.523042" y="43.828470" />
			<actual x="528.521947" y="43.824838" />
		</GridEntry>
		<GridEntry Row="4" Column="7">
			<target x="528.517821" y="83.824453" />
			<actual x="528.517117" y="83.822971" />
		</GridEntry>
		<GridEntry Row="4" Column="8">
			<target x="528.514015" y="123.831674" />
			<actual x="528.508885" y="123.824067" />
		</GridEntry>
		<GridEntry Row="4" Column="9">
			<target x="528.510246" y="163.834602" />
			<actual x="528.501332" y="163.824058" />
		</GridEntry>
		<GridEntry Row="4" Column="10">
			<target x="528.507584" y="203.836042" />
			<actual x="528.496655" y="203.821429" />
		</GridEntry>
		<GridEntry Row="4" Column="11">
			<target x="528.501428" y="243.835501" />
			<actual x="528.491071" y="243.821885" />
		</GridEntry>
		<GridEntry Row="4" Column="12">
			<target x="528.495640" y="283.834361" />
			<actual x="528.483239" y="283.819427" />
		</GridEntry>
		<GridEntry Row="4" Column="13">
			<target x="528.486650" y="323.831831" />
			<actual x="528.475701" y="323.819933" />
		</GridEntry>
		<GridEntry Row="5" Column="0">
			<target x="488.559454" y="-196.184153" />
			<actual x="488.561000" y="-196.178439" />
		</GridEntry>
		<GridEntry Row="5" Column="1">
			<target x="488.555924" y="-156.185141" />
			<actual x="488.557345" y="-156.180547" />
		</GridEntry>
		<GridEntry Row="5" Column="2">
			<target x="488.551534" y="-116.182465" />
			<actual x="488.550422" y="-116.180238" />
		</GridEntry>
		<GridEntry Row="5" Column="3">
			<target x="488.543835" y="-76.182930" />
			<actual x="488.543103" y="-76.181340" />
		</GridEntry>
		<GridEntry Row="5" Column="4">
			<target x="488.538273" y="-36.185354" />
			<actual x="488.536371" y="-36.182191" />
		</GridEntry>
		<GridEntry Row="5" Column="5">
			<target x="488.533256" y="3.814157" />
			<actual x="488.530632" y="3.816999" />
		</GridEntry>
		<GridEntry Row="5" Column="6">
			<target x="488.529388" y="43.819831" />
			<actual x="488.523734" y="43.818770" />
		</GridEntry>
		<GridEntry Row="5" Column="7">
			<target x="488.522040" y="83.814788" />
			<actual x="488.517269" y="83.816223" />
		</GridEntry>
		<GridEntry Row="5" Column="8">
			<target x="488.519097" y="123.823344" />
			<actual x="488.509778" y="123.819001" />
		</GridEntry>
		<GridEntry Row="5" Column="9">
			<target x="488.515598" y="163.825003" />
			<actual x="488.503378" y="163.816981" />
		</GridEntry>
		<GridEntry Row="5" Column="10">
			<target x="488.512197" y="203.825913" />
			<actual x="488.497187" y="203.812966" />
		</GridEntry>
		<GridEntry Row="5" Column="11">
			<target x="488.505547" y="243.824196" />
			<actual x="488.491133" y="243.812294" />
		</GridEntry>
		<GridEntry Row="5" Column="12">
			<target x="488.501182" y="283.825678" />
			<actual x="488.484372" y="283.813205" />
		</GridEntry>
		<GridEntry Row="5" Column="13">
			<target x="488.492747" y="323.821312" />
			<actual x="488.477898" y="323.811252" />
		</GridEntry>
		<GridEntry Row="6" Column="0">
			<target x="448.562658" y="-196.194562" />
			<actual x="448.564209" y="-196.187132" />
		</GridEntry>
		<GridEntry Row="6" Column="1">
			<target x="448.557279" y="-156.193998" />
			<actual x="448.557448" y="-156.187300" />
		</GridEntry>
		<GridEntry Row="6" Column="2">
			<target x="448.553084" y="-116.191043" />
			<actual x="448.551703" y="-116.187880" />
		</GridEntry>
		<GridEntry Row="6" Column="3">
			<target x="448.544382" y="-76.190939" />
			<actual x="448.542836" y="-76.188238" />
		</GridEntry>
		<GridEntry Row="6" Column="4">
			<target x="448.540060" y="-36.194068" />
			<actual x="448.537695" y="-36.190478" />
		</GridEntry>
		<GridEntry Row="6" Column="5">
			<target x="448.533825" y="3.804535" />
			<actual x="448.530854" y="3.808223" />
		</GridEntry>
		<GridEntry Row="6" Column="6">
			<target x="448.529812" y="43.807806" />
			<actual x="448.524441" y="43.808755" />
		</GridEntry>
		<GridEntry Row="6" Column="7">
			<target x="448.521766" y="83.807533" />
			<actual x="448.516914" y="83.811322" />
		</GridEntry>
		<GridEntry Row="6" Column="8">
			<target x="448.520276" y="123.811860" />
			<actual x="448.510534" y="123.808715" />
		</GridEntry>
		<GridEntry Row="6" Column="9">
			<target x="448.516094" y="163.815349" />
			<actual x="448.503078" y="163.808982" />
		</GridEntry>
		<GridEntry Row="6" Column="10">
			<target x="448.512308" y="203.817937" />
			<actual x="448.497516" y="203.808104" />
		</GridEntry>
		<GridEntry Row="6" Column="11">
			<target x="448.506801" y="243.815380" />
			<actual x="448.491192" y="243.805926" />
		</GridEntry>
		<GridEntry Row="6" Column="12">
			<target x="448.501175" y="283.817697" />
			<actual x="448.484894" y="283.807085" />
		</GridEntry>
		<GridEntry Row="6" Column="13">
			<target x="448.492958" y="323.813403" />
			<actual x="448.478822" y="323.805568" />
		</GridEntry>
		<GridEntry Row="7" Column="0">
			<target x="408.559812" y="-196.203816" />
			<actual x="408.563486" y="-196.192595" />
		</GridEntry>
		<GridEntry Row="7" Column="1">
			<target x="408.556173" y="-156.203998" />
			<actual x="408.558649" y="-156.193585" />
		</GridEntry>
		<GridEntry Row="7" Column="2">
			<target x="408.550518" y="-116.202080" />
			<actual x="408.550883" y="-116.195092" />
		</GridEntry>
		<GridEntry Row="7" Column="3">
			<target x="408.543418" y="-76.202319" />
			<actual x="408.544687" y="-76.195490" />
		</GridEntry>
		<GridEntry Row="7" Column="4">
			<target x="408.538102" y="-36.204255" />
			<actual x="408.538230" y="-36.196545" />
		</GridEntry>
		<GridEntry Row="7" Column="5">
			<target x="408.533200" y="3.795983" />
			<actual x="408.532231" y="3.803924" />
		</GridEntry>
		<GridEntry Row="7" Column="6">
			<target x="408.528904" y="43.798767" />
			<actual x="408.524788" y="43.802504" />
		</GridEntry>
		<GridEntry Row="7" Column="7">
			<target x="408.522568" y="83.800636" />
			<actual x="408.518843" y="83.805911" />
		</GridEntry>
		<GridEntry Row="7" Column="8">
			<target x="408.519500" y="123.803986" />
			<actual x="408.511784" y="123.804541" />
		</GridEntry>
		<GridEntry Row="7" Column="9">
			<target x="408.514822" y="163.805522" />
			<actual x="408.504228" y="163.804235" />
		</GridEntry>
		<GridEntry Row="7" Column="10">
			<target x="408.512708" y="203.806246" />
			<actual x="408.499996" y="203.800094" />
		</GridEntry>
		<GridEntry Row="7" Column="11">
			<target x="408.504751" y="243.806209" />
			<actual x="408.492466" y="243.800122" />
		</GridEntry>
		<GridEntry Row="7" Column="12">
			<target x="408.499941" y="283.807446" />
			<actual x="408.485489" y="283.800438" />
		</GridEntry>
		<GridEntry Row="7" Column="13">
			<target x="408.493159" y="323.806169" />
			<actual x="408.479832" y="323.799507" />
		</GridEntry>
		<GridEntry Row="8" Column="0">
			<target x="368.564067" y="-196.212825" />
			<actual x="368.567216" y="-196.200143" />
		</GridEntry>
		<GridEntry Row="8" Column="1">
			<target x="368.559311" y="-156.214770" />
			<actual x="368.560753" y="-156.202276" />
		</GridEntry>
		<GridEntry Row="8" Column="2">
			<target x="368.556000" y="-116.211407" />
			<actual x="368.555182" y="-116.201012" />
		</GridEntry>
		<GridEntry Row="8" Column="3">
			<target x="368.549087" y="-76.211987" />
			<actual x="368.548301" y="-76.202493" />
		</GridEntry>
		<GridEntry Row="8" Column="4">
			<target x="368.543082" y="-36.212628" />
			<actual x="368.541644" y="-36.202449" />
		</GridEntry>
		<GridEntry Row="8" Column="5">
			<target x="368.536442" y="3.786697" />
			<actual x="368.533850" y="3.796311" />
		</GridEntry>
		<GridEntry Row="8" Column="6">
			<target x="368.533543" y="43.789853" />
			<actual x="368.528601" y="43.796263" />
		</GridEntry>
		<GridEntry Row="8" Column="7">
			<target x="368.525257" y="83.790482" />
			<actual x="368.520977" y="83.797740" />
		</GridEntry>
		<GridEntry Row="8" Column="8">
			<target x="368.522508" y="123.793354" />
			<actual x="368.513659" y="123.795648" />
		</GridEntry>
		<GridEntry Row="8" Column="9">
			<target x="368.519456" y="163.798542" />
			<actual x="368.508371" y="163.799417" />
		</GridEntry>
		<GridEntry Row="8" Column="10">
			<target x="368.516247" y="203.797045" />
			<actual x="368.502648" y="203.794231" />
		</GridEntry>
		<GridEntry Row="8" Column="11">
			<target x="368.508580" y="243.795448" />
			<actual x="368.494670" y="243.792967" />
		</GridEntry>
		<GridEntry Row="8" Column="12">
			<target x="368.503069" y="283.798430" />
			<actual x="368.488037" y="283.794314" />
		</GridEntry>
		<GridEntry Row="8" Column="13">
			<target x="368.495441" y="323.795912" />
			<actual x="368.481784" y="323.791151" />
		</GridEntry>
		<GridEntry Row="9" Column="0">
			<target x="328.560423" y="-196.222554" />
			<actual x="328.566499" y="-196.206285" />
		</GridEntry>
		<GridEntry Row="9" Column="1">
			<target x="328.554979" y="-156.223533" />
			<actual x="328.561106" y="-156.208255" />
		</GridEntry>
		<GridEntry Row="9" Column="2">
			<target x="328.551390" y="-116.220715" />
			<actual x="328.554654" y="-116.209268" />
		</GridEntry>
		<GridEntry Row="9" Column="3">
			<target x="328.544647" y="-76.219793" />
			<actual x="328.548120" y="-76.208768" />
		</GridEntry>
		<GridEntry Row="9" Column="4">
			<target x="328.538728" y="-36.221787" />
			<actual x="328.541655" y="-36.210998" />
		</GridEntry>
		<GridEntry Row="9" Column="5">
			<target x="328.532647" y="3.780680" />
			<actual x="328.534896" y="3.791481" />
		</GridEntry>
		<GridEntry Row="9" Column="6">
			<target x="328.529532" y="43.782072" />
			<actual x="328.529384" y="43.788809" />
		</GridEntry>
		<GridEntry Row="9" Column="7">
			<target x="328.521076" y="83.781335" />
			<actual x="328.520553" y="83.789894" />
		</GridEntry>
		<GridEntry Row="9" Column="8">
			<target x="328.518242" y="123.786149" />
			<actual x="328.513292" y="123.790984" />
		</GridEntry>
		<GridEntry Row="9" Column="9">
			<target x="328.514057" y="163.788567" />
			<actual x="328.507274" y="163.790160" />
		</GridEntry>
		<GridEntry Row="9" Column="10">
			<target x="328.511287" y="203.789173" />
			<actual x="328.500475" y="203.787404" />
		</GridEntry>
		<GridEntry Row="9" Column="11">
			<target x="328.505006" y="243.788418" />
			<actual x="328.494973" y="243.787333" />
		</GridEntry>
		<GridEntry Row="9" Column="12">
			<target x="328.500087" y="283.791277" />
			<actual x="328.488278" y="283.786406" />
		</GridEntry>
		<GridEntry Row="9" Column="13">
			<target x="328.491640" y="323.789567" />
			<actual x="328.481360" y="323.785980" />
		</GridEntry>
		<GridEntry Row="10" Column="0">
			<target x="288.554917" y="-196.232250" />
			<actual x="288.564968" y="-196.213027" />
		</GridEntry>
		<GridEntry Row="10" Column="1">
			<target x="288.550548" y="-156.233493" />
			<actual x="288.560256" y="-156.215141" />
		</GridEntry>
		<GridEntry Row="10" Column="2">
			<target x="288.545801" y="-116.231709" />
			<actual x="288.552871" y="-116.215537" />
		</GridEntry>
		<GridEntry Row="10" Column="3">
			<target x="288.538997" y="-76.229551" />
			<actual x="288.545890" y="-76.214062" />
		</GridEntry>
		<GridEntry Row="10" Column="4">
			<target x="288.533809" y="-36.229935" />
			<actual x="288.540313" y="-36.214506" />
		</GridEntry>
		<GridEntry Row="10" Column="5">
			<target x="288.527021" y="3.770815" />
			<actual x="288.532812" y="3.784698" />
		</GridEntry>
		<GridEntry Row="10" Column="6">
			<target x="288.524448" y="43.772900" />
			<actual x="288.527812" y="43.784084" />
		</GridEntry>
		<GridEntry Row="10" Column="7">
			<target x="288.515598" y="83.773666" />
			<actual x="288.519001" y="83.785869" />
		</GridEntry>
		<GridEntry Row="10" Column="8">
			<target x="288.512445" y="123.775206" />
			<actual x="288.512113" y="123.783767" />
		</GridEntry>
		<GridEntry Row="10" Column="9">
			<target x="288.509734" y="163.778758" />
			<actual x="288.504531" y="163.786374" />
		</GridEntry>
		<GridEntry Row="10" Column="10">
			<target x="288.506986" y="203.779695" />
			<actual x="288.500867" y="203.783387" />
		</GridEntry>
		<GridEntry Row="10" Column="11">
			<target x="288.499823" y="243.778224" />
			<actual x="288.493945" y="243.780070" />
		</GridEntry>
		<GridEntry Row="10" Column="12">
			<target x="288.493669" y="283.782268" />
			<actual x="288.486372" y="283.781862" />
		</GridEntry>
		<GridEntry Row="10" Column="13">
			<target x="288.487776" y="323.780953" />
			<actual x="288.480370" y="323.780689" />
		</GridEntry>
	</Grid>
</MappingContent>
