<?xml version="1.0" encoding="UTF-8"?>
<TemperatureCompensation Version="1.0">
  <Activated Individual="false">true</Activated>
  <Logging>
    <Activated Individual="false">true</Activated>
  </Logging>
  <TemperatureSensors>
    <TemperatureSensor>
      <CompensationCoefficientX Individual="false">-0.001</CompensationCoefficientX>
      <CompensationCoefficientY Individual="false">0.0014</CompensationCoefficientY>
      <BaseTemperature>27.972686</BaseTemperature>
    </TemperatureSensor>
    <TemperatureSensor>
      <CompensationCoefficientX Individual="false">0.0</CompensationCoefficientX>
      <CompensationCoefficientY Individual="false">0.0</CompensationCoefficientY>
      <BaseTemperature>33.387883</BaseTemperature>
    </TemperatureSensor>
  </TemperatureSensors>
</TemperatureCompensation>
