<?xml version="1.0" encoding="UTF-8" standalone="yes"?>
<MappingContent version="1">
	<GeneralData MachineIdAndFrameSerialNumber="00011311-H007" MachineType="X4i S" SwVersion="708.1.0.88" />
	<Grid Name="MappingGrid_1" KindOfMapping="eDEFAULT_MAPPING" NrOfRows="11" NrOfColumns="14" MeshWidthX="40.000000" MeshWidthY="40.000000" Resolution="eSTANDARD_RESOLUTION" MappingMode="eDEFAULT_MODE" ContextPlainText="ePCBMAPPING" Context="1" DeviceID="Default#0000000000000000000000">
		<CalibrationDate counter="130773543313410000" date_time="2015-May-29 08:25:31" />
		<GridEntry Row="0" Column="0">
			<target x="-367.987092" y="-322.630807" />
			<actual x="-368.013822" y="-322.588692" />
		</GridEntry>
		<GridEntry Row="0" Column="1">
			<target x="-367.982801" y="-282.631807" />
			<actual x="-368.008756" y="-282.591691" />
		</GridEntry>
		<GridEntry Row="0" Column="2">
			<target x="-367.979510" y="-242.631807" />
			<actual x="-368.000919" y="-242.595420" />
		</GridEntry>
		<GridEntry Row="0" Column="3">
			<target x="-367.976219" y="-202.631807" />
			<actual x="-367.995812" y="-202.599638" />
		</GridEntry>
		<GridEntry Row="0" Column="4">
			<target x="-367.972928" y="-162.631807" />
			<actual x="-367.991621" y="-162.603644" />
		</GridEntry>
		<GridEntry Row="0" Column="5">
			<target x="-367.970637" y="-122.631807" />
			<actual x="-367.985275" y="-122.607147" />
		</GridEntry>
		<GridEntry Row="0" Column="6">
			<target x="-367.968345" y="-82.631807" />
			<actual x="-367.979262" y="-82.612702" />
		</GridEntry>
		<GridEntry Row="0" Column="7">
			<target x="-367.965054" y="-42.631808" />
			<actual x="-367.974785" y="-42.615487" />
		</GridEntry>
		<GridEntry Row="0" Column="8">
			<target x="-367.962763" y="-2.630808" />
			<actual x="-367.969634" y="-2.619786" />
		</GridEntry>
		<GridEntry Row="0" Column="9">
			<target x="-367.959472" y="37.369192" />
			<actual x="-367.963902" y="37.378233" />
		</GridEntry>
		<GridEntry Row="0" Column="10">
			<target x="-367.955181" y="77.369192" />
			<actual x="-367.957949" y="77.375598" />
		</GridEntry>
		<GridEntry Row="0" Column="11">
			<target x="-367.950890" y="117.369192" />
			<actual x="-367.953342" y="117.370088" />
		</GridEntry>
		<GridEntry Row="0" Column="12">
			<target x="-367.947599" y="157.369192" />
			<actual x="-367.948168" y="157.366613" />
		</GridEntry>
		<GridEntry Row="0" Column="13">
			<target x="-367.944308" y="197.369192" />
			<actual x="-367.942695" y="197.364614" />
		</GridEntry>
		<GridEntry Row="1" Column="0">
			<target x="-407.986092" y="-322.627516" />
			<actual x="-408.009215" y="-322.586740" />
		</GridEntry>
		<GridEntry Row="1" Column="1">
			<target x="-407.982801" y="-282.628516" />
			<actual x="-408.004273" y="-282.588748" />
		</GridEntry>
		<GridEntry Row="1" Column="2">
			<target x="-407.979510" y="-242.628516" />
			<actual x="-407.995993" y="-242.592606" />
		</GridEntry>
		<GridEntry Row="1" Column="3">
			<target x="-407.976219" y="-202.628516" />
			<actual x="-407.991970" y="-202.597062" />
		</GridEntry>
		<GridEntry Row="1" Column="4">
			<target x="-407.972928" y="-162.628516" />
			<actual x="-407.987112" y="-162.601060" />
		</GridEntry>
		<GridEntry Row="1" Column="5">
			<target x="-407.970636" y="-122.628516" />
			<actual x="-407.980352" y="-122.605643" />
		</GridEntry>
		<GridEntry Row="1" Column="6">
			<target x="-407.967345" y="-82.628516" />
			<actual x="-407.974011" y="-82.612920" />
		</GridEntry>
		<GridEntry Row="1" Column="7">
			<target x="-407.965054" y="-42.628517" />
			<actual x="-407.969940" y="-42.614161" />
		</GridEntry>
		<GridEntry Row="1" Column="8">
			<target x="-407.961763" y="-2.628517" />
			<actual x="-407.964288" y="-2.618392" />
		</GridEntry>
		<GridEntry Row="1" Column="9">
			<target x="-407.959472" y="37.371483" />
			<actual x="-407.958909" y="37.379075" />
		</GridEntry>
		<GridEntry Row="1" Column="10">
			<target x="-407.955181" y="77.371483" />
			<actual x="-407.953297" y="77.376506" />
		</GridEntry>
		<GridEntry Row="1" Column="11">
			<target x="-407.950890" y="117.371483" />
			<actual x="-407.948828" y="117.370875" />
		</GridEntry>
		<GridEntry Row="1" Column="12">
			<target x="-407.947599" y="157.371483" />
			<actual x="-407.943237" y="157.368045" />
		</GridEntry>
		<GridEntry Row="1" Column="13">
			<target x="-407.943308" y="197.371483" />
			<actual x="-407.938093" y="197.365600" />
		</GridEntry>
		<GridEntry Row="2" Column="0">
			<target x="-447.987092" y="-322.624225" />
			<actual x="-448.005798" y="-322.590831" />
		</GridEntry>
		<GridEntry Row="2" Column="1">
			<target x="-447.982801" y="-282.625225" />
			<actual x="-447.999841" y="-282.592916" />
		</GridEntry>
		<GridEntry Row="2" Column="2">
			<target x="-447.979510" y="-242.625225" />
			<actual x="-447.992431" y="-242.597959" />
		</GridEntry>
		<GridEntry Row="2" Column="3">
			<target x="-447.976218" y="-202.625225" />
			<actual x="-447.987722" y="-202.601452" />
		</GridEntry>
		<GridEntry Row="2" Column="4">
			<target x="-447.972927" y="-162.625225" />
			<actual x="-447.982881" y="-162.605093" />
		</GridEntry>
		<GridEntry Row="2" Column="5">
			<target x="-447.970636" y="-122.625225" />
			<actual x="-447.975793" y="-122.608962" />
		</GridEntry>
		<GridEntry Row="2" Column="6">
			<target x="-447.967345" y="-82.625225" />
			<actual x="-447.969540" y="-82.615814" />
		</GridEntry>
		<GridEntry Row="2" Column="7">
			<target x="-447.965054" y="-42.625225" />
			<actual x="-447.965040" y="-42.619065" />
		</GridEntry>
		<GridEntry Row="2" Column="8">
			<target x="-447.961763" y="-2.625226" />
			<actual x="-447.959151" y="-2.623407" />
		</GridEntry>
		<GridEntry Row="2" Column="9">
			<target x="-447.958472" y="37.374774" />
			<actual x="-447.954267" y="37.374314" />
		</GridEntry>
		<GridEntry Row="2" Column="10">
			<target x="-447.955181" y="77.374774" />
			<actual x="-447.949016" y="77.371238" />
		</GridEntry>
		<GridEntry Row="2" Column="11">
			<target x="-447.950890" y="117.374774" />
			<actual x="-447.944213" y="117.366187" />
		</GridEntry>
		<GridEntry Row="2" Column="12">
			<target x="-447.947599" y="157.374774" />
			<actual x="-447.938837" y="157.362381" />
		</GridEntry>
		<GridEntry Row="2" Column="13">
			<target x="-447.943308" y="197.374774" />
			<actual x="-447.932789" y="197.359564" />
		</GridEntry>
		<GridEntry Row="3" Column="0">
			<target x="-487.986092" y="-322.620934" />
			<actual x="-488.000606" y="-322.590096" />
		</GridEntry>
		<GridEntry Row="3" Column="1">
			<target x="-487.982801" y="-282.621934" />
			<actual x="-487.995431" y="-282.592252" />
		</GridEntry>
		<GridEntry Row="3" Column="2">
			<target x="-487.978509" y="-242.621934" />
			<actual x="-487.987358" y="-242.596601" />
		</GridEntry>
		<GridEntry Row="3" Column="3">
			<target x="-487.975218" y="-202.621934" />
			<actual x="-487.983058" y="-202.600963" />
		</GridEntry>
		<GridEntry Row="3" Column="4">
			<target x="-487.971927" y="-162.621934" />
			<actual x="-487.977211" y="-162.604480" />
		</GridEntry>
		<GridEntry Row="3" Column="5">
			<target x="-487.969636" y="-122.621934" />
			<actual x="-487.970795" y="-122.609943" />
		</GridEntry>
		<GridEntry Row="3" Column="6">
			<target x="-487.966345" y="-82.621934" />
			<actual x="-487.964370" y="-82.616356" />
		</GridEntry>
		<GridEntry Row="3" Column="7">
			<target x="-487.964054" y="-42.622934" />
			<actual x="-487.960442" y="-42.619239" />
		</GridEntry>
		<GridEntry Row="3" Column="8">
			<target x="-487.960763" y="-2.622935" />
			<actual x="-487.954043" y="-2.624981" />
		</GridEntry>
		<GridEntry Row="3" Column="9">
			<target x="-487.957472" y="37.377065" />
			<actual x="-487.949493" y="37.373432" />
		</GridEntry>
		<GridEntry Row="3" Column="10">
			<target x="-487.954181" y="77.378065" />
			<actual x="-487.943910" y="77.370748" />
		</GridEntry>
		<GridEntry Row="3" Column="11">
			<target x="-487.949890" y="117.377065" />
			<actual x="-487.939458" y="117.365214" />
		</GridEntry>
		<GridEntry Row="3" Column="12">
			<target x="-487.946599" y="157.377065" />
			<actual x="-487.934390" y="157.360096" />
		</GridEntry>
		<GridEntry Row="3" Column="13">
			<target x="-487.942308" y="197.377065" />
			<actual x="-487.927530" y="197.355282" />
		</GridEntry>
		<GridEntry Row="4" Column="0">
			<target x="-527.985091" y="-322.617643" />
			<actual x="-527.998038" y="-322.587469" />
		</GridEntry>
		<GridEntry Row="4" Column="1">
			<target x="-527.980800" y="-282.618643" />
			<actual x="-527.992263" y="-282.589975" />
		</GridEntry>
		<GridEntry Row="4" Column="2">
			<target x="-527.977509" y="-242.618643" />
			<actual x="-527.985732" y="-242.595046" />
		</GridEntry>
		<GridEntry Row="4" Column="3">
			<target x="-527.974218" y="-202.618643" />
			<actual x="-527.979220" y="-202.599413" />
		</GridEntry>
		<GridEntry Row="4" Column="4">
			<target x="-527.970927" y="-162.618643" />
			<actual x="-527.973519" y="-162.603900" />
		</GridEntry>
		<GridEntry Row="4" Column="5">
			<target x="-527.967636" y="-122.619643" />
			<actual x="-527.967060" y="-122.608675" />
		</GridEntry>
		<GridEntry Row="4" Column="6">
			<target x="-527.964345" y="-82.619643" />
			<actual x="-527.960818" y="-82.615501" />
		</GridEntry>
		<GridEntry Row="4" Column="7">
			<target x="-527.962054" y="-42.619643" />
			<actual x="-527.956890" y="-42.618202" />
		</GridEntry>
		<GridEntry Row="4" Column="8">
			<target x="-527.958763" y="-2.619644" />
			<actual x="-527.951913" y="-2.624003" />
		</GridEntry>
		<GridEntry Row="4" Column="9">
			<target x="-527.956472" y="37.380356" />
			<actual x="-527.947485" y="37.374362" />
		</GridEntry>
		<GridEntry Row="4" Column="10">
			<target x="-527.952181" y="77.380356" />
			<actual x="-527.941995" y="77.371428" />
		</GridEntry>
		<GridEntry Row="4" Column="11">
			<target x="-527.948890" y="117.380356" />
			<actual x="-527.936599" y="117.365463" />
		</GridEntry>
		<GridEntry Row="4" Column="12">
			<target x="-527.944598" y="157.380356" />
			<actual x="-527.931967" y="157.360255" />
		</GridEntry>
		<GridEntry Row="4" Column="13">
			<target x="-527.941307" y="197.379356" />
			<actual x="-527.925557" y="197.357951" />
		</GridEntry>
		<GridEntry Row="5" Column="0">
			<target x="-567.985091" y="-322.614351" />
			<actual x="-567.997177" y="-322.589505" />
		</GridEntry>
		<GridEntry Row="5" Column="1">
			<target x="-567.980800" y="-282.615352" />
			<actual x="-567.991006" y="-282.592635" />
		</GridEntry>
		<GridEntry Row="5" Column="2">
			<target x="-567.977509" y="-242.615352" />
			<actual x="-567.984092" y="-242.598117" />
		</GridEntry>
		<GridEntry Row="5" Column="3">
			<target x="-567.974218" y="-202.615352" />
			<actual x="-567.978582" y="-202.601345" />
		</GridEntry>
		<GridEntry Row="5" Column="4">
			<target x="-567.970927" y="-162.616352" />
			<actual x="-567.973237" y="-162.606220" />
		</GridEntry>
		<GridEntry Row="5" Column="5">
			<target x="-567.967636" y="-122.616352" />
			<actual x="-567.966614" y="-122.611596" />
		</GridEntry>
		<GridEntry Row="5" Column="6">
			<target x="-567.964345" y="-82.616352" />
			<actual x="-567.960158" y="-82.618821" />
		</GridEntry>
		<GridEntry Row="5" Column="7">
			<target x="-567.962054" y="-42.616352" />
			<actual x="-567.956337" y="-42.621347" />
		</GridEntry>
		<GridEntry Row="5" Column="8">
			<target x="-567.958763" y="-2.616353" />
			<actual x="-567.950716" y="-2.627496" />
		</GridEntry>
		<GridEntry Row="5" Column="9">
			<target x="-567.955472" y="37.383647" />
			<actual x="-567.946359" y="37.371348" />
		</GridEntry>
		<GridEntry Row="5" Column="10">
			<target x="-567.952181" y="77.383647" />
			<actual x="-567.941087" y="77.368455" />
		</GridEntry>
		<GridEntry Row="5" Column="11">
			<target x="-567.947889" y="117.382647" />
			<actual x="-567.936775" y="117.362040" />
		</GridEntry>
		<GridEntry Row="5" Column="12">
			<target x="-567.944598" y="157.382647" />
			<actual x="-567.931021" y="157.357171" />
		</GridEntry>
		<GridEntry Row="5" Column="13">
			<target x="-567.941307" y="197.382647" />
			<actual x="-567.925503" y="197.354355" />
		</GridEntry>
		<GridEntry Row="6" Column="0">
			<target x="-607.985091" y="-322.611060" />
			<actual x="-607.996157" y="-322.587753" />
		</GridEntry>
		<GridEntry Row="6" Column="1">
			<target x="-607.980800" y="-282.612061" />
			<actual x="-607.990205" y="-282.589780" />
		</GridEntry>
		<GridEntry Row="6" Column="2">
			<target x="-607.977509" y="-242.612061" />
			<actual x="-607.983024" y="-242.595802" />
		</GridEntry>
		<GridEntry Row="6" Column="3">
			<target x="-607.974218" y="-202.612061" />
			<actual x="-607.978186" y="-202.600009" />
		</GridEntry>
		<GridEntry Row="6" Column="4">
			<target x="-607.970927" y="-162.613061" />
			<actual x="-607.973123" y="-162.605098" />
		</GridEntry>
		<GridEntry Row="6" Column="5">
			<target x="-607.967636" y="-122.613061" />
			<actual x="-607.966334" y="-122.610206" />
		</GridEntry>
		<GridEntry Row="6" Column="6">
			<target x="-607.964345" y="-82.613061" />
			<actual x="-607.959717" y="-82.617857" />
		</GridEntry>
		<GridEntry Row="6" Column="7">
			<target x="-607.961054" y="-42.613061" />
			<actual x="-607.955097" y="-42.620591" />
		</GridEntry>
		<GridEntry Row="6" Column="8">
			<target x="-607.957763" y="-2.613062" />
			<actual x="-607.949301" y="-2.626732" />
		</GridEntry>
		<GridEntry Row="6" Column="9">
			<target x="-607.955471" y="37.386938" />
			<actual x="-607.945058" y="37.372377" />
		</GridEntry>
		<GridEntry Row="6" Column="10">
			<target x="-607.951180" y="77.386938" />
			<actual x="-607.939508" y="77.369045" />
		</GridEntry>
		<GridEntry Row="6" Column="11">
			<target x="-607.947889" y="117.385938" />
			<actual x="-607.934025" y="117.362515" />
		</GridEntry>
		<GridEntry Row="6" Column="12">
			<target x="-607.944598" y="157.385938" />
			<actual x="-607.929607" y="157.357740" />
		</GridEntry>
		<GridEntry Row="6" Column="13">
			<target x="-607.941307" y="197.385938" />
			<actual x="-607.924112" y="197.355061" />
		</GridEntry>
		<GridEntry Row="7" Column="0">
			<target x="-647.984091" y="-322.608769" />
			<actual x="-647.998435" y="-322.586011" />
		</GridEntry>
		<GridEntry Row="7" Column="1">
			<target x="-647.979800" y="-282.608770" />
			<actual x="-647.991657" y="-282.588776" />
		</GridEntry>
		<GridEntry Row="7" Column="2">
			<target x="-647.976509" y="-242.608770" />
			<actual x="-647.984244" y="-242.594407" />
		</GridEntry>
		<GridEntry Row="7" Column="3">
			<target x="-647.973218" y="-202.609770" />
			<actual x="-647.979464" y="-202.598625" />
		</GridEntry>
		<GridEntry Row="7" Column="4">
			<target x="-647.969927" y="-162.609770" />
			<actual x="-647.973676" y="-162.603537" />
		</GridEntry>
		<GridEntry Row="7" Column="5">
			<target x="-647.966636" y="-122.609770" />
			<actual x="-647.967050" y="-122.608995" />
		</GridEntry>
		<GridEntry Row="7" Column="6">
			<target x="-647.963345" y="-82.609770" />
			<actual x="-647.960599" y="-82.617223" />
		</GridEntry>
		<GridEntry Row="7" Column="7">
			<target x="-647.960054" y="-42.610770" />
			<actual x="-647.956095" y="-42.620226" />
		</GridEntry>
		<GridEntry Row="7" Column="8">
			<target x="-647.956763" y="-2.610770" />
			<actual x="-647.950840" y="-2.626922" />
		</GridEntry>
		<GridEntry Row="7" Column="9">
			<target x="-647.953471" y="37.389229" />
			<actual x="-647.946482" y="37.372169" />
		</GridEntry>
		<GridEntry Row="7" Column="10">
			<target x="-647.950180" y="77.389229" />
			<actual x="-647.940181" y="77.369355" />
		</GridEntry>
		<GridEntry Row="7" Column="11">
			<target x="-647.946889" y="117.389229" />
			<actual x="-647.934498" y="117.362750" />
		</GridEntry>
		<GridEntry Row="7" Column="12">
			<target x="-647.943598" y="157.389229" />
			<actual x="-647.930989" y="157.357765" />
		</GridEntry>
		<GridEntry Row="7" Column="13">
			<target x="-647.940307" y="197.389229" />
			<actual x="-647.925327" y="197.354787" />
		</GridEntry>
		<GridEntry Row="8" Column="0">
			<target x="-687.983091" y="-322.605478" />
			<actual x="-687.997957" y="-322.588302" />
		</GridEntry>
		<GridEntry Row="8" Column="1">
			<target x="-687.978800" y="-282.606479" />
			<actual x="-687.990655" y="-282.590800" />
		</GridEntry>
		<GridEntry Row="8" Column="2">
			<target x="-687.975509" y="-242.606479" />
			<actual x="-687.982906" y="-242.596899" />
		</GridEntry>
		<GridEntry Row="8" Column="3">
			<target x="-687.971218" y="-202.606479" />
			<actual x="-687.977239" y="-202.600970" />
		</GridEntry>
		<GridEntry Row="8" Column="4">
			<target x="-687.967927" y="-162.606479" />
			<actual x="-687.971650" y="-162.605319" />
		</GridEntry>
		<GridEntry Row="8" Column="5">
			<target x="-687.964636" y="-122.607479" />
			<actual x="-687.964991" y="-122.611763" />
		</GridEntry>
		<GridEntry Row="8" Column="6">
			<target x="-687.962345" y="-82.607479" />
			<actual x="-687.958969" y="-82.620045" />
		</GridEntry>
		<GridEntry Row="8" Column="7">
			<target x="-687.959053" y="-42.607479" />
			<actual x="-687.954702" y="-42.623419" />
		</GridEntry>
		<GridEntry Row="8" Column="8">
			<target x="-687.956762" y="-2.607479" />
			<actual x="-687.951001" y="-2.629305" />
		</GridEntry>
		<GridEntry Row="8" Column="9">
			<target x="-687.953471" y="37.392520" />
			<actual x="-687.945205" y="37.369575" />
		</GridEntry>
		<GridEntry Row="8" Column="10">
			<target x="-687.949180" y="77.392520" />
			<actual x="-687.939430" y="77.365940" />
		</GridEntry>
		<GridEntry Row="8" Column="11">
			<target x="-687.945889" y="117.392520" />
			<actual x="-687.935348" y="117.359805" />
		</GridEntry>
		<GridEntry Row="8" Column="12">
			<target x="-687.943598" y="157.392520" />
			<actual x="-687.930456" y="157.355036" />
		</GridEntry>
		<GridEntry Row="8" Column="13">
			<target x="-687.939307" y="197.391520" />
			<actual x="-687.925309" y="197.352164" />
		</GridEntry>
		<GridEntry Row="9" Column="0">
			<target x="-727.983091" y="-322.603187" />
			<actual x="-727.997636" y="-322.585764" />
		</GridEntry>
		<GridEntry Row="9" Column="1">
			<target x="-727.978800" y="-282.603187" />
			<actual x="-727.990702" y="-282.588649" />
		</GridEntry>
		<GridEntry Row="9" Column="2">
			<target x="-727.975509" y="-242.603188" />
			<actual x="-727.982612" y="-242.594530" />
		</GridEntry>
		<GridEntry Row="9" Column="3">
			<target x="-727.971218" y="-202.603188" />
			<actual x="-727.977329" y="-202.598534" />
		</GridEntry>
		<GridEntry Row="9" Column="4">
			<target x="-727.967927" y="-162.604188" />
			<actual x="-727.971239" y="-162.603177" />
		</GridEntry>
		<GridEntry Row="9" Column="5">
			<target x="-727.964636" y="-122.604188" />
			<actual x="-727.964795" y="-122.610664" />
		</GridEntry>
		<GridEntry Row="9" Column="6">
			<target x="-727.962344" y="-82.604188" />
			<actual x="-727.958189" y="-82.618827" />
		</GridEntry>
		<GridEntry Row="9" Column="7">
			<target x="-727.959053" y="-42.604188" />
			<actual x="-727.953472" y="-42.621527" />
		</GridEntry>
		<GridEntry Row="9" Column="8">
			<target x="-727.955762" y="-2.604188" />
			<actual x="-727.949268" y="-2.627487" />
		</GridEntry>
		<GridEntry Row="9" Column="9">
			<target x="-727.952471" y="37.395811" />
			<actual x="-727.943435" y="37.369748" />
		</GridEntry>
		<GridEntry Row="9" Column="10">
			<target x="-727.949180" y="77.395811" />
			<actual x="-727.940096" y="77.368007" />
		</GridEntry>
		<GridEntry Row="9" Column="11">
			<target x="-727.945889" y="117.394811" />
			<actual x="-727.935062" y="117.361094" />
		</GridEntry>
		<GridEntry Row="9" Column="12">
			<target x="-727.943598" y="157.394811" />
			<actual x="-727.930282" y="157.356006" />
		</GridEntry>
		<GridEntry Row="9" Column="13">
			<target x="-727.939307" y="197.394811" />
			<actual x="-727.925456" y="197.353740" />
		</GridEntry>
		<GridEntry Row="10" Column="0">
			<target x="-767.983091" y="-322.599896" />
			<actual x="-767.994078" y="-322.588644" />
		</GridEntry>
		<GridEntry Row="10" Column="1">
			<target x="-767.978800" y="-282.600896" />
			<actual x="-767.987568" y="-282.589973" />
		</GridEntry>
		<GridEntry Row="10" Column="2">
			<target x="-767.975509" y="-242.600896" />
			<actual x="-767.979986" y="-242.595985" />
		</GridEntry>
		<GridEntry Row="10" Column="3">
			<target x="-767.971218" y="-202.600897" />
			<actual x="-767.974194" y="-202.600038" />
		</GridEntry>
		<GridEntry Row="10" Column="4">
			<target x="-767.967926" y="-162.600897" />
			<actual x="-767.968373" y="-162.605369" />
		</GridEntry>
		<GridEntry Row="10" Column="5">
			<target x="-767.964635" y="-122.600897" />
			<actual x="-767.961588" y="-122.612768" />
		</GridEntry>
		<GridEntry Row="10" Column="6">
			<target x="-767.961344" y="-82.600897" />
			<actual x="-767.955224" y="-82.622400" />
		</GridEntry>
		<GridEntry Row="10" Column="7">
			<target x="-767.958053" y="-42.600897" />
			<actual x="-767.952004" y="-42.623994" />
		</GridEntry>
		<GridEntry Row="10" Column="8">
			<target x="-767.954762" y="-2.600897" />
			<actual x="-767.945882" y="-2.633156" />
		</GridEntry>
		<GridEntry Row="10" Column="9">
			<target x="-767.952471" y="37.398103" />
			<actual x="-767.939814" y="37.369184" />
		</GridEntry>
		<GridEntry Row="10" Column="10">
			<target x="-767.949180" y="77.398102" />
			<actual x="-767.935580" y="77.366572" />
		</GridEntry>
		<GridEntry Row="10" Column="11">
			<target x="-767.945889" y="117.398102" />
			<actual x="-767.932499" y="117.359536" />
		</GridEntry>
		<GridEntry Row="10" Column="12">
			<target x="-767.942598" y="157.398102" />
			<actual x="-767.926844" y="157.354652" />
		</GridEntry>
		<GridEntry Row="10" Column="13">
			<target x="-767.939307" y="197.398102" />
			<actual x="-767.922087" y="197.353655" />
		</GridEntry>
	</Grid>
	<Grid Name="MappingGrid_2" KindOfMapping="eDEFAULT_MAPPING" NrOfRows="11" NrOfColumns="14" MeshWidthX="40.000000" MeshWidthY="40.000000" Resolution="eSTANDARD_RESOLUTION" MappingMode="eDEFAULT_MODE" ContextPlainText="ePCBMAPPING" Context="1" DeviceID="Default#0000000000000000000000">
		<CalibrationDate counter="130773566272000000" date_time="2015-May-29 09:03:47" />
		<GridEntry Row="0" Column="0">
			<target x="-369.103393" y="-195.781781" />
			<actual x="-369.123724" y="-195.749298" />
		</GridEntry>
		<GridEntry Row="0" Column="1">
			<target x="-369.114605" y="-155.782782" />
			<actual x="-369.134085" y="-155.749931" />
		</GridEntry>
		<GridEntry Row="0" Column="2">
			<target x="-369.126818" y="-115.782784" />
			<actual x="-369.142524" y="-115.754786" />
		</GridEntry>
		<GridEntry Row="0" Column="3">
			<target x="-369.139030" y="-75.782786" />
			<actual x="-369.151244" y="-75.759410" />
		</GridEntry>
		<GridEntry Row="0" Column="4">
			<target x="-369.151243" y="-35.782788" />
			<actual x="-369.162348" y="-35.760726" />
		</GridEntry>
		<GridEntry Row="0" Column="5">
			<target x="-369.164455" y="4.217210" />
			<actual x="-369.172681" y="4.236891" />
		</GridEntry>
		<GridEntry Row="0" Column="6">
			<target x="-369.177668" y="44.217208" />
			<actual x="-369.183644" y="44.235752" />
		</GridEntry>
		<GridEntry Row="0" Column="7">
			<target x="-369.189880" y="84.217206" />
			<actual x="-369.194465" y="84.234641" />
		</GridEntry>
		<GridEntry Row="0" Column="8">
			<target x="-369.203093" y="124.218204" />
			<actual x="-369.205860" y="124.230852" />
		</GridEntry>
		<GridEntry Row="0" Column="9">
			<target x="-369.215305" y="164.218202" />
			<actual x="-369.215840" y="164.229136" />
		</GridEntry>
		<GridEntry Row="0" Column="10">
			<target x="-369.226518" y="204.218200" />
			<actual x="-369.224979" y="204.227824" />
		</GridEntry>
		<GridEntry Row="0" Column="11">
			<target x="-369.237730" y="244.218199" />
			<actual x="-369.234021" y="244.224844" />
		</GridEntry>
		<GridEntry Row="0" Column="12">
			<target x="-369.249943" y="284.218197" />
			<actual x="-369.244221" y="284.222448" />
		</GridEntry>
		<GridEntry Row="0" Column="13">
			<target x="-369.262155" y="324.218195" />
			<actual x="-369.254697" y="324.219885" />
		</GridEntry>
		<GridEntry Row="1" Column="0">
			<target x="-409.102391" y="-195.793993" />
			<actual x="-409.120012" y="-195.762400" />
		</GridEntry>
		<GridEntry Row="1" Column="1">
			<target x="-409.114603" y="-155.794995" />
			<actual x="-409.129860" y="-155.763726" />
		</GridEntry>
		<GridEntry Row="1" Column="2">
			<target x="-409.126816" y="-115.794996" />
			<actual x="-409.139243" y="-115.768427" />
		</GridEntry>
		<GridEntry Row="1" Column="3">
			<target x="-409.139028" y="-75.794998" />
			<actual x="-409.147642" y="-75.772006" />
		</GridEntry>
		<GridEntry Row="1" Column="4">
			<target x="-409.151241" y="-35.795000" />
			<actual x="-409.158952" y="-35.774530" />
		</GridEntry>
		<GridEntry Row="1" Column="5">
			<target x="-409.164453" y="4.204998" />
			<actual x="-409.169795" y="4.222276" />
		</GridEntry>
		<GridEntry Row="1" Column="6">
			<target x="-409.176666" y="44.204996" />
			<actual x="-409.180417" y="44.221059" />
		</GridEntry>
		<GridEntry Row="1" Column="7">
			<target x="-409.189878" y="84.204994" />
			<actual x="-409.191389" y="84.220186" />
		</GridEntry>
		<GridEntry Row="1" Column="8">
			<target x="-409.202091" y="124.204992" />
			<actual x="-409.202560" y="124.216510" />
		</GridEntry>
		<GridEntry Row="1" Column="9">
			<target x="-409.215303" y="164.204990" />
			<actual x="-409.212939" y="164.214538" />
		</GridEntry>
		<GridEntry Row="1" Column="10">
			<target x="-409.226516" y="204.204988" />
			<actual x="-409.222010" y="204.213085" />
		</GridEntry>
		<GridEntry Row="1" Column="11">
			<target x="-409.237728" y="244.204986" />
			<actual x="-409.231012" y="244.209544" />
		</GridEntry>
		<GridEntry Row="1" Column="12">
			<target x="-409.249940" y="284.204985" />
			<actual x="-409.240711" y="284.207066" />
		</GridEntry>
		<GridEntry Row="1" Column="13">
			<target x="-409.261153" y="324.204983" />
			<actual x="-409.250656" y="324.206199" />
		</GridEntry>
		<GridEntry Row="2" Column="0">
			<target x="-449.103389" y="-195.806206" />
			<actual x="-449.116822" y="-195.781993" />
		</GridEntry>
		<GridEntry Row="2" Column="1">
			<target x="-449.114602" y="-155.807207" />
			<actual x="-449.126845" y="-155.786854" />
		</GridEntry>
		<GridEntry Row="2" Column="2">
			<target x="-449.126814" y="-115.807209" />
			<actual x="-449.134856" y="-115.790765" />
		</GridEntry>
		<GridEntry Row="2" Column="3">
			<target x="-449.139026" y="-75.807211" />
			<actual x="-449.144047" y="-75.793441" />
		</GridEntry>
		<GridEntry Row="2" Column="4">
			<target x="-449.151239" y="-35.807213" />
			<actual x="-449.156490" y="-35.795568" />
		</GridEntry>
		<GridEntry Row="2" Column="5">
			<target x="-449.164451" y="4.192785" />
			<actual x="-449.167142" y="4.202169" />
		</GridEntry>
		<GridEntry Row="2" Column="6">
			<target x="-449.176664" y="44.192783" />
			<actual x="-449.177625" y="44.201282" />
		</GridEntry>
		<GridEntry Row="2" Column="7">
			<target x="-449.189876" y="84.192781" />
			<actual x="-449.187636" y="84.199205" />
		</GridEntry>
		<GridEntry Row="2" Column="8">
			<target x="-449.202089" y="124.192779" />
			<actual x="-449.198879" y="124.195125" />
		</GridEntry>
		<GridEntry Row="2" Column="9">
			<target x="-449.214301" y="164.192777" />
			<actual x="-449.209740" y="164.193577" />
		</GridEntry>
		<GridEntry Row="2" Column="10">
			<target x="-449.226514" y="204.192776" />
			<actual x="-449.220558" y="204.192708" />
		</GridEntry>
		<GridEntry Row="2" Column="11">
			<target x="-449.237726" y="244.192774" />
			<actual x="-449.228121" y="244.188745" />
		</GridEntry>
		<GridEntry Row="2" Column="12">
			<target x="-449.249939" y="284.192772" />
			<actual x="-449.237549" y="284.186106" />
		</GridEntry>
		<GridEntry Row="2" Column="13">
			<target x="-449.261151" y="324.192771" />
			<actual x="-449.246686" y="324.184782" />
		</GridEntry>
		<GridEntry Row="3" Column="0">
			<target x="-489.102388" y="-195.818418" />
			<actual x="-489.112953" y="-195.795897" />
		</GridEntry>
		<GridEntry Row="3" Column="1">
			<target x="-489.114600" y="-155.819420" />
			<actual x="-489.123143" y="-155.797941" />
		</GridEntry>
		<GridEntry Row="3" Column="2">
			<target x="-489.125812" y="-115.819421" />
			<actual x="-489.131065" y="-115.802654" />
		</GridEntry>
		<GridEntry Row="3" Column="3">
			<target x="-489.138025" y="-75.819423" />
			<actual x="-489.140672" y="-75.808090" />
		</GridEntry>
		<GridEntry Row="3" Column="4">
			<target x="-489.150237" y="-35.819425" />
			<actual x="-489.152538" y="-35.809247" />
		</GridEntry>
		<GridEntry Row="3" Column="5">
			<target x="-489.163450" y="4.180573" />
			<actual x="-489.162769" y="4.188128" />
		</GridEntry>
		<GridEntry Row="3" Column="6">
			<target x="-489.175662" y="44.180571" />
			<actual x="-489.173282" y="44.186879" />
		</GridEntry>
		<GridEntry Row="3" Column="7">
			<target x="-489.188874" y="84.179569" />
			<actual x="-489.184150" y="84.185386" />
		</GridEntry>
		<GridEntry Row="3" Column="8">
			<target x="-489.201087" y="124.179567" />
			<actual x="-489.195157" y="124.181601" />
		</GridEntry>
		<GridEntry Row="3" Column="9">
			<target x="-489.213299" y="164.179565" />
			<actual x="-489.205922" y="164.179216" />
		</GridEntry>
		<GridEntry Row="3" Column="10">
			<target x="-489.225512" y="204.180563" />
			<actual x="-489.216969" y="204.178182" />
		</GridEntry>
		<GridEntry Row="3" Column="11">
			<target x="-489.236724" y="244.179562" />
			<actual x="-489.224855" y="244.174852" />
		</GridEntry>
		<GridEntry Row="3" Column="12">
			<target x="-489.248936" y="284.179560" />
			<actual x="-489.234052" y="284.172248" />
		</GridEntry>
		<GridEntry Row="3" Column="13">
			<target x="-489.260149" y="324.179558" />
			<actual x="-489.243306" y="324.169426" />
		</GridEntry>
		<GridEntry Row="4" Column="0">
			<target x="-529.101386" y="-195.830630" />
			<actual x="-529.111730" y="-195.808404" />
		</GridEntry>
		<GridEntry Row="4" Column="1">
			<target x="-529.112598" y="-155.831631" />
			<actual x="-529.120388" y="-155.811638" />
		</GridEntry>
		<GridEntry Row="4" Column="2">
			<target x="-529.124810" y="-115.831633" />
			<actual x="-529.128482" y="-115.816580" />
		</GridEntry>
		<GridEntry Row="4" Column="3">
			<target x="-529.137023" y="-75.831635" />
			<actual x="-529.138160" y="-75.822520" />
		</GridEntry>
		<GridEntry Row="4" Column="4">
			<target x="-529.149235" y="-35.831637" />
			<actual x="-529.149723" y="-35.823672" />
		</GridEntry>
		<GridEntry Row="4" Column="5">
			<target x="-529.161447" y="4.167361" />
			<actual x="-529.160025" y="4.173069" />
		</GridEntry>
		<GridEntry Row="4" Column="6">
			<target x="-529.173660" y="44.167359" />
			<actual x="-529.170773" y="44.171436" />
		</GridEntry>
		<GridEntry Row="4" Column="7">
			<target x="-529.186872" y="84.167357" />
			<actual x="-529.182505" y="84.170519" />
		</GridEntry>
		<GridEntry Row="4" Column="8">
			<target x="-529.199085" y="124.167355" />
			<actual x="-529.193765" y="124.166178" />
		</GridEntry>
		<GridEntry Row="4" Column="9">
			<target x="-529.212297" y="164.167353" />
			<actual x="-529.204771" y="164.164083" />
		</GridEntry>
		<GridEntry Row="4" Column="10">
			<target x="-529.223510" y="204.167352" />
			<actual x="-529.214967" y="204.162671" />
		</GridEntry>
		<GridEntry Row="4" Column="11">
			<target x="-529.235722" y="244.167350" />
			<actual x="-529.223192" y="244.156596" />
		</GridEntry>
		<GridEntry Row="4" Column="12">
			<target x="-529.246935" y="284.167348" />
			<actual x="-529.233881" y="284.156621" />
		</GridEntry>
		<GridEntry Row="4" Column="13">
			<target x="-529.259147" y="324.166346" />
			<actual x="-529.243749" y="324.153565" />
		</GridEntry>
		<GridEntry Row="5" Column="0">
			<target x="-569.101384" y="-195.842842" />
			<actual x="-569.112279" y="-195.825263" />
		</GridEntry>
		<GridEntry Row="5" Column="1">
			<target x="-569.112596" y="-155.843844" />
			<actual x="-569.121565" y="-155.829554" />
		</GridEntry>
		<GridEntry Row="5" Column="2">
			<target x="-569.124808" y="-115.843846" />
			<actual x="-569.129577" y="-115.834996" />
		</GridEntry>
		<GridEntry Row="5" Column="3">
			<target x="-569.137021" y="-75.843848" />
			<actual x="-569.138945" y="-75.840358" />
		</GridEntry>
		<GridEntry Row="5" Column="4">
			<target x="-569.149233" y="-35.844849" />
			<actual x="-569.150211" y="-35.841742" />
		</GridEntry>
		<GridEntry Row="5" Column="5">
			<target x="-569.161445" y="4.155149" />
			<actual x="-569.160854" y="4.154227" />
		</GridEntry>
		<GridEntry Row="5" Column="6">
			<target x="-569.173658" y="44.155147" />
			<actual x="-569.171293" y="44.153797" />
		</GridEntry>
		<GridEntry Row="5" Column="7">
			<target x="-569.186870" y="84.155145" />
			<actual x="-569.182532" y="84.152451" />
		</GridEntry>
		<GridEntry Row="5" Column="8">
			<target x="-569.199083" y="124.155143" />
			<actual x="-569.193781" y="124.148505" />
		</GridEntry>
		<GridEntry Row="5" Column="9">
			<target x="-569.211295" y="164.155141" />
			<actual x="-569.204567" y="164.146528" />
		</GridEntry>
		<GridEntry Row="5" Column="10">
			<target x="-569.223508" y="204.155139" />
			<actual x="-569.214647" y="204.145062" />
		</GridEntry>
		<GridEntry Row="5" Column="11">
			<target x="-569.234720" y="244.154138" />
			<actual x="-569.222825" y="244.140880" />
		</GridEntry>
		<GridEntry Row="5" Column="12">
			<target x="-569.246932" y="284.154136" />
			<actual x="-569.234248" y="284.138183" />
		</GridEntry>
		<GridEntry Row="5" Column="13">
			<target x="-569.259145" y="324.154134" />
			<actual x="-569.244754" y="324.135984" />
		</GridEntry>
		<GridEntry Row="6" Column="0">
			<target x="-609.101382" y="-195.855055" />
			<actual x="-609.111632" y="-195.839318" />
		</GridEntry>
		<GridEntry Row="6" Column="1">
			<target x="-609.112594" y="-155.856056" />
			<actual x="-609.120902" y="-155.842080" />
		</GridEntry>
		<GridEntry Row="6" Column="2">
			<target x="-609.124807" y="-115.856058" />
			<actual x="-609.129944" y="-115.847949" />
		</GridEntry>
		<GridEntry Row="6" Column="3">
			<target x="-609.137019" y="-75.856060" />
			<actual x="-609.139447" y="-75.854067" />
		</GridEntry>
		<GridEntry Row="6" Column="4">
			<target x="-609.149231" y="-35.857062" />
			<actual x="-609.150610" y="-35.855081" />
		</GridEntry>
		<GridEntry Row="6" Column="5">
			<target x="-609.161444" y="4.142936" />
			<actual x="-609.161132" y="4.141574" />
		</GridEntry>
		<GridEntry Row="6" Column="6">
			<target x="-609.173656" y="44.142934" />
			<actual x="-609.172021" y="44.140416" />
		</GridEntry>
		<GridEntry Row="6" Column="7">
			<target x="-609.185869" y="84.142933" />
			<actual x="-609.182439" y="84.139121" />
		</GridEntry>
		<GridEntry Row="6" Column="8">
			<target x="-609.198081" y="124.142931" />
			<actual x="-609.193477" y="124.135583" />
		</GridEntry>
		<GridEntry Row="6" Column="9">
			<target x="-609.211293" y="164.142929" />
			<actual x="-609.204113" y="164.133415" />
		</GridEntry>
		<GridEntry Row="6" Column="10">
			<target x="-609.222506" y="204.142927" />
			<actual x="-609.214125" y="204.132210" />
		</GridEntry>
		<GridEntry Row="6" Column="11">
			<target x="-609.234718" y="244.141925" />
			<actual x="-609.222165" y="244.127303" />
		</GridEntry>
		<GridEntry Row="6" Column="12">
			<target x="-609.246930" y="284.141923" />
			<actual x="-609.233880" y="284.124751" />
		</GridEntry>
		<GridEntry Row="6" Column="13">
			<target x="-609.259143" y="324.141921" />
			<actual x="-609.244850" y="324.122156" />
		</GridEntry>
		<GridEntry Row="7" Column="0">
			<target x="-649.100380" y="-195.868267" />
			<actual x="-649.115058" y="-195.852625" />
		</GridEntry>
		<GridEntry Row="7" Column="1">
			<target x="-649.111592" y="-155.868268" />
			<actual x="-649.123376" y="-155.857126" />
		</GridEntry>
		<GridEntry Row="7" Column="2">
			<target x="-649.123805" y="-115.868270" />
			<actual x="-649.132532" y="-115.862594" />
		</GridEntry>
		<GridEntry Row="7" Column="3">
			<target x="-649.136017" y="-75.869272" />
			<actual x="-649.141913" y="-75.869910" />
		</GridEntry>
		<GridEntry Row="7" Column="4">
			<target x="-649.148229" y="-35.869274" />
			<actual x="-649.153020" y="-35.870715" />
		</GridEntry>
		<GridEntry Row="7" Column="5">
			<target x="-649.160442" y="4.130724" />
			<actual x="-649.163594" y="4.125965" />
		</GridEntry>
		<GridEntry Row="7" Column="6">
			<target x="-649.172654" y="44.130722" />
			<actual x="-649.174469" y="44.124826" />
		</GridEntry>
		<GridEntry Row="7" Column="7">
			<target x="-649.184866" y="84.129720" />
			<actual x="-649.184584" y="84.123222" />
		</GridEntry>
		<GridEntry Row="7" Column="8">
			<target x="-649.197079" y="124.129719" />
			<actual x="-649.195872" y="124.120045" />
		</GridEntry>
		<GridEntry Row="7" Column="9">
			<target x="-649.209291" y="164.129717" />
			<actual x="-649.206439" y="164.117354" />
		</GridEntry>
		<GridEntry Row="7" Column="10">
			<target x="-649.221504" y="204.129715" />
			<actual x="-649.216572" y="204.116410" />
		</GridEntry>
		<GridEntry Row="7" Column="11">
			<target x="-649.233716" y="244.129713" />
			<actual x="-649.224652" y="244.111356" />
		</GridEntry>
		<GridEntry Row="7" Column="12">
			<target x="-649.245929" y="284.129711" />
			<actual x="-649.236258" y="284.108784" />
		</GridEntry>
		<GridEntry Row="7" Column="13">
			<target x="-649.258141" y="324.129709" />
			<actual x="-649.247196" y="324.106774" />
		</GridEntry>
		<GridEntry Row="8" Column="0">
			<target x="-689.099378" y="-195.880479" />
			<actual x="-689.115724" y="-195.870089" />
		</GridEntry>
		<GridEntry Row="8" Column="1">
			<target x="-689.110590" y="-155.881481" />
			<actual x="-689.123830" y="-155.873892" />
		</GridEntry>
		<GridEntry Row="8" Column="2">
			<target x="-689.122803" y="-115.881482" />
			<actual x="-689.132172" y="-115.880332" />
		</GridEntry>
		<GridEntry Row="8" Column="3">
			<target x="-689.134015" y="-75.881484" />
			<actual x="-689.140582" y="-75.886906" />
		</GridEntry>
		<GridEntry Row="8" Column="4">
			<target x="-689.146227" y="-35.881486" />
			<actual x="-689.151986" y="-35.887686" />
		</GridEntry>
		<GridEntry Row="8" Column="5">
			<target x="-689.158440" y="4.117512" />
			<actual x="-689.162661" y="4.108526" />
		</GridEntry>
		<GridEntry Row="8" Column="6">
			<target x="-689.171652" y="44.117510" />
			<actual x="-689.173589" y="44.108438" />
		</GridEntry>
		<GridEntry Row="8" Column="7">
			<target x="-689.183864" y="84.117508" />
			<actual x="-689.184057" y="84.107742" />
		</GridEntry>
		<GridEntry Row="8" Column="8">
			<target x="-689.197077" y="124.117506" />
			<actual x="-689.194986" y="124.103190" />
		</GridEntry>
		<GridEntry Row="8" Column="9">
			<target x="-689.209289" y="164.117504" />
			<actual x="-689.205770" y="164.100731" />
		</GridEntry>
		<GridEntry Row="8" Column="10">
			<target x="-689.220502" y="204.117503" />
			<actual x="-689.216015" y="204.099982" />
		</GridEntry>
		<GridEntry Row="8" Column="11">
			<target x="-689.232714" y="244.117501" />
			<actual x="-689.224472" y="244.095321" />
		</GridEntry>
		<GridEntry Row="8" Column="12">
			<target x="-689.245927" y="284.117499" />
			<actual x="-689.236040" y="284.092284" />
		</GridEntry>
		<GridEntry Row="8" Column="13">
			<target x="-689.257139" y="324.116497" />
			<actual x="-689.245463" y="324.090854" />
		</GridEntry>
		<GridEntry Row="9" Column="0">
			<target x="-729.099376" y="-195.893691" />
			<actual x="-729.115834" y="-195.882714" />
		</GridEntry>
		<GridEntry Row="9" Column="1">
			<target x="-729.110588" y="-155.893693" />
			<actual x="-729.124644" y="-155.887142" />
		</GridEntry>
		<GridEntry Row="9" Column="2">
			<target x="-729.122801" y="-115.893695" />
			<actual x="-729.132729" y="-115.893253" />
		</GridEntry>
		<GridEntry Row="9" Column="3">
			<target x="-729.134013" y="-75.893696" />
			<actual x="-729.141344" y="-75.900486" />
		</GridEntry>
		<GridEntry Row="9" Column="4">
			<target x="-729.146225" y="-35.894698" />
			<actual x="-729.152247" y="-35.900640" />
		</GridEntry>
		<GridEntry Row="9" Column="5">
			<target x="-729.158438" y="4.105300" />
			<actual x="-729.162735" y="4.095716" />
		</GridEntry>
		<GridEntry Row="9" Column="6">
			<target x="-729.171650" y="44.105298" />
			<actual x="-729.173241" y="44.095824" />
		</GridEntry>
		<GridEntry Row="9" Column="7">
			<target x="-729.183863" y="84.105296" />
			<actual x="-729.183809" y="84.094494" />
		</GridEntry>
		<GridEntry Row="9" Column="8">
			<target x="-729.196075" y="124.105294" />
			<actual x="-729.194769" y="124.090642" />
		</GridEntry>
		<GridEntry Row="9" Column="9">
			<target x="-729.208288" y="164.105292" />
			<actual x="-729.205755" y="164.087971" />
		</GridEntry>
		<GridEntry Row="9" Column="10">
			<target x="-729.220500" y="204.105290" />
			<actual x="-729.216343" y="204.087208" />
		</GridEntry>
		<GridEntry Row="9" Column="11">
			<target x="-729.232712" y="244.104288" />
			<actual x="-729.224844" y="244.082054" />
		</GridEntry>
		<GridEntry Row="9" Column="12">
			<target x="-729.245925" y="284.104286" />
			<actual x="-729.237153" y="284.079549" />
		</GridEntry>
		<GridEntry Row="9" Column="13">
			<target x="-729.257137" y="324.104285" />
			<actual x="-729.248320" y="324.077482" />
		</GridEntry>
		<GridEntry Row="10" Column="0">
			<target x="-769.099374" y="-195.905904" />
			<actual x="-769.113475" y="-195.900369" />
		</GridEntry>
		<GridEntry Row="10" Column="1">
			<target x="-769.110586" y="-155.906905" />
			<actual x="-769.122212" y="-155.905359" />
		</GridEntry>
		<GridEntry Row="10" Column="2">
			<target x="-769.122798" y="-115.906907" />
			<actual x="-769.130576" y="-115.911896" />
		</GridEntry>
		<GridEntry Row="10" Column="3">
			<target x="-769.134011" y="-75.906909" />
			<actual x="-769.138976" y="-75.919300" />
		</GridEntry>
		<GridEntry Row="10" Column="4">
			<target x="-769.146223" y="-35.906911" />
			<actual x="-769.150432" y="-35.919765" />
		</GridEntry>
		<GridEntry Row="10" Column="5">
			<target x="-769.158436" y="4.093087" />
			<actual x="-769.160549" y="4.076807" />
		</GridEntry>
		<GridEntry Row="10" Column="6">
			<target x="-769.170648" y="44.093086" />
			<actual x="-769.169570" y="44.076161" />
		</GridEntry>
		<GridEntry Row="10" Column="7">
			<target x="-769.182861" y="84.093084" />
			<actual x="-769.181790" y="84.077608" />
		</GridEntry>
		<GridEntry Row="10" Column="8">
			<target x="-769.195073" y="124.093082" />
			<actual x="-769.192284" y="124.072680" />
		</GridEntry>
		<GridEntry Row="10" Column="9">
			<target x="-769.208285" y="164.092080" />
			<actual x="-769.203055" y="164.070774" />
		</GridEntry>
		<GridEntry Row="10" Column="10">
			<target x="-769.220498" y="204.092078" />
			<actual x="-769.213923" y="204.069772" />
		</GridEntry>
		<GridEntry Row="10" Column="11">
			<target x="-769.232710" y="244.092076" />
			<actual x="-769.223095" y="244.062776" />
		</GridEntry>
		<GridEntry Row="10" Column="12">
			<target x="-769.244923" y="284.092074" />
			<actual x="-769.234306" y="284.062145" />
		</GridEntry>
		<GridEntry Row="10" Column="13">
			<target x="-769.257135" y="324.092072" />
			<actual x="-769.245515" y="324.060457" />
		</GridEntry>
	</Grid>
</MappingContent>
