<?xml version="1.0" encoding="UTF-8" standalone="yes"?>
<MappingContent version="1">
	<GeneralData MachineIdAndFrameSerialNumber="00011311-H007" MachineType="X4i S" SwVersion="708.1.0.88" />
	<Grid Name="MappingGrid_1" KindOfMapping="eDEFAULT_MAPPING" NrOfRows="10" NrOfColumns="14" MeshWidthX="40.000000" MeshWidthY="40.000000" Resolution="eSTANDARD_RESOLUTION" MappingMode="eDEFAULT_MODE" ContextPlainText="eHEADMAPPING" Context="2" DeviceID="Default#0000000000000000000000">
		<CalibrationDate counter="130773554955750000" date_time="2015-May-29 08:44:55" />
		<GridEntry Row="0" Column="0">
			<target x="-368.031773" y="-322.609045" />
			<actual x="-368.025146" y="-322.614234" />
		</GridEntry>
		<GridEntry Row="0" Column="1">
			<target x="-368.018011" y="-282.596418" />
			<actual x="-368.011016" y="-282.601335" />
		</GridEntry>
		<GridEntry Row="0" Column="2">
			<target x="-368.007105" y="-242.591927" />
			<actual x="-368.003425" y="-242.602693" />
		</GridEntry>
		<GridEntry Row="0" Column="3">
			<target x="-367.998106" y="-202.586966" />
			<actual x="-367.995819" y="-202.602404" />
		</GridEntry>
		<GridEntry Row="0" Column="4">
			<target x="-367.986843" y="-162.583573" />
			<actual x="-367.987212" y="-162.599300" />
		</GridEntry>
		<GridEntry Row="0" Column="5">
			<target x="-367.980010" y="-122.578563" />
			<actual x="-367.983157" y="-122.600692" />
		</GridEntry>
		<GridEntry Row="0" Column="6">
			<target x="-367.971868" y="-82.575042" />
			<actual x="-367.976865" y="-82.601113" />
		</GridEntry>
		<GridEntry Row="0" Column="7">
			<target x="-367.960570" y="-42.575043" />
			<actual x="-367.966017" y="-42.599479" />
		</GridEntry>
		<GridEntry Row="0" Column="8">
			<target x="-367.952129" y="-2.576622" />
			<actual x="-367.963092" y="-2.600502" />
		</GridEntry>
		<GridEntry Row="0" Column="9">
			<target x="-367.944310" y="37.429183" />
			<actual x="-367.954676" y="37.402077" />
		</GridEntry>
		<GridEntry Row="0" Column="10">
			<target x="-367.936415" y="77.428155" />
			<actual x="-367.947248" y="77.398598" />
		</GridEntry>
		<GridEntry Row="0" Column="11">
			<target x="-367.926493" y="117.432921" />
			<actual x="-367.940852" y="117.401151" />
		</GridEntry>
		<GridEntry Row="0" Column="12">
			<target x="-367.913333" y="157.435688" />
			<actual x="-367.931515" y="157.399271" />
		</GridEntry>
		<GridEntry Row="0" Column="13">
			<target x="-367.903789" y="197.439250" />
			<actual x="-367.923174" y="197.400956" />
		</GridEntry>
		<GridEntry Row="1" Column="0">
			<target x="-408.024778" y="-322.590710" />
			<actual x="-408.017540" y="-322.594892" />
		</GridEntry>
		<GridEntry Row="1" Column="1">
			<target x="-408.019059" y="-282.595027" />
			<actual x="-408.011306" y="-282.596761" />
		</GridEntry>
		<GridEntry Row="1" Column="2">
			<target x="-408.009386" y="-242.586887" />
			<actual x="-408.003904" y="-242.591455" />
		</GridEntry>
		<GridEntry Row="1" Column="3">
			<target x="-408.000679" y="-202.587578" />
			<actual x="-407.995728" y="-202.596229" />
		</GridEntry>
		<GridEntry Row="1" Column="4">
			<target x="-407.990561" y="-162.582404" />
			<actual x="-407.990052" y="-162.596186" />
		</GridEntry>
		<GridEntry Row="1" Column="5">
			<target x="-407.980304" y="-122.577945" />
			<actual x="-407.981002" y="-122.596933" />
		</GridEntry>
		<GridEntry Row="1" Column="6">
			<target x="-407.973026" y="-82.571444" />
			<actual x="-407.975559" y="-82.590773" />
		</GridEntry>
		<GridEntry Row="1" Column="7">
			<target x="-407.964075" y="-42.572404" />
			<actual x="-407.967607" y="-42.592679" />
		</GridEntry>
		<GridEntry Row="1" Column="8">
			<target x="-407.955018" y="-2.572751" />
			<actual x="-407.962763" y="-2.594041" />
		</GridEntry>
		<GridEntry Row="1" Column="9">
			<target x="-407.943654" y="37.430234" />
			<actual x="-407.952437" y="37.404362" />
		</GridEntry>
		<GridEntry Row="1" Column="10">
			<target x="-407.938829" y="77.428972" />
			<actual x="-407.947965" y="77.402278" />
		</GridEntry>
		<GridEntry Row="1" Column="11">
			<target x="-407.926196" y="117.434111" />
			<actual x="-407.938942" y="117.405896" />
		</GridEntry>
		<GridEntry Row="1" Column="12">
			<target x="-407.914221" y="157.439073" />
			<actual x="-407.929767" y="157.405739" />
		</GridEntry>
		<GridEntry Row="1" Column="13">
			<target x="-407.904305" y="197.439520" />
			<actual x="-407.922977" y="197.405314" />
		</GridEntry>
		<GridEntry Row="2" Column="0">
			<target x="-448.028135" y="-322.587515" />
			<actual x="-448.017296" y="-322.588186" />
		</GridEntry>
		<GridEntry Row="2" Column="1">
			<target x="-448.022359" y="-282.587946" />
			<actual x="-448.010767" y="-282.583469" />
		</GridEntry>
		<GridEntry Row="2" Column="2">
			<target x="-448.012797" y="-242.586297" />
			<actual x="-448.004920" y="-242.588640" />
		</GridEntry>
		<GridEntry Row="2" Column="3">
			<target x="-448.003709" y="-202.580023" />
			<actual x="-447.997035" y="-202.586094" />
		</GridEntry>
		<GridEntry Row="2" Column="4">
			<target x="-447.993442" y="-162.578358" />
			<actual x="-447.990830" y="-162.585795" />
		</GridEntry>
		<GridEntry Row="2" Column="5">
			<target x="-447.984390" y="-122.571810" />
			<actual x="-447.983415" y="-122.585012" />
		</GridEntry>
		<GridEntry Row="2" Column="6">
			<target x="-447.975349" y="-82.569406" />
			<actual x="-447.976153" y="-82.585367" />
		</GridEntry>
		<GridEntry Row="2" Column="7">
			<target x="-447.967290" y="-42.567832" />
			<actual x="-447.969394" y="-42.585167" />
		</GridEntry>
		<GridEntry Row="2" Column="8">
			<target x="-447.957126" y="-2.568961" />
			<actual x="-447.961114" y="-2.585821" />
		</GridEntry>
		<GridEntry Row="2" Column="9">
			<target x="-447.948198" y="37.434805" />
			<actual x="-447.953243" y="37.416102" />
		</GridEntry>
		<GridEntry Row="2" Column="10">
			<target x="-447.939318" y="77.436557" />
			<actual x="-447.945934" y="77.414680" />
		</GridEntry>
		<GridEntry Row="2" Column="11">
			<target x="-447.929834" y="117.438017" />
			<actual x="-447.939328" y="117.414437" />
		</GridEntry>
		<GridEntry Row="2" Column="12">
			<target x="-447.918149" y="157.441529" />
			<actual x="-447.929991" y="157.412513" />
		</GridEntry>
		<GridEntry Row="2" Column="13">
			<target x="-447.908089" y="197.444002" />
			<actual x="-447.923455" y="197.414203" />
		</GridEntry>
		<GridEntry Row="3" Column="0">
			<target x="-488.029053" y="-322.581620" />
			<actual x="-488.017629" y="-322.576666" />
		</GridEntry>
		<GridEntry Row="3" Column="1">
			<target x="-488.023084" y="-282.587901" />
			<actual x="-488.010889" y="-282.582095" />
		</GridEntry>
		<GridEntry Row="3" Column="2">
			<target x="-488.013511" y="-242.579865" />
			<actual x="-488.002481" y="-242.578698" />
		</GridEntry>
		<GridEntry Row="3" Column="3">
			<target x="-488.004076" y="-202.578085" />
			<actual x="-487.996294" y="-202.582502" />
		</GridEntry>
		<GridEntry Row="3" Column="4">
			<target x="-487.993203" y="-162.573830" />
			<actual x="-487.989606" y="-162.579527" />
		</GridEntry>
		<GridEntry Row="3" Column="5">
			<target x="-487.985390" y="-122.568281" />
			<actual x="-487.983690" y="-122.577348" />
		</GridEntry>
		<GridEntry Row="3" Column="6">
			<target x="-487.973788" y="-82.564004" />
			<actual x="-487.973613" y="-82.576638" />
		</GridEntry>
		<GridEntry Row="3" Column="7">
			<target x="-487.965666" y="-42.564014" />
			<actual x="-487.966586" y="-42.578404" />
		</GridEntry>
		<GridEntry Row="3" Column="8">
			<target x="-487.957377" y="-2.564568" />
			<actual x="-487.960652" y="-2.578498" />
		</GridEntry>
		<GridEntry Row="3" Column="9">
			<target x="-487.948281" y="37.435003" />
			<actual x="-487.952132" y="37.420657" />
		</GridEntry>
		<GridEntry Row="3" Column="10">
			<target x="-487.942825" y="77.438013" />
			<actual x="-487.948902" y="77.420329" />
		</GridEntry>
		<GridEntry Row="3" Column="11">
			<target x="-487.931027" y="117.441245" />
			<actual x="-487.939332" y="117.419059" />
		</GridEntry>
		<GridEntry Row="3" Column="12">
			<target x="-487.917295" y="157.446319" />
			<actual x="-487.929714" y="157.418453" />
		</GridEntry>
		<GridEntry Row="3" Column="13">
			<target x="-487.909572" y="197.446493" />
			<actual x="-487.923342" y="197.417571" />
		</GridEntry>
		<GridEntry Row="4" Column="0">
			<target x="-528.025071" y="-322.583239" />
			<actual x="-528.015290" y="-322.571076" />
		</GridEntry>
		<GridEntry Row="4" Column="1">
			<target x="-528.018637" y="-282.584007" />
			<actual x="-528.009163" y="-282.568652" />
		</GridEntry>
		<GridEntry Row="4" Column="2">
			<target x="-528.008756" y="-242.578177" />
			<actual x="-528.000532" y="-242.569151" />
		</GridEntry>
		<GridEntry Row="4" Column="3">
			<target x="-527.998110" y="-202.576125" />
			<actual x="-527.992929" y="-202.570318" />
		</GridEntry>
		<GridEntry Row="4" Column="4">
			<target x="-527.988825" y="-162.573577" />
			<actual x="-527.987479" y="-162.572589" />
		</GridEntry>
		<GridEntry Row="4" Column="5">
			<target x="-527.980061" y="-122.569900" />
			<actual x="-527.980694" y="-122.572765" />
		</GridEntry>
		<GridEntry Row="4" Column="6">
			<target x="-527.968719" y="-82.564583" />
			<actual x="-527.971232" y="-82.572116" />
		</GridEntry>
		<GridEntry Row="4" Column="7">
			<target x="-527.962359" y="-42.565464" />
			<actual x="-527.965242" y="-42.573913" />
		</GridEntry>
		<GridEntry Row="4" Column="8">
			<target x="-527.953216" y="-2.565544" />
			<actual x="-527.958576" y="-2.574436" />
		</GridEntry>
		<GridEntry Row="4" Column="9">
			<target x="-527.944241" y="37.436083" />
			<actual x="-527.950811" y="37.427022" />
		</GridEntry>
		<GridEntry Row="4" Column="10">
			<target x="-527.937095" y="77.436222" />
			<actual x="-527.944007" y="77.425692" />
		</GridEntry>
		<GridEntry Row="4" Column="11">
			<target x="-527.921511" y="117.446498" />
			<actual x="-527.933599" y="117.431568" />
		</GridEntry>
		<GridEntry Row="4" Column="12">
			<target x="-527.911537" y="157.448921" />
			<actual x="-527.926585" y="157.429525" />
		</GridEntry>
		<GridEntry Row="4" Column="13">
			<target x="-527.903316" y="197.449629" />
			<actual x="-527.920152" y="197.428495" />
		</GridEntry>
		<GridEntry Row="5" Column="0">
			<target x="-568.031942" y="-322.578632" />
			<actual x="-568.019226" y="-322.562709" />
		</GridEntry>
		<GridEntry Row="5" Column="1">
			<target x="-568.023188" y="-282.584356" />
			<actual x="-568.009117" y="-282.562876" />
		</GridEntry>
		<GridEntry Row="5" Column="2">
			<target x="-568.013347" y="-242.577391" />
			<actual x="-568.001585" y="-242.562900" />
		</GridEntry>
		<GridEntry Row="5" Column="3">
			<target x="-568.003318" y="-202.573589" />
			<actual x="-567.994146" y="-202.563899" />
		</GridEntry>
		<GridEntry Row="5" Column="4">
			<target x="-567.993588" y="-162.571065" />
			<actual x="-567.987720" y="-162.565778" />
		</GridEntry>
		<GridEntry Row="5" Column="5">
			<target x="-567.985041" y="-122.565470" />
			<actual x="-567.981097" y="-122.563496" />
		</GridEntry>
		<GridEntry Row="5" Column="6">
			<target x="-567.974802" y="-82.563331" />
			<actual x="-567.972181" y="-82.566191" />
		</GridEntry>
		<GridEntry Row="5" Column="7">
			<target x="-567.968830" y="-42.561350" />
			<actual x="-567.966373" y="-42.565050" />
		</GridEntry>
		<GridEntry Row="5" Column="8">
			<target x="-567.957620" y="-2.562395" />
			<actual x="-567.959542" y="-2.566933" />
		</GridEntry>
		<GridEntry Row="5" Column="9">
			<target x="-567.948016" y="37.440842" />
			<actual x="-567.949588" y="37.435322" />
		</GridEntry>
		<GridEntry Row="5" Column="10">
			<target x="-567.941571" y="77.439823" />
			<actual x="-567.946630" y="77.431243" />
		</GridEntry>
		<GridEntry Row="5" Column="11">
			<target x="-567.929226" y="117.443876" />
			<actual x="-567.934262" y="117.433699" />
		</GridEntry>
		<GridEntry Row="5" Column="12">
			<target x="-567.915780" y="157.449083" />
			<actual x="-567.926616" y="157.432849" />
		</GridEntry>
		<GridEntry Row="5" Column="13">
			<target x="-567.909249" y="197.449715" />
			<actual x="-567.921326" y="197.432292" />
		</GridEntry>
		<GridEntry Row="6" Column="0">
			<target x="-608.031509" y="-322.574010" />
			<actual x="-608.016701" y="-322.554521" />
		</GridEntry>
		<GridEntry Row="6" Column="1">
			<target x="-608.022394" y="-282.580511" />
			<actual x="-608.008224" y="-282.556357" />
		</GridEntry>
		<GridEntry Row="6" Column="2">
			<target x="-608.015321" y="-242.575191" />
			<actual x="-608.002100" y="-242.560636" />
		</GridEntry>
		<GridEntry Row="6" Column="3">
			<target x="-608.002983" y="-202.570533" />
			<actual x="-607.992912" y="-202.558128" />
		</GridEntry>
		<GridEntry Row="6" Column="4">
			<target x="-607.993674" y="-162.566389" />
			<actual x="-607.986869" y="-162.561274" />
		</GridEntry>
		<GridEntry Row="6" Column="5">
			<target x="-607.986142" y="-122.562274" />
			<actual x="-607.980547" y="-122.557849" />
		</GridEntry>
		<GridEntry Row="6" Column="6">
			<target x="-607.975140" y="-82.558226" />
			<actual x="-607.971905" y="-82.558769" />
		</GridEntry>
		<GridEntry Row="6" Column="7">
			<target x="-607.968155" y="-42.556672" />
			<actual x="-607.965331" y="-42.558293" />
		</GridEntry>
		<GridEntry Row="6" Column="8">
			<target x="-607.956892" y="-2.555440" />
			<actual x="-607.958168" y="-2.555611" />
		</GridEntry>
		<GridEntry Row="6" Column="9">
			<target x="-607.948867" y="37.444340" />
			<actual x="-607.950247" y="37.441067" />
		</GridEntry>
		<GridEntry Row="6" Column="10">
			<target x="-607.941772" y="77.445735" />
			<actual x="-607.944163" y="77.442783" />
		</GridEntry>
		<GridEntry Row="6" Column="11">
			<target x="-607.930582" y="117.449138" />
			<actual x="-607.934174" y="117.439687" />
		</GridEntry>
		<GridEntry Row="6" Column="12">
			<target x="-607.916627" y="157.454097" />
			<actual x="-607.926464" y="157.437911" />
		</GridEntry>
		<GridEntry Row="6" Column="13">
			<target x="-607.908083" y="197.456737" />
			<actual x="-607.920311" y="197.441016" />
		</GridEntry>
		<GridEntry Row="7" Column="0">
			<target x="-648.027918" y="-322.575448" />
			<actual x="-648.014993" y="-322.552714" />
		</GridEntry>
		<GridEntry Row="7" Column="1">
			<target x="-648.018880" y="-282.580398" />
			<actual x="-648.005732" y="-282.550819" />
		</GridEntry>
		<GridEntry Row="7" Column="2">
			<target x="-648.011125" y="-242.572753" />
			<actual x="-647.999162" y="-242.549830" />
		</GridEntry>
		<GridEntry Row="7" Column="3">
			<target x="-647.999419" y="-202.572368" />
			<actual x="-647.990235" y="-202.555898" />
		</GridEntry>
		<GridEntry Row="7" Column="4">
			<target x="-647.990459" y="-162.562143" />
			<actual x="-647.984843" y="-162.552718" />
		</GridEntry>
		<GridEntry Row="7" Column="5">
			<target x="-647.982531" y="-122.560492" />
			<actual x="-647.978139" y="-122.549324" />
		</GridEntry>
		<GridEntry Row="7" Column="6">
			<target x="-647.970347" y="-82.556389" />
			<actual x="-647.970079" y="-82.553039" />
		</GridEntry>
		<GridEntry Row="7" Column="7">
			<target x="-647.965389" y="-42.557691" />
			<actual x="-647.964311" y="-42.549971" />
		</GridEntry>
		<GridEntry Row="7" Column="8">
			<target x="-647.954356" y="-2.557896" />
			<actual x="-647.957656" y="-2.551697" />
		</GridEntry>
		<GridEntry Row="7" Column="9">
			<target x="-647.943931" y="37.443196" />
			<actual x="-647.947623" y="37.447063" />
		</GridEntry>
		<GridEntry Row="7" Column="10">
			<target x="-647.937927" y="77.444554" />
			<actual x="-647.943144" y="77.447028" />
		</GridEntry>
		<GridEntry Row="7" Column="11">
			<target x="-647.926395" y="117.448805" />
			<actual x="-647.933934" y="117.447540" />
		</GridEntry>
		<GridEntry Row="7" Column="12">
			<target x="-647.913335" y="157.457108" />
			<actual x="-647.923994" y="157.450046" />
		</GridEntry>
		<GridEntry Row="7" Column="13">
			<target x="-647.904419" y="197.457741" />
			<actual x="-647.916997" y="197.447694" />
		</GridEntry>
		<GridEntry Row="8" Column="0">
			<target x="-688.028490" y="-322.569109" />
			<actual x="-688.015217" y="-322.542177" />
		</GridEntry>
		<GridEntry Row="8" Column="1">
			<target x="-688.019349" y="-282.575748" />
			<actual x="-688.005791" y="-282.542525" />
		</GridEntry>
		<GridEntry Row="8" Column="2">
			<target x="-688.011014" y="-242.568312" />
			<actual x="-687.999104" y="-242.541265" />
		</GridEntry>
		<GridEntry Row="8" Column="3">
			<target x="-688.003116" y="-202.567534" />
			<actual x="-687.993105" y="-202.543099" />
		</GridEntry>
		<GridEntry Row="8" Column="4">
			<target x="-687.990687" y="-162.559210" />
			<actual x="-687.984384" y="-162.542679" />
		</GridEntry>
		<GridEntry Row="8" Column="5">
			<target x="-687.981697" y="-122.557215" />
			<actual x="-687.977011" y="-122.543942" />
		</GridEntry>
		<GridEntry Row="8" Column="6">
			<target x="-687.969567" y="-82.549122" />
			<actual x="-687.969212" y="-82.540809" />
		</GridEntry>
		<GridEntry Row="8" Column="7">
			<target x="-687.964760" y="-42.556251" />
			<actual x="-687.963824" y="-42.543029" />
		</GridEntry>
		<GridEntry Row="8" Column="8">
			<target x="-687.955033" y="-2.553546" />
			<actual x="-687.957393" y="-2.543207" />
		</GridEntry>
		<GridEntry Row="8" Column="9">
			<target x="-687.947008" y="37.446505" />
			<actual x="-687.949645" y="37.457475" />
		</GridEntry>
		<GridEntry Row="8" Column="10">
			<target x="-687.938426" y="77.448007" />
			<actual x="-687.942366" y="77.454574" />
		</GridEntry>
		<GridEntry Row="8" Column="11">
			<target x="-687.928066" y="117.453388" />
			<actual x="-687.933272" y="117.453489" />
		</GridEntry>
		<GridEntry Row="8" Column="12">
			<target x="-687.915879" y="157.459091" />
			<actual x="-687.925654" y="157.454484" />
		</GridEntry>
		<GridEntry Row="8" Column="13">
			<target x="-687.908111" y="197.460866" />
			<actual x="-687.919909" y="197.455345" />
		</GridEntry>
		<GridEntry Row="9" Column="0">
			<target x="-728.027957" y="-322.567980" />
			<actual x="-728.014690" y="-322.536781" />
		</GridEntry>
		<GridEntry Row="9" Column="1">
			<target x="-728.019605" y="-282.572480" />
			<actual x="-728.007510" y="-282.537462" />
		</GridEntry>
		<GridEntry Row="9" Column="2">
			<target x="-728.010832" y="-242.566815" />
			<actual x="-727.998126" y="-242.536926" />
		</GridEntry>
		<GridEntry Row="9" Column="3">
			<target x="-728.004893" y="-202.565588" />
			<actual x="-727.994678" y="-202.542772" />
		</GridEntry>
		<GridEntry Row="9" Column="4">
			<target x="-727.989759" y="-162.556459" />
			<actual x="-727.983302" y="-162.540597" />
		</GridEntry>
		<GridEntry Row="9" Column="5">
			<target x="-727.981930" y="-122.555027" />
			<actual x="-727.976955" y="-122.538680" />
		</GridEntry>
		<GridEntry Row="9" Column="6">
			<target x="-727.969632" y="-82.545716" />
			<actual x="-727.968522" y="-82.531969" />
		</GridEntry>
		<GridEntry Row="9" Column="7">
			<target x="-727.963834" y="-42.553404" />
			<actual x="-727.963179" y="-42.537848" />
		</GridEntry>
		<GridEntry Row="9" Column="8">
			<target x="-727.953446" y="-2.549852" />
			<actual x="-727.955032" y="-2.541448" />
		</GridEntry>
		<GridEntry Row="9" Column="9">
			<target x="-727.946402" y="37.448130" />
			<actual x="-727.948379" y="37.461149" />
		</GridEntry>
		<GridEntry Row="9" Column="10">
			<target x="-727.937306" y="77.451890" />
			<actual x="-727.941242" y="77.458160" />
		</GridEntry>
		<GridEntry Row="9" Column="11">
			<target x="-727.926193" y="117.459319" />
			<actual x="-727.931749" y="117.462026" />
		</GridEntry>
		<GridEntry Row="9" Column="12">
			<target x="-727.913192" y="157.464387" />
			<actual x="-727.923817" y="157.459231" />
		</GridEntry>
		<GridEntry Row="9" Column="13">
			<target x="-727.906282" y="197.465372" />
			<actual x="-727.918052" y="197.457890" />
		</GridEntry>
	</Grid>
	<Grid Name="MappingGrid_2" KindOfMapping="eDEFAULT_MAPPING" NrOfRows="10" NrOfColumns="14" MeshWidthX="40.000000" MeshWidthY="40.000000" Resolution="eSTANDARD_RESOLUTION" MappingMode="eDEFAULT_MODE" ContextPlainText="eHEADMAPPING" Context="2" DeviceID="Default#0000000000000000000000">
		<CalibrationDate counter="130773577873510000" date_time="2015-May-29 09:23:07" />
		<GridEntry Row="0" Column="0">
			<target x="-369.146276" y="-195.766511" />
			<actual x="-369.144821" y="-195.774879" />
		</GridEntry>
		<GridEntry Row="0" Column="1">
			<target x="-369.145644" y="-155.748967" />
			<actual x="-369.145381" y="-155.760697" />
		</GridEntry>
		<GridEntry Row="0" Column="2">
			<target x="-369.151375" y="-115.743596" />
			<actual x="-369.154077" y="-115.758239" />
		</GridEntry>
		<GridEntry Row="0" Column="3">
			<target x="-369.157246" y="-75.744122" />
			<actual x="-369.161832" y="-75.761404" />
		</GridEntry>
		<GridEntry Row="0" Column="4">
			<target x="-369.163649" y="-35.741427" />
			<actual x="-369.170041" y="-35.759517" />
		</GridEntry>
		<GridEntry Row="0" Column="5">
			<target x="-369.170365" y="4.258998" />
			<actual x="-369.176551" y="4.240552" />
		</GridEntry>
		<GridEntry Row="0" Column="6">
			<target x="-369.177469" y="44.261137" />
			<actual x="-369.184161" y="44.242118" />
		</GridEntry>
		<GridEntry Row="0" Column="7">
			<target x="-369.186387" y="84.264801" />
			<actual x="-369.194476" y="84.240489" />
		</GridEntry>
		<GridEntry Row="0" Column="8">
			<target x="-369.193493" y="124.269783" />
			<actual x="-369.203763" y="124.244476" />
		</GridEntry>
		<GridEntry Row="0" Column="9">
			<target x="-369.201433" y="164.268513" />
			<actual x="-369.214127" y="164.240806" />
		</GridEntry>
		<GridEntry Row="0" Column="10">
			<target x="-369.204677" y="204.277353" />
			<actual x="-369.220721" y="204.247130" />
		</GridEntry>
		<GridEntry Row="0" Column="11">
			<target x="-369.212947" y="244.275160" />
			<actual x="-369.229485" y="244.242889" />
		</GridEntry>
		<GridEntry Row="0" Column="12">
			<target x="-369.214490" y="284.284024" />
			<actual x="-369.236254" y="284.244403" />
		</GridEntry>
		<GridEntry Row="0" Column="13">
			<target x="-369.221041" y="324.283061" />
			<actual x="-369.244251" y="324.243302" />
		</GridEntry>
		<GridEntry Row="1" Column="0">
			<target x="-409.143375" y="-195.761350" />
			<actual x="-409.138885" y="-195.766192" />
		</GridEntry>
		<GridEntry Row="1" Column="1">
			<target x="-409.148832" y="-155.760458" />
			<actual x="-409.146697" y="-155.766508" />
		</GridEntry>
		<GridEntry Row="1" Column="2">
			<target x="-409.153511" y="-115.760026" />
			<actual x="-409.153865" y="-115.769690" />
		</GridEntry>
		<GridEntry Row="1" Column="3">
			<target x="-409.159856" y="-75.754322" />
			<actual x="-409.160677" y="-75.768232" />
		</GridEntry>
		<GridEntry Row="1" Column="4">
			<target x="-409.164640" y="-35.753033" />
			<actual x="-409.169088" y="-35.767391" />
		</GridEntry>
		<GridEntry Row="1" Column="5">
			<target x="-409.172015" y="4.247453" />
			<actual x="-409.175455" y="4.233733" />
		</GridEntry>
		<GridEntry Row="1" Column="6">
			<target x="-409.178871" y="44.248219" />
			<actual x="-409.184240" y="44.230757" />
		</GridEntry>
		<GridEntry Row="1" Column="7">
			<target x="-409.188710" y="84.254172" />
			<actual x="-409.193939" y="84.235937" />
		</GridEntry>
		<GridEntry Row="1" Column="8">
			<target x="-409.193835" y="124.255829" />
			<actual x="-409.201698" y="124.232391" />
		</GridEntry>
		<GridEntry Row="1" Column="9">
			<target x="-409.202256" y="164.259537" />
			<actual x="-409.211358" y="164.236240" />
		</GridEntry>
		<GridEntry Row="1" Column="10">
			<target x="-409.206090" y="204.260842" />
			<actual x="-409.218457" y="204.233279" />
		</GridEntry>
		<GridEntry Row="1" Column="11">
			<target x="-409.215459" y="244.260665" />
			<actual x="-409.228989" y="244.233128" />
		</GridEntry>
		<GridEntry Row="1" Column="12">
			<target x="-409.216149" y="284.269420" />
			<actual x="-409.237705" y="284.232763" />
		</GridEntry>
		<GridEntry Row="1" Column="13">
			<target x="-409.222682" y="324.270832" />
			<actual x="-409.243698" y="324.233331" />
		</GridEntry>
		<GridEntry Row="2" Column="0">
			<target x="-449.148596" y="-195.775124" />
			<actual x="-449.138808" y="-195.775423" />
		</GridEntry>
		<GridEntry Row="2" Column="1">
			<target x="-449.152215" y="-155.772241" />
			<actual x="-449.145204" y="-155.775764" />
		</GridEntry>
		<GridEntry Row="2" Column="2">
			<target x="-449.158932" y="-115.769125" />
			<actual x="-449.155782" y="-115.775125" />
		</GridEntry>
		<GridEntry Row="2" Column="3">
			<target x="-449.165198" y="-75.765920" />
			<actual x="-449.161618" y="-75.772875" />
		</GridEntry>
		<GridEntry Row="2" Column="4">
			<target x="-449.169346" y="-35.764340" />
			<actual x="-449.169141" y="-35.773813" />
		</GridEntry>
		<GridEntry Row="2" Column="5">
			<target x="-449.177051" y="4.233800" />
			<actual x="-449.176516" y="4.226505" />
		</GridEntry>
		<GridEntry Row="2" Column="6">
			<target x="-449.182715" y="44.239283" />
			<actual x="-449.184255" y="44.225412" />
		</GridEntry>
		<GridEntry Row="2" Column="7">
			<target x="-449.194132" y="84.241201" />
			<actual x="-449.195492" y="84.224718" />
		</GridEntry>
		<GridEntry Row="2" Column="8">
			<target x="-449.198285" y="124.247407" />
			<actual x="-449.201782" y="124.231383" />
		</GridEntry>
		<GridEntry Row="2" Column="9">
			<target x="-449.206058" y="164.247088" />
			<actual x="-449.213512" y="164.227339" />
		</GridEntry>
		<GridEntry Row="2" Column="10">
			<target x="-449.210455" y="204.251286" />
			<actual x="-449.220054" y="204.225579" />
		</GridEntry>
		<GridEntry Row="2" Column="11">
			<target x="-449.219925" y="244.248293" />
			<actual x="-449.230439" y="244.224056" />
		</GridEntry>
		<GridEntry Row="2" Column="12">
			<target x="-449.221073" y="284.260105" />
			<actual x="-449.238204" y="284.226524" />
		</GridEntry>
		<GridEntry Row="2" Column="13">
			<target x="-449.227117" y="324.259005" />
			<actual x="-449.245354" y="324.226376" />
		</GridEntry>
		<GridEntry Row="3" Column="0">
			<target x="-489.147503" y="-195.786933" />
			<actual x="-489.139183" y="-195.785941" />
		</GridEntry>
		<GridEntry Row="3" Column="1">
			<target x="-489.152056" y="-155.784856" />
			<actual x="-489.146004" y="-155.788210" />
		</GridEntry>
		<GridEntry Row="3" Column="2">
			<target x="-489.156940" y="-115.781147" />
			<actual x="-489.152256" y="-115.785551" />
		</GridEntry>
		<GridEntry Row="3" Column="3">
			<target x="-489.164134" y="-75.778977" />
			<actual x="-489.160983" y="-75.783988" />
		</GridEntry>
		<GridEntry Row="3" Column="4">
			<target x="-489.168861" y="-35.775867" />
			<actual x="-489.166637" y="-35.783704" />
		</GridEntry>
		<GridEntry Row="3" Column="5">
			<target x="-489.175428" y="4.221708" />
			<actual x="-489.175043" y="4.217261" />
		</GridEntry>
		<GridEntry Row="3" Column="6">
			<target x="-489.182701" y="44.227123" />
			<actual x="-489.183716" y="44.218917" />
		</GridEntry>
		<GridEntry Row="3" Column="7">
			<target x="-489.192223" y="84.228520" />
			<actual x="-489.192333" y="84.215771" />
		</GridEntry>
		<GridEntry Row="3" Column="8">
			<target x="-489.197944" y="124.230471" />
			<actual x="-489.201241" y="124.216808" />
		</GridEntry>
		<GridEntry Row="3" Column="9">
			<target x="-489.203930" y="164.232221" />
			<actual x="-489.210569" y="164.215143" />
		</GridEntry>
		<GridEntry Row="3" Column="10">
			<target x="-489.208457" y="204.241786" />
			<actual x="-489.218129" y="204.219873" />
		</GridEntry>
		<GridEntry Row="3" Column="11">
			<target x="-489.216084" y="244.240593" />
			<actual x="-489.227306" y="244.217601" />
		</GridEntry>
		<GridEntry Row="3" Column="12">
			<target x="-489.219315" y="284.250498" />
			<actual x="-489.235583" y="284.219995" />
		</GridEntry>
		<GridEntry Row="3" Column="13">
			<target x="-489.224597" y="324.245586" />
			<actual x="-489.242339" y="324.214934" />
		</GridEntry>
		<GridEntry Row="4" Column="0">
			<target x="-529.144238" y="-195.799003" />
			<actual x="-529.136534" y="-195.790274" />
		</GridEntry>
		<GridEntry Row="4" Column="1">
			<target x="-529.148039" y="-155.797177" />
			<actual x="-529.144548" y="-155.792198" />
		</GridEntry>
		<GridEntry Row="4" Column="2">
			<target x="-529.153189" y="-115.795759" />
			<actual x="-529.151546" y="-115.793125" />
		</GridEntry>
		<GridEntry Row="4" Column="3">
			<target x="-529.160095" y="-75.793298" />
			<actual x="-529.158542" y="-75.793193" />
		</GridEntry>
		<GridEntry Row="4" Column="4">
			<target x="-529.164732" y="-35.789515" />
			<actual x="-529.164834" y="-35.791723" />
		</GridEntry>
		<GridEntry Row="4" Column="5">
			<target x="-529.171141" y="4.205100" />
			<actual x="-529.172957" y="4.206203" />
		</GridEntry>
		<GridEntry Row="4" Column="6">
			<target x="-529.176971" y="44.210165" />
			<actual x="-529.180745" y="44.206731" />
		</GridEntry>
		<GridEntry Row="4" Column="7">
			<target x="-529.187917" y="84.215875" />
			<actual x="-529.191051" y="84.211715" />
		</GridEntry>
		<GridEntry Row="4" Column="8">
			<target x="-529.191911" y="124.217678" />
			<actual x="-529.198065" y="124.209197" />
		</GridEntry>
		<GridEntry Row="4" Column="9">
			<target x="-529.200251" y="164.217754" />
			<actual x="-529.209180" y="164.207926" />
		</GridEntry>
		<GridEntry Row="4" Column="10">
			<target x="-529.203173" y="204.224355" />
			<actual x="-529.215681" y="204.208901" />
		</GridEntry>
		<GridEntry Row="4" Column="11">
			<target x="-529.212420" y="244.226908" />
			<actual x="-529.225852" y="244.208846" />
		</GridEntry>
		<GridEntry Row="4" Column="12">
			<target x="-529.214211" y="284.235007" />
			<actual x="-529.231240" y="284.205637" />
		</GridEntry>
		<GridEntry Row="4" Column="13">
			<target x="-529.221445" y="324.232561" />
			<actual x="-529.241840" y="324.207041" />
		</GridEntry>
		<GridEntry Row="5" Column="0">
			<target x="-569.146799" y="-195.813397" />
			<actual x="-569.137263" y="-195.800057" />
		</GridEntry>
		<GridEntry Row="5" Column="1">
			<target x="-569.151647" y="-155.811973" />
			<actual x="-569.143509" y="-155.800786" />
		</GridEntry>
		<GridEntry Row="5" Column="2">
			<target x="-569.153787" y="-115.805027" />
			<actual x="-569.149514" y="-115.798760" />
		</GridEntry>
		<GridEntry Row="5" Column="3">
			<target x="-569.164316" y="-75.804626" />
			<actual x="-569.159570" y="-75.800337" />
		</GridEntry>
		<GridEntry Row="5" Column="4">
			<target x="-569.169017" y="-35.802947" />
			<actual x="-569.165498" y="-35.800103" />
		</GridEntry>
		<GridEntry Row="5" Column="5">
			<target x="-569.176050" y="4.193322" />
			<actual x="-569.173721" y="4.200272" />
		</GridEntry>
		<GridEntry Row="5" Column="6">
			<target x="-569.182379" y="44.196433" />
			<actual x="-569.182787" y="44.195094" />
		</GridEntry>
		<GridEntry Row="5" Column="7">
			<target x="-569.192437" y="84.200944" />
			<actual x="-569.191606" y="84.199390" />
		</GridEntry>
		<GridEntry Row="5" Column="8">
			<target x="-569.198921" y="124.205839" />
			<actual x="-569.200061" y="124.199751" />
		</GridEntry>
		<GridEntry Row="5" Column="9">
			<target x="-569.204702" y="164.205064" />
			<actual x="-569.208192" y="164.199391" />
		</GridEntry>
		<GridEntry Row="5" Column="10">
			<target x="-569.209047" y="204.213096" />
			<actual x="-569.215910" y="204.201844" />
		</GridEntry>
		<GridEntry Row="5" Column="11">
			<target x="-569.216383" y="244.214461" />
			<actual x="-569.224971" y="244.201304" />
		</GridEntry>
		<GridEntry Row="5" Column="12">
			<target x="-569.219978" y="284.222949" />
			<actual x="-569.232284" y="284.199254" />
		</GridEntry>
		<GridEntry Row="5" Column="13">
			<target x="-569.226495" y="324.222075" />
			<actual x="-569.241773" y="324.201344" />
		</GridEntry>
		<GridEntry Row="6" Column="0">
			<target x="-609.148725" y="-195.824575" />
			<actual x="-609.137668" y="-195.809057" />
		</GridEntry>
		<GridEntry Row="6" Column="1">
			<target x="-609.150429" y="-155.823997" />
			<actual x="-609.142245" y="-155.810886" />
		</GridEntry>
		<GridEntry Row="6" Column="2">
			<target x="-609.155060" y="-115.819094" />
			<actual x="-609.150298" y="-115.812138" />
		</GridEntry>
		<GridEntry Row="6" Column="3">
			<target x="-609.163433" y="-75.815920" />
			<actual x="-609.158752" y="-75.808282" />
		</GridEntry>
		<GridEntry Row="6" Column="4">
			<target x="-609.167971" y="-35.814464" />
			<actual x="-609.164433" y="-35.812215" />
		</GridEntry>
		<GridEntry Row="6" Column="5">
			<target x="-609.175372" y="4.180993" />
			<actual x="-609.172941" y="4.189431" />
		</GridEntry>
		<GridEntry Row="6" Column="6">
			<target x="-609.180976" y="44.187564" />
			<actual x="-609.181319" y="44.191418" />
		</GridEntry>
		<GridEntry Row="6" Column="7">
			<target x="-609.190402" y="84.190628" />
			<actual x="-609.189640" y="84.192504" />
		</GridEntry>
		<GridEntry Row="6" Column="8">
			<target x="-609.197685" y="124.194394" />
			<actual x="-609.198917" y="124.193112" />
		</GridEntry>
		<GridEntry Row="6" Column="9">
			<target x="-609.205009" y="164.194265" />
			<actual x="-609.207930" y="164.190952" />
		</GridEntry>
		<GridEntry Row="6" Column="10">
			<target x="-609.207159" y="204.200744" />
			<actual x="-609.215282" y="204.191087" />
		</GridEntry>
		<GridEntry Row="6" Column="11">
			<target x="-609.214752" y="244.201416" />
			<actual x="-609.222857" y="244.188866" />
		</GridEntry>
		<GridEntry Row="6" Column="12">
			<target x="-609.218361" y="284.212210" />
			<actual x="-609.233842" y="284.191340" />
		</GridEntry>
		<GridEntry Row="6" Column="13">
			<target x="-609.224591" y="324.209428" />
			<actual x="-609.240699" y="324.187839" />
		</GridEntry>
		<GridEntry Row="7" Column="0">
			<target x="-649.145113" y="-195.842606" />
			<actual x="-649.136607" y="-195.819166" />
		</GridEntry>
		<GridEntry Row="7" Column="1">
			<target x="-649.149636" y="-155.838579" />
			<actual x="-649.141506" y="-155.819205" />
		</GridEntry>
		<GridEntry Row="7" Column="2">
			<target x="-649.152621" y="-115.831897" />
			<actual x="-649.149812" y="-115.815445" />
		</GridEntry>
		<GridEntry Row="7" Column="3">
			<target x="-649.159121" y="-75.832629" />
			<actual x="-649.155101" y="-75.817493" />
		</GridEntry>
		<GridEntry Row="7" Column="4">
			<target x="-649.166377" y="-35.829609" />
			<actual x="-649.163348" y="-35.817521" />
		</GridEntry>
		<GridEntry Row="7" Column="5">
			<target x="-649.173461" y="4.167298" />
			<actual x="-649.171221" y="4.181828" />
		</GridEntry>
		<GridEntry Row="7" Column="6">
			<target x="-649.179783" y="44.170800" />
			<actual x="-649.181084" y="44.178787" />
		</GridEntry>
		<GridEntry Row="7" Column="7">
			<target x="-649.188185" y="84.172051" />
			<actual x="-649.188711" y="84.180757" />
		</GridEntry>
		<GridEntry Row="7" Column="8">
			<target x="-649.193793" y="124.177827" />
			<actual x="-649.195838" y="124.182814" />
		</GridEntry>
		<GridEntry Row="7" Column="9">
			<target x="-649.201817" y="164.177747" />
			<actual x="-649.205962" y="164.179668" />
		</GridEntry>
		<GridEntry Row="7" Column="10">
			<target x="-649.204577" y="204.185475" />
			<actual x="-649.213882" y="204.181206" />
		</GridEntry>
		<GridEntry Row="7" Column="11">
			<target x="-649.211839" y="244.188793" />
			<actual x="-649.221777" y="244.180193" />
		</GridEntry>
		<GridEntry Row="7" Column="12">
			<target x="-649.215684" y="284.198663" />
			<actual x="-649.230763" y="284.183264" />
		</GridEntry>
		<GridEntry Row="7" Column="13">
			<target x="-649.223021" y="324.197470" />
			<actual x="-649.241230" y="324.182305" />
		</GridEntry>
		<GridEntry Row="8" Column="0">
			<target x="-689.145164" y="-195.849036" />
			<actual x="-689.135645" y="-195.827543" />
		</GridEntry>
		<GridEntry Row="8" Column="1">
			<target x="-689.149432" y="-155.851730" />
			<actual x="-689.140789" y="-155.829662" />
		</GridEntry>
		<GridEntry Row="8" Column="2">
			<target x="-689.153834" y="-115.844431" />
			<actual x="-689.149773" y="-115.829357" />
		</GridEntry>
		<GridEntry Row="8" Column="3">
			<target x="-689.159512" y="-75.842582" />
			<actual x="-689.156317" y="-75.825967" />
		</GridEntry>
		<GridEntry Row="8" Column="4">
			<target x="-689.164872" y="-35.838950" />
			<actual x="-689.161993" y="-35.827324" />
		</GridEntry>
		<GridEntry Row="8" Column="5">
			<target x="-689.171730" y="4.154896" />
			<actual x="-689.169820" y="4.171839" />
		</GridEntry>
		<GridEntry Row="8" Column="6">
			<target x="-689.180025" y="44.161564" />
			<actual x="-689.180157" y="44.174183" />
		</GridEntry>
		<GridEntry Row="8" Column="7">
			<target x="-689.187814" y="84.163156" />
			<actual x="-689.188304" y="84.172707" />
		</GridEntry>
		<GridEntry Row="8" Column="8">
			<target x="-689.195587" y="124.167948" />
			<actual x="-689.197733" y="124.174217" />
		</GridEntry>
		<GridEntry Row="8" Column="9">
			<target x="-689.202680" y="164.169952" />
			<actual x="-689.207316" y="164.174937" />
		</GridEntry>
		<GridEntry Row="8" Column="10">
			<target x="-689.205539" y="204.176394" />
			<actual x="-689.213529" y="204.170893" />
		</GridEntry>
		<GridEntry Row="8" Column="11">
			<target x="-689.212979" y="244.180998" />
			<actual x="-689.222932" y="244.173426" />
		</GridEntry>
		<GridEntry Row="8" Column="12">
			<target x="-689.216307" y="284.189523" />
			<actual x="-689.230430" y="284.176300" />
		</GridEntry>
		<GridEntry Row="8" Column="13">
			<target x="-689.221362" y="324.188556" />
			<actual x="-689.238634" y="324.175278" />
		</GridEntry>
		<GridEntry Row="9" Column="0">
			<target x="-729.142908" y="-195.860493" />
			<actual x="-729.134361" y="-195.833312" />
		</GridEntry>
		<GridEntry Row="9" Column="1">
			<target x="-729.147882" y="-155.862432" />
			<actual x="-729.141071" y="-155.839652" />
		</GridEntry>
		<GridEntry Row="9" Column="2">
			<target x="-729.151215" y="-115.853450" />
			<actual x="-729.147835" y="-115.835144" />
		</GridEntry>
		<GridEntry Row="9" Column="3">
			<target x="-729.160138" y="-75.856631" />
			<actual x="-729.156197" y="-75.838623" />
		</GridEntry>
		<GridEntry Row="9" Column="4">
			<target x="-729.162682" y="-35.850263" />
			<actual x="-729.160239" y="-35.833846" />
		</GridEntry>
		<GridEntry Row="9" Column="5">
			<target x="-729.169690" y="4.142126" />
			<actual x="-729.169551" y="4.164323" />
		</GridEntry>
		<GridEntry Row="9" Column="6">
			<target x="-729.178148" y="44.149244" />
			<actual x="-729.178664" y="44.162950" />
		</GridEntry>
		<GridEntry Row="9" Column="7">
			<target x="-729.185954" y="84.153406" />
			<actual x="-729.186339" y="84.166679" />
		</GridEntry>
		<GridEntry Row="9" Column="8">
			<target x="-729.194256" y="124.154219" />
			<actual x="-729.195612" y="124.164032" />
		</GridEntry>
		<GridEntry Row="9" Column="9">
			<target x="-729.200268" y="164.155660" />
			<actual x="-729.205005" y="164.160071" />
		</GridEntry>
		<GridEntry Row="9" Column="10">
			<target x="-729.204295" y="204.166012" />
			<actual x="-729.212167" y="204.162490" />
		</GridEntry>
		<GridEntry Row="9" Column="11">
			<target x="-729.212347" y="244.169116" />
			<actual x="-729.221069" y="244.166496" />
		</GridEntry>
		<GridEntry Row="9" Column="12">
			<target x="-729.216825" y="284.174351" />
			<actual x="-729.230672" y="284.163303" />
		</GridEntry>
		<GridEntry Row="9" Column="13">
			<target x="-729.221019" y="324.172642" />
			<actual x="-729.237095" y="324.161245" />
		</GridEntry>
	</Grid>
</MappingContent>
