<?xml version="1.0" encoding="UTF-8" standalone="yes"?>
<MappingContent version="1">
	<GeneralData MachineIdAndFrameSerialNumber="00011311-H007" MachineType="X4i S" SwVersion="708.1.0.88" />
	<Grid Name="MappingGrid_1" KindOfMapping="eDEFAULT_MAPPING" NrOfRows="11" NrOfColumns="14" MeshWidthX="40.000000" MeshWidthY="40.000000" Resolution="eSTANDARD_RESOLUTION" MappingMode="eDEFAULT_MODE" ContextPlainText="eHEADMAPPING" Context="2" DeviceID="Default#0000000000000000000000">
		<CalibrationDate counter="130773544280000000" date_time="2015-May-29 08:27:08" />
		<GridEntry Row="0" Column="0">
			<target x="-367.962386" y="-322.677479" />
			<actual x="-367.988540" y="-322.626841" />
		</GridEntry>
		<GridEntry Row="0" Column="1">
			<target x="-367.959246" y="-282.674584" />
			<actual x="-367.982951" y="-282.628557" />
		</GridEntry>
		<GridEntry Row="0" Column="2">
			<target x="-367.958914" y="-242.671920" />
			<actual x="-367.981982" y="-242.628718" />
		</GridEntry>
		<GridEntry Row="0" Column="3">
			<target x="-367.961334" y="-202.668115" />
			<actual x="-367.978543" y="-202.628122" />
		</GridEntry>
		<GridEntry Row="0" Column="4">
			<target x="-367.960495" y="-162.661345" />
			<actual x="-367.975826" y="-162.627543" />
		</GridEntry>
		<GridEntry Row="0" Column="5">
			<target x="-367.960850" y="-122.658470" />
			<actual x="-367.973296" y="-122.628423" />
		</GridEntry>
		<GridEntry Row="0" Column="6">
			<target x="-367.956900" y="-82.655046" />
			<actual x="-367.968287" y="-82.626761" />
		</GridEntry>
		<GridEntry Row="0" Column="7">
			<target x="-367.959925" y="-42.653853" />
			<actual x="-367.966915" y="-42.629370" />
		</GridEntry>
		<GridEntry Row="0" Column="8">
			<target x="-367.958204" y="-2.649894" />
			<actual x="-367.965305" y="-2.626931" />
		</GridEntry>
		<GridEntry Row="0" Column="9">
			<target x="-367.958047" y="37.356165" />
			<actual x="-367.962957" y="37.372731" />
		</GridEntry>
		<GridEntry Row="0" Column="10">
			<target x="-367.952470" y="77.360002" />
			<actual x="-367.956062" y="77.373224" />
		</GridEntry>
		<GridEntry Row="0" Column="11">
			<target x="-367.950201" y="117.362373" />
			<actual x="-367.951687" y="117.372284" />
		</GridEntry>
		<GridEntry Row="0" Column="12">
			<target x="-367.948785" y="157.366691" />
			<actual x="-367.947343" y="157.372984" />
		</GridEntry>
		<GridEntry Row="0" Column="13">
			<target x="-367.948333" y="197.373231" />
			<actual x="-367.944855" y="197.373937" />
		</GridEntry>
		<GridEntry Row="1" Column="0">
			<target x="-407.961916" y="-322.672884" />
			<actual x="-407.986815" y="-322.623596" />
		</GridEntry>
		<GridEntry Row="1" Column="1">
			<target x="-407.962156" y="-282.671795" />
			<actual x="-407.984255" y="-282.627017" />
		</GridEntry>
		<GridEntry Row="1" Column="2">
			<target x="-407.959713" y="-242.667953" />
			<actual x="-407.979832" y="-242.625609" />
		</GridEntry>
		<GridEntry Row="1" Column="3">
			<target x="-407.961686" y="-202.662896" />
			<actual x="-407.977237" y="-202.626420" />
		</GridEntry>
		<GridEntry Row="1" Column="4">
			<target x="-407.961850" y="-162.657258" />
			<actual x="-407.974208" y="-162.625451" />
		</GridEntry>
		<GridEntry Row="1" Column="5">
			<target x="-407.962234" y="-122.653298" />
			<actual x="-407.972960" y="-122.624127" />
		</GridEntry>
		<GridEntry Row="1" Column="6">
			<target x="-407.958254" y="-82.651419" />
			<actual x="-407.967943" y="-82.626472" />
		</GridEntry>
		<GridEntry Row="1" Column="7">
			<target x="-407.960912" y="-42.648287" />
			<actual x="-407.966724" y="-42.627786" />
		</GridEntry>
		<GridEntry Row="1" Column="8">
			<target x="-407.956894" y="-2.648028" />
			<actual x="-407.962659" y="-2.626527" />
		</GridEntry>
		<GridEntry Row="1" Column="9">
			<target x="-407.958515" y="37.358973" />
			<actual x="-407.962184" y="37.374454" />
		</GridEntry>
		<GridEntry Row="1" Column="10">
			<target x="-407.954032" y="77.361666" />
			<actual x="-407.956611" y="77.374428" />
		</GridEntry>
		<GridEntry Row="1" Column="11">
			<target x="-407.951972" y="117.365876" />
			<actual x="-407.950313" y="117.373009" />
		</GridEntry>
		<GridEntry Row="1" Column="12">
			<target x="-407.952389" y="157.370801" />
			<actual x="-407.948900" y="157.375098" />
		</GridEntry>
		<GridEntry Row="1" Column="13">
			<target x="-407.950235" y="197.376185" />
			<actual x="-407.944926" y="197.375625" />
		</GridEntry>
		<GridEntry Row="2" Column="0">
			<target x="-447.969162" y="-322.662088" />
			<actual x="-447.988501" y="-322.620862" />
		</GridEntry>
		<GridEntry Row="2" Column="1">
			<target x="-447.967735" y="-282.660453" />
			<actual x="-447.983295" y="-282.622177" />
		</GridEntry>
		<GridEntry Row="2" Column="2">
			<target x="-447.966747" y="-242.656502" />
			<actual x="-447.981388" y="-242.622880" />
		</GridEntry>
		<GridEntry Row="2" Column="3">
			<target x="-447.968037" y="-202.651315" />
			<actual x="-447.977970" y="-202.622699" />
		</GridEntry>
		<GridEntry Row="2" Column="4">
			<target x="-447.967530" y="-162.644991" />
			<actual x="-447.974012" y="-162.621975" />
		</GridEntry>
		<GridEntry Row="2" Column="5">
			<target x="-447.967519" y="-122.640067" />
			<actual x="-447.972775" y="-122.620772" />
		</GridEntry>
		<GridEntry Row="2" Column="6">
			<target x="-447.963150" y="-82.639107" />
			<actual x="-447.968036" y="-82.620416" />
		</GridEntry>
		<GridEntry Row="2" Column="7">
			<target x="-447.966191" y="-42.634733" />
			<actual x="-447.967089" y="-42.621981" />
		</GridEntry>
		<GridEntry Row="2" Column="8">
			<target x="-447.962613" y="-2.634151" />
			<actual x="-447.963538" y="-2.621793" />
		</GridEntry>
		<GridEntry Row="2" Column="9">
			<target x="-447.962851" y="37.372695" />
			<actual x="-447.960772" y="37.378646" />
		</GridEntry>
		<GridEntry Row="2" Column="10">
			<target x="-447.959941" y="77.375509" />
			<actual x="-447.957118" y="77.379565" />
		</GridEntry>
		<GridEntry Row="2" Column="11">
			<target x="-447.958625" y="117.378900" />
			<actual x="-447.952277" y="117.377361" />
		</GridEntry>
		<GridEntry Row="2" Column="12">
			<target x="-447.958599" y="157.385085" />
			<actual x="-447.948972" y="157.380866" />
		</GridEntry>
		<GridEntry Row="2" Column="13">
			<target x="-447.956022" y="197.390993" />
			<actual x="-447.944415" y="197.379574" />
		</GridEntry>
		<GridEntry Row="3" Column="0">
			<target x="-487.971748" y="-322.656636" />
			<actual x="-487.987241" y="-322.617427" />
		</GridEntry>
		<GridEntry Row="3" Column="1">
			<target x="-487.974012" y="-282.653680" />
			<actual x="-487.985861" y="-282.619122" />
		</GridEntry>
		<GridEntry Row="3" Column="2">
			<target x="-487.969440" y="-242.650952" />
			<actual x="-487.980204" y="-242.618800" />
		</GridEntry>
		<GridEntry Row="3" Column="3">
			<target x="-487.971060" y="-202.645640" />
			<actual x="-487.977091" y="-202.618688" />
		</GridEntry>
		<GridEntry Row="3" Column="4">
			<target x="-487.971364" y="-162.638719" />
			<actual x="-487.974490" y="-162.616990" />
		</GridEntry>
		<GridEntry Row="3" Column="5">
			<target x="-487.970936" y="-122.634476" />
			<actual x="-487.971921" y="-122.617056" />
		</GridEntry>
		<GridEntry Row="3" Column="6">
			<target x="-487.968024" y="-82.633646" />
			<actual x="-487.968340" y="-82.617513" />
		</GridEntry>
		<GridEntry Row="3" Column="7">
			<target x="-487.971361" y="-42.629638" />
			<actual x="-487.966293" y="-42.618458" />
		</GridEntry>
		<GridEntry Row="3" Column="8">
			<target x="-487.968022" y="-2.629348" />
			<actual x="-487.964033" y="-2.617621" />
		</GridEntry>
		<GridEntry Row="3" Column="9">
			<target x="-487.966539" y="37.376469" />
			<actual x="-487.960737" y="37.380976" />
		</GridEntry>
		<GridEntry Row="3" Column="10">
			<target x="-487.963905" y="77.380969" />
			<actual x="-487.956959" y="77.381326" />
		</GridEntry>
		<GridEntry Row="3" Column="11">
			<target x="-487.962270" y="117.384728" />
			<actual x="-487.951652" y="117.382629" />
		</GridEntry>
		<GridEntry Row="3" Column="12">
			<target x="-487.962009" y="157.389906" />
			<actual x="-487.948619" y="157.381199" />
		</GridEntry>
		<GridEntry Row="3" Column="13">
			<target x="-487.959662" y="197.396526" />
			<actual x="-487.943860" y="197.383522" />
		</GridEntry>
		<GridEntry Row="4" Column="0">
			<target x="-527.970112" y="-322.651123" />
			<actual x="-527.986118" y="-322.614940" />
		</GridEntry>
		<GridEntry Row="4" Column="1">
			<target x="-527.969471" y="-282.645112" />
			<actual x="-527.982402" y="-282.613457" />
		</GridEntry>
		<GridEntry Row="4" Column="2">
			<target x="-527.967742" y="-242.645243" />
			<actual x="-527.978861" y="-242.616382" />
		</GridEntry>
		<GridEntry Row="4" Column="3">
			<target x="-527.968122" y="-202.640200" />
			<actual x="-527.974196" y="-202.618090" />
		</GridEntry>
		<GridEntry Row="4" Column="4">
			<target x="-527.969820" y="-162.631370" />
			<actual x="-527.973215" y="-162.614658" />
		</GridEntry>
		<GridEntry Row="4" Column="5">
			<target x="-527.968222" y="-122.627628" />
			<actual x="-527.969393" y="-122.615957" />
		</GridEntry>
		<GridEntry Row="4" Column="6">
			<target x="-527.964747" y="-82.626835" />
			<actual x="-527.964601" y="-82.615325" />
		</GridEntry>
		<GridEntry Row="4" Column="7">
			<target x="-527.968183" y="-42.622722" />
			<actual x="-527.964729" y="-42.616609" />
		</GridEntry>
		<GridEntry Row="4" Column="8">
			<target x="-527.965333" y="-2.624041" />
			<actual x="-527.961426" y="-2.615151" />
		</GridEntry>
		<GridEntry Row="4" Column="9">
			<target x="-527.964472" y="37.384186" />
			<actual x="-527.957130" y="37.382893" />
		</GridEntry>
		<GridEntry Row="4" Column="10">
			<target x="-527.960907" y="77.388155" />
			<actual x="-527.952402" y="77.384209" />
		</GridEntry>
		<GridEntry Row="4" Column="11">
			<target x="-527.958705" y="117.392253" />
			<actual x="-527.949381" y="117.384473" />
		</GridEntry>
		<GridEntry Row="4" Column="12">
			<target x="-527.957452" y="157.396882" />
			<actual x="-527.945454" y="157.384567" />
		</GridEntry>
		<GridEntry Row="4" Column="13">
			<target x="-527.957099" y="197.402052" />
			<actual x="-527.941234" y="197.384474" />
		</GridEntry>
		<GridEntry Row="5" Column="0">
			<target x="-567.971650" y="-322.644545" />
			<actual x="-567.985593" y="-322.612915" />
		</GridEntry>
		<GridEntry Row="5" Column="1">
			<target x="-567.971441" y="-282.637907" />
			<actual x="-567.981579" y="-282.611826" />
		</GridEntry>
		<GridEntry Row="5" Column="2">
			<target x="-567.968371" y="-242.635888" />
			<actual x="-567.977516" y="-242.611097" />
		</GridEntry>
		<GridEntry Row="5" Column="3">
			<target x="-567.971637" y="-202.630212" />
			<actual x="-567.975597" y="-202.612329" />
		</GridEntry>
		<GridEntry Row="5" Column="4">
			<target x="-567.970901" y="-162.623682" />
			<actual x="-567.971871" y="-162.611257" />
		</GridEntry>
		<GridEntry Row="5" Column="5">
			<target x="-567.970456" y="-122.619295" />
			<actual x="-567.968811" y="-122.611712" />
		</GridEntry>
		<GridEntry Row="5" Column="6">
			<target x="-567.968402" y="-82.618801" />
			<actual x="-567.965946" y="-82.612140" />
		</GridEntry>
		<GridEntry Row="5" Column="7">
			<target x="-567.971544" y="-42.612082" />
			<actual x="-567.964403" y="-42.612133" />
		</GridEntry>
		<GridEntry Row="5" Column="8">
			<target x="-567.968386" y="-2.613404" />
			<actual x="-567.962169" y="-2.613576" />
		</GridEntry>
		<GridEntry Row="5" Column="9">
			<target x="-567.965115" y="37.393818" />
			<actual x="-567.956444" y="37.386756" />
		</GridEntry>
		<GridEntry Row="5" Column="10">
			<target x="-567.963120" y="77.395691" />
			<actual x="-567.953444" y="77.386674" />
		</GridEntry>
		<GridEntry Row="5" Column="11">
			<target x="-567.961544" y="117.400383" />
			<actual x="-567.948130" y="117.387262" />
		</GridEntry>
		<GridEntry Row="5" Column="12">
			<target x="-567.961429" y="157.405281" />
			<actual x="-567.946165" y="157.387044" />
		</GridEntry>
		<GridEntry Row="5" Column="13">
			<target x="-567.959363" y="197.410242" />
			<actual x="-567.942043" y="197.386689" />
		</GridEntry>
		<GridEntry Row="6" Column="0">
			<target x="-607.971532" y="-322.637552" />
			<actual x="-607.986894" y="-322.604472" />
		</GridEntry>
		<GridEntry Row="6" Column="1">
			<target x="-607.971477" y="-282.633311" />
			<actual x="-607.982052" y="-282.607755" />
		</GridEntry>
		<GridEntry Row="6" Column="2">
			<target x="-607.969063" y="-242.632698" />
			<actual x="-607.978656" y="-242.607138" />
		</GridEntry>
		<GridEntry Row="6" Column="3">
			<target x="-607.971419" y="-202.622552" />
			<actual x="-607.974373" y="-202.605398" />
		</GridEntry>
		<GridEntry Row="6" Column="4">
			<target x="-607.971095" y="-162.617168" />
			<actual x="-607.971622" y="-162.607231" />
		</GridEntry>
		<GridEntry Row="6" Column="5">
			<target x="-607.970964" y="-122.612651" />
			<actual x="-607.969396" y="-122.607431" />
		</GridEntry>
		<GridEntry Row="6" Column="6">
			<target x="-607.968801" y="-82.612552" />
			<actual x="-607.966286" y="-82.607949" />
		</GridEntry>
		<GridEntry Row="6" Column="7">
			<target x="-607.969639" y="-42.606141" />
			<actual x="-607.962613" y="-42.608507" />
		</GridEntry>
		<GridEntry Row="6" Column="8">
			<target x="-607.966161" y="-2.608571" />
			<actual x="-607.960209" y="-2.605988" />
		</GridEntry>
		<GridEntry Row="6" Column="9">
			<target x="-607.966201" y="37.398663" />
			<actual x="-607.957242" y="37.391191" />
		</GridEntry>
		<GridEntry Row="6" Column="10">
			<target x="-607.962265" y="77.402885" />
			<actual x="-607.953369" y="77.393398" />
		</GridEntry>
		<GridEntry Row="6" Column="11">
			<target x="-607.961881" y="117.405629" />
			<actual x="-607.950059" y="117.390903" />
		</GridEntry>
		<GridEntry Row="6" Column="12">
			<target x="-607.961097" y="157.410167" />
			<actual x="-607.945748" y="157.391692" />
		</GridEntry>
		<GridEntry Row="6" Column="13">
			<target x="-607.959796" y="197.417891" />
			<actual x="-607.941246" y="197.391491" />
		</GridEntry>
		<GridEntry Row="7" Column="0">
			<target x="-647.967873" y="-322.634086" />
			<actual x="-647.983037" y="-322.604019" />
		</GridEntry>
		<GridEntry Row="7" Column="1">
			<target x="-647.967684" y="-282.626606" />
			<actual x="-647.979091" y="-282.604296" />
		</GridEntry>
		<GridEntry Row="7" Column="2">
			<target x="-647.965314" y="-242.625618" />
			<actual x="-647.975564" y="-242.603979" />
		</GridEntry>
		<GridEntry Row="7" Column="3">
			<target x="-647.966273" y="-202.617413" />
			<actual x="-647.971488" y="-202.605728" />
		</GridEntry>
		<GridEntry Row="7" Column="4">
			<target x="-647.966253" y="-162.612290" />
			<actual x="-647.969178" y="-162.606247" />
		</GridEntry>
		<GridEntry Row="7" Column="5">
			<target x="-647.965326" y="-122.608070" />
			<actual x="-647.966222" y="-122.606294" />
		</GridEntry>
		<GridEntry Row="7" Column="6">
			<target x="-647.963302" y="-82.606546" />
			<actual x="-647.962669" y="-82.604051" />
		</GridEntry>
		<GridEntry Row="7" Column="7">
			<target x="-647.964337" y="-42.603087" />
			<actual x="-647.960299" y="-42.609305" />
		</GridEntry>
		<GridEntry Row="7" Column="8">
			<target x="-647.962154" y="-2.602755" />
			<actual x="-647.956986" y="-2.605038" />
		</GridEntry>
		<GridEntry Row="7" Column="9">
			<target x="-647.960100" y="37.405593" />
			<actual x="-647.953581" y="37.394215" />
		</GridEntry>
		<GridEntry Row="7" Column="10">
			<target x="-647.957318" y="77.407911" />
			<actual x="-647.949723" y="77.393653" />
		</GridEntry>
		<GridEntry Row="7" Column="11">
			<target x="-647.956925" y="117.412525" />
			<actual x="-647.946392" y="117.394139" />
		</GridEntry>
		<GridEntry Row="7" Column="12">
			<target x="-647.956208" y="157.418914" />
			<actual x="-647.943148" y="157.395206" />
		</GridEntry>
		<GridEntry Row="7" Column="13">
			<target x="-647.955344" y="197.425852" />
			<actual x="-647.939463" y="197.397038" />
		</GridEntry>
		<GridEntry Row="8" Column="0">
			<target x="-687.969465" y="-322.625154" />
			<actual x="-687.983894" y="-322.599171" />
		</GridEntry>
		<GridEntry Row="8" Column="1">
			<target x="-687.968300" y="-282.619638" />
			<actual x="-687.979008" y="-282.602575" />
		</GridEntry>
		<GridEntry Row="8" Column="2">
			<target x="-687.966693" y="-242.616926" />
			<actual x="-687.976886" y="-242.599373" />
		</GridEntry>
		<GridEntry Row="8" Column="3">
			<target x="-687.965660" y="-202.608503" />
			<actual x="-687.971371" y="-202.601913" />
		</GridEntry>
		<GridEntry Row="8" Column="4">
			<target x="-687.965593" y="-162.602470" />
			<actual x="-687.967541" y="-162.601377" />
		</GridEntry>
		<GridEntry Row="8" Column="5">
			<target x="-687.964164" y="-122.600222" />
			<actual x="-687.964623" y="-122.603038" />
		</GridEntry>
		<GridEntry Row="8" Column="6">
			<target x="-687.963605" y="-82.598666" />
			<actual x="-687.962084" y="-82.601602" />
		</GridEntry>
		<GridEntry Row="8" Column="7">
			<target x="-687.964956" y="-42.592743" />
			<actual x="-687.959891" y="-42.604825" />
		</GridEntry>
		<GridEntry Row="8" Column="8">
			<target x="-687.963386" y="-2.593838" />
			<actual x="-687.958007" y="-2.602214" />
		</GridEntry>
		<GridEntry Row="8" Column="9">
			<target x="-687.961669" y="37.412749" />
			<actual x="-687.953463" y="37.394893" />
		</GridEntry>
		<GridEntry Row="8" Column="10">
			<target x="-687.958775" y="77.418173" />
			<actual x="-687.950125" y="77.398894" />
		</GridEntry>
		<GridEntry Row="8" Column="11">
			<target x="-687.957627" y="117.421183" />
			<actual x="-687.946168" y="117.396995" />
		</GridEntry>
		<GridEntry Row="8" Column="12">
			<target x="-687.957126" y="157.429449" />
			<actual x="-687.943432" y="157.398406" />
		</GridEntry>
		<GridEntry Row="8" Column="13">
			<target x="-687.954987" y="197.433962" />
			<actual x="-687.938123" y="197.398040" />
		</GridEntry>
		<GridEntry Row="9" Column="0">
			<target x="-727.968238" y="-322.622553" />
			<actual x="-727.982391" y="-322.597098" />
		</GridEntry>
		<GridEntry Row="9" Column="1">
			<target x="-727.967891" y="-282.615584" />
			<actual x="-727.978819" y="-282.598577" />
		</GridEntry>
		<GridEntry Row="9" Column="2">
			<target x="-727.966067" y="-242.614658" />
			<actual x="-727.975164" y="-242.599055" />
		</GridEntry>
		<GridEntry Row="9" Column="3">
			<target x="-727.969816" y="-202.603924" />
			<actual x="-727.973704" y="-202.597425" />
		</GridEntry>
		<GridEntry Row="9" Column="4">
			<target x="-727.964866" y="-162.594450" />
			<actual x="-727.967218" y="-162.596890" />
		</GridEntry>
		<GridEntry Row="9" Column="5">
			<target x="-727.964577" y="-122.594514" />
			<actual x="-727.964440" y="-122.599228" />
		</GridEntry>
		<GridEntry Row="9" Column="6">
			<target x="-727.965046" y="-82.594120" />
			<actual x="-727.963196" y="-82.598766" />
		</GridEntry>
		<GridEntry Row="9" Column="7">
			<target x="-727.965618" y="-42.587268" />
			<actual x="-727.960483" y="-42.599143" />
		</GridEntry>
		<GridEntry Row="9" Column="8">
			<target x="-727.962427" y="-2.591163" />
			<actual x="-727.955478" y="-2.598804" />
		</GridEntry>
		<GridEntry Row="9" Column="9">
			<target x="-727.960658" y="37.417447" />
			<actual x="-727.952433" y="37.400355" />
		</GridEntry>
		<GridEntry Row="9" Column="10">
			<target x="-727.957711" y="77.421685" />
			<actual x="-727.948272" y="77.401730" />
		</GridEntry>
		<GridEntry Row="9" Column="11">
			<target x="-727.957785" y="117.425122" />
			<actual x="-727.945913" y="117.400098" />
		</GridEntry>
		<GridEntry Row="9" Column="12">
			<target x="-727.956694" y="157.432129" />
			<actual x="-727.942950" y="157.401662" />
		</GridEntry>
		<GridEntry Row="9" Column="13">
			<target x="-727.955402" y="197.436357" />
			<actual x="-727.938468" y="197.400214" />
		</GridEntry>
		<GridEntry Row="10" Column="0">
			<target x="-767.971404" y="-322.615046" />
			<actual x="-767.983595" y="-322.594300" />
		</GridEntry>
		<GridEntry Row="10" Column="1">
			<target x="-767.971640" y="-282.609215" />
			<actual x="-767.980341" y="-282.596811" />
		</GridEntry>
		<GridEntry Row="10" Column="2">
			<target x="-767.968575" y="-242.610897" />
			<actual x="-767.976196" y="-242.601515" />
		</GridEntry>
		<GridEntry Row="10" Column="3">
			<target x="-767.970191" y="-202.598031" />
			<actual x="-767.972242" y="-202.597591" />
		</GridEntry>
		<GridEntry Row="10" Column="4">
			<target x="-767.971588" y="-162.592119" />
			<actual x="-767.970412" y="-162.597494" />
		</GridEntry>
		<GridEntry Row="10" Column="5">
			<target x="-767.967727" y="-122.587722" />
			<actual x="-767.965843" y="-122.596577" />
		</GridEntry>
		<GridEntry Row="10" Column="6">
			<target x="-767.966915" y="-82.586723" />
			<actual x="-767.962845" y="-82.598816" />
		</GridEntry>
		<GridEntry Row="10" Column="7">
			<target x="-767.967132" y="-42.577827" />
			<actual x="-767.958485" y="-42.593955" />
		</GridEntry>
		<GridEntry Row="10" Column="8">
			<target x="-767.965844" y="-2.580945" />
			<actual x="-767.956593" y="-2.594325" />
		</GridEntry>
		<GridEntry Row="10" Column="9">
			<target x="-767.964699" y="37.425916" />
			<actual x="-767.954543" y="37.402906" />
		</GridEntry>
		<GridEntry Row="10" Column="10">
			<target x="-767.960435" y="77.430414" />
			<actual x="-767.948916" y="77.404478" />
		</GridEntry>
		<GridEntry Row="10" Column="11">
			<target x="-767.960626" y="117.434251" />
			<actual x="-767.945772" y="117.403254" />
		</GridEntry>
		<GridEntry Row="10" Column="12">
			<target x="-767.959756" y="157.440430" />
			<actual x="-767.942735" y="157.403931" />
		</GridEntry>
		<GridEntry Row="10" Column="13">
			<target x="-767.963786" y="197.461003" />
			<actual x="-767.943551" y="197.416918" />
		</GridEntry>
	</Grid>
	<Grid Name="MappingGrid_2" KindOfMapping="eDEFAULT_MAPPING" NrOfRows="11" NrOfColumns="14" MeshWidthX="40.000000" MeshWidthY="40.000000" Resolution="eSTANDARD_RESOLUTION" MappingMode="eDEFAULT_MODE" ContextPlainText="eHEADMAPPING" Context="2" DeviceID="Default#0000000000000000000000">
		<CalibrationDate counter="130773567238400000" date_time="2015-May-29 09:05:23" />
		<GridEntry Row="0" Column="0">
			<target x="-369.085322" y="-195.821457" />
			<actual x="-369.103952" y="-195.778922" />
		</GridEntry>
		<GridEntry Row="0" Column="1">
			<target x="-369.101811" y="-155.819604" />
			<actual x="-369.115646" y="-155.780759" />
		</GridEntry>
		<GridEntry Row="0" Column="2">
			<target x="-369.114789" y="-115.815317" />
			<actual x="-369.127690" y="-115.778003" />
		</GridEntry>
		<GridEntry Row="0" Column="3">
			<target x="-369.129694" y="-75.814687" />
			<actual x="-369.140163" y="-75.779686" />
		</GridEntry>
		<GridEntry Row="0" Column="4">
			<target x="-369.143718" y="-35.812514" />
			<actual x="-369.151720" y="-35.778600" />
		</GridEntry>
		<GridEntry Row="0" Column="5">
			<target x="-369.158103" y="4.188359" />
			<actual x="-369.163088" y="4.220344" />
		</GridEntry>
		<GridEntry Row="0" Column="6">
			<target x="-369.170777" y="44.191933" />
			<actual x="-369.177968" y="44.221058" />
		</GridEntry>
		<GridEntry Row="0" Column="7">
			<target x="-369.186152" y="84.194933" />
			<actual x="-369.190847" y="84.220506" />
		</GridEntry>
		<GridEntry Row="0" Column="8">
			<target x="-369.201020" y="124.198640" />
			<actual x="-369.203072" y="124.223886" />
		</GridEntry>
		<GridEntry Row="0" Column="9">
			<target x="-369.217405" y="164.200990" />
			<actual x="-369.216369" y="164.224531" />
		</GridEntry>
		<GridEntry Row="0" Column="10">
			<target x="-369.230699" y="204.202925" />
			<actual x="-369.227392" y="204.222460" />
		</GridEntry>
		<GridEntry Row="0" Column="11">
			<target x="-369.242014" y="244.204700" />
			<actual x="-369.237280" y="244.219973" />
		</GridEntry>
		<GridEntry Row="0" Column="12">
			<target x="-369.257427" y="284.210807" />
			<actual x="-369.251730" y="284.225574" />
		</GridEntry>
		<GridEntry Row="0" Column="13">
			<target x="-369.271934" y="324.211639" />
			<actual x="-369.263698" y="324.223386" />
		</GridEntry>
		<GridEntry Row="1" Column="0">
			<target x="-409.084934" y="-195.832685" />
			<actual x="-409.101226" y="-195.791298" />
		</GridEntry>
		<GridEntry Row="1" Column="1">
			<target x="-409.101714" y="-155.830101" />
			<actual x="-409.113987" y="-155.794195" />
		</GridEntry>
		<GridEntry Row="1" Column="2">
			<target x="-409.115654" y="-115.826710" />
			<actual x="-409.127150" y="-115.792382" />
		</GridEntry>
		<GridEntry Row="1" Column="3">
			<target x="-409.128040" y="-75.826425" />
			<actual x="-409.138554" y="-75.794811" />
		</GridEntry>
		<GridEntry Row="1" Column="4">
			<target x="-409.142790" y="-35.823467" />
			<actual x="-409.150681" y="-35.792120" />
		</GridEntry>
		<GridEntry Row="1" Column="5">
			<target x="-409.157790" y="4.177332" />
			<actual x="-409.162788" y="4.205191" />
		</GridEntry>
		<GridEntry Row="1" Column="6">
			<target x="-409.168420" y="44.180875" />
			<actual x="-409.175932" y="44.208073" />
		</GridEntry>
		<GridEntry Row="1" Column="7">
			<target x="-409.186445" y="84.184258" />
			<actual x="-409.189394" y="84.206297" />
		</GridEntry>
		<GridEntry Row="1" Column="8">
			<target x="-409.199850" y="124.185997" />
			<actual x="-409.201712" y="124.206922" />
		</GridEntry>
		<GridEntry Row="1" Column="9">
			<target x="-409.217534" y="164.190042" />
			<actual x="-409.215522" y="164.209210" />
		</GridEntry>
		<GridEntry Row="1" Column="10">
			<target x="-409.230760" y="204.190526" />
			<actual x="-409.226895" y="204.208056" />
		</GridEntry>
		<GridEntry Row="1" Column="11">
			<target x="-409.242082" y="244.191565" />
			<actual x="-409.237672" y="244.206314" />
		</GridEntry>
		<GridEntry Row="1" Column="12">
			<target x="-409.257607" y="284.197412" />
			<actual x="-409.250021" y="284.208836" />
		</GridEntry>
		<GridEntry Row="1" Column="13">
			<target x="-409.271697" y="324.199316" />
			<actual x="-409.263063" y="324.210367" />
		</GridEntry>
		<GridEntry Row="2" Column="0">
			<target x="-449.091411" y="-195.835092" />
			<actual x="-449.104169" y="-195.803333" />
		</GridEntry>
		<GridEntry Row="2" Column="1">
			<target x="-449.108002" y="-155.832714" />
			<actual x="-449.116218" y="-155.804526" />
		</GridEntry>
		<GridEntry Row="2" Column="2">
			<target x="-449.120338" y="-115.829293" />
			<actual x="-449.126647" y="-115.802354" />
		</GridEntry>
		<GridEntry Row="2" Column="3">
			<target x="-449.133654" y="-75.827040" />
			<actual x="-449.139869" y="-75.802681" />
		</GridEntry>
		<GridEntry Row="2" Column="4">
			<target x="-449.149976" y="-35.824575" />
			<actual x="-449.151536" y="-35.802173" />
		</GridEntry>
		<GridEntry Row="2" Column="5">
			<target x="-449.165222" y="4.175358" />
			<actual x="-449.163972" y="4.197334" />
		</GridEntry>
		<GridEntry Row="2" Column="6">
			<target x="-449.175652" y="44.178878" />
			<actual x="-449.176934" y="44.196529" />
		</GridEntry>
		<GridEntry Row="2" Column="7">
			<target x="-449.192701" y="84.184071" />
			<actual x="-449.190599" y="84.197501" />
		</GridEntry>
		<GridEntry Row="2" Column="8">
			<target x="-449.205703" y="124.184615" />
			<actual x="-449.202438" y="124.198585" />
		</GridEntry>
		<GridEntry Row="2" Column="9">
			<target x="-449.221216" y="164.188635" />
			<actual x="-449.214390" y="164.197134" />
		</GridEntry>
		<GridEntry Row="2" Column="10">
			<target x="-449.236042" y="204.188929" />
			<actual x="-449.227921" y="204.197716" />
		</GridEntry>
		<GridEntry Row="2" Column="11">
			<target x="-449.249278" y="244.192191" />
			<actual x="-449.238363" y="244.197132" />
		</GridEntry>
		<GridEntry Row="2" Column="12">
			<target x="-449.263586" y="284.195437" />
			<actual x="-449.251303" y="284.198776" />
		</GridEntry>
		<GridEntry Row="2" Column="13">
			<target x="-449.275933" y="324.198249" />
			<actual x="-449.261535" y="324.198107" />
		</GridEntry>
		<GridEntry Row="3" Column="0">
			<target x="-489.092278" y="-195.847066" />
			<actual x="-489.102264" y="-195.815426" />
		</GridEntry>
		<GridEntry Row="3" Column="1">
			<target x="-489.111545" y="-155.842002" />
			<actual x="-489.116568" y="-155.816569" />
		</GridEntry>
		<GridEntry Row="3" Column="2">
			<target x="-489.123081" y="-115.840260" />
			<actual x="-489.126704" y="-115.814739" />
		</GridEntry>
		<GridEntry Row="3" Column="3">
			<target x="-489.135918" y="-75.838888" />
			<actual x="-489.138369" y="-75.816364" />
		</GridEntry>
		<GridEntry Row="3" Column="4">
			<target x="-489.150871" y="-35.837048" />
			<actual x="-489.149996" y="-35.816410" />
		</GridEntry>
		<GridEntry Row="3" Column="5">
			<target x="-489.164834" y="4.163822" />
			<actual x="-489.163388" y="4.185856" />
		</GridEntry>
		<GridEntry Row="3" Column="6">
			<target x="-489.176786" y="44.167961" />
			<actual x="-489.176687" y="44.186231" />
		</GridEntry>
		<GridEntry Row="3" Column="7">
			<target x="-489.193129" y="84.171305" />
			<actual x="-489.188514" y="84.184244" />
		</GridEntry>
		<GridEntry Row="3" Column="8">
			<target x="-489.206890" y="124.171407" />
			<actual x="-489.202012" y="124.185295" />
		</GridEntry>
		<GridEntry Row="3" Column="9">
			<target x="-489.222385" y="164.175582" />
			<actual x="-489.213203" y="164.183618" />
		</GridEntry>
		<GridEntry Row="3" Column="10">
			<target x="-489.238272" y="204.180636" />
			<actual x="-489.227504" y="204.188683" />
		</GridEntry>
		<GridEntry Row="3" Column="11">
			<target x="-489.251507" y="244.180204" />
			<actual x="-489.238327" y="244.184957" />
		</GridEntry>
		<GridEntry Row="3" Column="12">
			<target x="-489.264850" y="284.181962" />
			<actual x="-489.250656" y="284.185480" />
		</GridEntry>
		<GridEntry Row="3" Column="13">
			<target x="-489.278141" y="324.185349" />
			<actual x="-489.261432" y="324.185638" />
		</GridEntry>
		<GridEntry Row="4" Column="0">
			<target x="-529.090729" y="-195.856327" />
			<actual x="-529.101782" y="-195.827451" />
		</GridEntry>
		<GridEntry Row="4" Column="1">
			<target x="-529.107371" y="-155.849245" />
			<actual x="-529.113017" y="-155.826323" />
		</GridEntry>
		<GridEntry Row="4" Column="2">
			<target x="-529.119817" y="-115.848512" />
			<actual x="-529.124685" y="-115.825633" />
		</GridEntry>
		<GridEntry Row="4" Column="3">
			<target x="-529.132988" y="-75.848774" />
			<actual x="-529.136468" y="-75.828572" />
		</GridEntry>
		<GridEntry Row="4" Column="4">
			<target x="-529.147782" y="-35.845293" />
			<actual x="-529.148852" y="-35.826924" />
		</GridEntry>
		<GridEntry Row="4" Column="5">
			<target x="-529.161145" y="4.152299" />
			<actual x="-529.161249" y="4.169845" />
		</GridEntry>
		<GridEntry Row="4" Column="6">
			<target x="-529.172001" y="44.157783" />
			<actual x="-529.172563" y="44.171406" />
		</GridEntry>
		<GridEntry Row="4" Column="7">
			<target x="-529.190183" y="84.163455" />
			<actual x="-529.187465" y="84.172814" />
		</GridEntry>
		<GridEntry Row="4" Column="8">
			<target x="-529.202687" y="124.161980" />
			<actual x="-529.198982" y="124.173320" />
		</GridEntry>
		<GridEntry Row="4" Column="9">
			<target x="-529.220900" y="164.166307" />
			<actual x="-529.212541" y="164.173551" />
		</GridEntry>
		<GridEntry Row="4" Column="10">
			<target x="-529.234555" y="204.170599" />
			<actual x="-529.223289" y="204.173583" />
		</GridEntry>
		<GridEntry Row="4" Column="11">
			<target x="-529.248478" y="244.172164" />
			<actual x="-529.236296" y="244.173546" />
		</GridEntry>
		<GridEntry Row="4" Column="12">
			<target x="-529.261470" y="284.173059" />
			<actual x="-529.247662" y="284.172075" />
		</GridEntry>
		<GridEntry Row="4" Column="13">
			<target x="-529.274893" y="324.177262" />
			<actual x="-529.258738" y="324.171668" />
		</GridEntry>
		<GridEntry Row="5" Column="0">
			<target x="-569.092304" y="-195.863980" />
			<actual x="-569.100154" y="-195.839205" />
		</GridEntry>
		<GridEntry Row="5" Column="1">
			<target x="-569.108758" y="-155.856189" />
			<actual x="-569.112620" y="-155.838826" />
		</GridEntry>
		<GridEntry Row="5" Column="2">
			<target x="-569.120440" y="-115.855604" />
			<actual x="-569.124191" y="-115.839532" />
		</GridEntry>
		<GridEntry Row="5" Column="3">
			<target x="-569.135182" y="-75.853341" />
			<actual x="-569.137440" y="-75.837770" />
		</GridEntry>
		<GridEntry Row="5" Column="4">
			<target x="-569.150104" y="-35.851795" />
			<actual x="-569.149356" y="-35.839879" />
		</GridEntry>
		<GridEntry Row="5" Column="5">
			<target x="-569.161134" y="4.148386" />
			<actual x="-569.158102" y="4.161347" />
		</GridEntry>
		<GridEntry Row="5" Column="6">
			<target x="-569.173812" y="44.150209" />
			<actual x="-569.172942" y="44.160594" />
		</GridEntry>
		<GridEntry Row="5" Column="7">
			<target x="-569.191443" y="84.156633" />
			<actual x="-569.185428" y="84.161200" />
		</GridEntry>
		<GridEntry Row="5" Column="8">
			<target x="-569.205560" y="124.155764" />
			<actual x="-569.198989" y="124.162349" />
		</GridEntry>
		<GridEntry Row="5" Column="9">
			<target x="-569.222361" y="164.159411" />
			<actual x="-569.211861" y="164.161488" />
		</GridEntry>
		<GridEntry Row="5" Column="10">
			<target x="-569.236685" y="204.165126" />
			<actual x="-569.225224" y="204.162697" />
		</GridEntry>
		<GridEntry Row="5" Column="11">
			<target x="-569.249020" y="244.163815" />
			<actual x="-569.235559" y="244.160357" />
		</GridEntry>
		<GridEntry Row="5" Column="12">
			<target x="-569.262731" y="284.165233" />
			<actual x="-569.248151" y="284.161211" />
		</GridEntry>
		<GridEntry Row="5" Column="13">
			<target x="-569.276875" y="324.169292" />
			<actual x="-569.260118" y="324.160051" />
		</GridEntry>
		<GridEntry Row="6" Column="0">
			<target x="-609.090118" y="-195.874982" />
			<actual x="-609.100732" y="-195.850972" />
		</GridEntry>
		<GridEntry Row="6" Column="1">
			<target x="-609.105907" y="-155.865264" />
			<actual x="-609.112291" y="-155.849308" />
		</GridEntry>
		<GridEntry Row="6" Column="2">
			<target x="-609.118037" y="-115.866721" />
			<actual x="-609.124858" y="-115.849107" />
		</GridEntry>
		<GridEntry Row="6" Column="3">
			<target x="-609.131943" y="-75.865552" />
			<actual x="-609.136464" y="-75.851432" />
		</GridEntry>
		<GridEntry Row="6" Column="4">
			<target x="-609.147400" y="-35.864231" />
			<actual x="-609.148800" y="-35.852802" />
		</GridEntry>
		<GridEntry Row="6" Column="5">
			<target x="-609.158821" y="4.136414" />
			<actual x="-609.159381" y="4.146570" />
		</GridEntry>
		<GridEntry Row="6" Column="6">
			<target x="-609.171336" y="44.139753" />
			<actual x="-609.172642" y="44.149152" />
		</GridEntry>
		<GridEntry Row="6" Column="7">
			<target x="-609.186970" y="84.144824" />
			<actual x="-609.185154" y="84.147732" />
		</GridEntry>
		<GridEntry Row="6" Column="8">
			<target x="-609.201226" y="124.144127" />
			<actual x="-609.197502" y="124.149249" />
		</GridEntry>
		<GridEntry Row="6" Column="9">
			<target x="-609.220153" y="164.149167" />
			<actual x="-609.212148" y="164.149861" />
		</GridEntry>
		<GridEntry Row="6" Column="10">
			<target x="-609.231680" y="204.153731" />
			<actual x="-609.222515" y="204.150174" />
		</GridEntry>
		<GridEntry Row="6" Column="11">
			<target x="-609.245785" y="244.153348" />
			<actual x="-609.235049" y="244.149234" />
		</GridEntry>
		<GridEntry Row="6" Column="12">
			<target x="-609.260294" y="284.155442" />
			<actual x="-609.247436" y="284.149399" />
		</GridEntry>
		<GridEntry Row="6" Column="13">
			<target x="-609.274130" y="324.157019" />
			<actual x="-609.259427" y="324.147122" />
		</GridEntry>
		<GridEntry Row="7" Column="0">
			<target x="-649.085682" y="-195.886413" />
			<actual x="-649.100084" y="-195.864620" />
		</GridEntry>
		<GridEntry Row="7" Column="1">
			<target x="-649.101796" y="-155.877538" />
			<actual x="-649.110324" y="-155.865275" />
		</GridEntry>
		<GridEntry Row="7" Column="2">
			<target x="-649.114280" y="-115.876901" />
			<actual x="-649.122025" y="-115.864590" />
		</GridEntry>
		<GridEntry Row="7" Column="3">
			<target x="-649.126525" y="-75.875822" />
			<actual x="-649.132797" y="-75.866996" />
		</GridEntry>
		<GridEntry Row="7" Column="4">
			<target x="-649.143000" y="-35.874614" />
			<actual x="-649.146606" y="-35.864398" />
		</GridEntry>
		<GridEntry Row="7" Column="5">
			<target x="-649.155924" y="4.125936" />
			<actual x="-649.158987" y="4.134685" />
		</GridEntry>
		<GridEntry Row="7" Column="6">
			<target x="-649.167475" y="44.130794" />
			<actual x="-649.171449" y="44.136661" />
		</GridEntry>
		<GridEntry Row="7" Column="7">
			<target x="-649.183933" y="84.135026" />
			<actual x="-649.184385" y="84.135546" />
		</GridEntry>
		<GridEntry Row="7" Column="8">
			<target x="-649.196602" y="124.133602" />
			<actual x="-649.195853" y="124.135405" />
		</GridEntry>
		<GridEntry Row="7" Column="9">
			<target x="-649.213231" y="164.138421" />
			<actual x="-649.208890" y="164.135333" />
		</GridEntry>
		<GridEntry Row="7" Column="10">
			<target x="-649.226862" y="204.142902" />
			<actual x="-649.220825" y="204.135811" />
		</GridEntry>
		<GridEntry Row="7" Column="11">
			<target x="-649.240952" y="244.144256" />
			<actual x="-649.232897" y="244.135798" />
		</GridEntry>
		<GridEntry Row="7" Column="12">
			<target x="-649.255463" y="284.146359" />
			<actual x="-649.245980" y="284.136590" />
		</GridEntry>
		<GridEntry Row="7" Column="13">
			<target x="-649.267072" y="324.148867" />
			<actual x="-649.256160" y="324.133820" />
		</GridEntry>
		<GridEntry Row="8" Column="0">
			<target x="-689.085726" y="-195.892227" />
			<actual x="-689.098340" y="-195.874921" />
		</GridEntry>
		<GridEntry Row="8" Column="1">
			<target x="-689.102301" y="-155.885294" />
			<actual x="-689.110310" y="-155.878132" />
		</GridEntry>
		<GridEntry Row="8" Column="2">
			<target x="-689.114810" y="-115.884529" />
			<actual x="-689.122168" y="-115.875754" />
		</GridEntry>
		<GridEntry Row="8" Column="3">
			<target x="-689.127820" y="-75.883135" />
			<actual x="-689.133097" y="-75.874944" />
		</GridEntry>
		<GridEntry Row="8" Column="4">
			<target x="-689.142873" y="-35.881398" />
			<actual x="-689.146278" y="-35.874576" />
		</GridEntry>
		<GridEntry Row="8" Column="5">
			<target x="-689.154151" y="4.118140" />
			<actual x="-689.156547" y="4.122185" />
		</GridEntry>
		<GridEntry Row="8" Column="6">
			<target x="-689.168509" y="44.120545" />
			<actual x="-689.170507" y="44.122562" />
		</GridEntry>
		<GridEntry Row="8" Column="7">
			<target x="-689.184317" y="84.128318" />
			<actual x="-689.183003" y="84.124081" />
		</GridEntry>
		<GridEntry Row="8" Column="8">
			<target x="-689.197780" y="124.125665" />
			<actual x="-689.196408" y="124.123692" />
		</GridEntry>
		<GridEntry Row="8" Column="9">
			<target x="-689.213527" y="164.130157" />
			<actual x="-689.209474" y="164.122795" />
		</GridEntry>
		<GridEntry Row="8" Column="10">
			<target x="-689.228691" y="204.135890" />
			<actual x="-689.221349" y="204.125204" />
		</GridEntry>
		<GridEntry Row="8" Column="11">
			<target x="-689.241881" y="244.137015" />
			<actual x="-689.233435" y="244.125184" />
		</GridEntry>
		<GridEntry Row="8" Column="12">
			<target x="-689.254851" y="284.137312" />
			<actual x="-689.245357" y="284.123929" />
		</GridEntry>
		<GridEntry Row="8" Column="13">
			<target x="-689.269726" y="324.142320" />
			<actual x="-689.258825" y="324.124028" />
		</GridEntry>
		<GridEntry Row="9" Column="0">
			<target x="-729.082675" y="-195.905506" />
			<actual x="-729.097218" y="-195.888306" />
		</GridEntry>
		<GridEntry Row="9" Column="1">
			<target x="-729.099580" y="-155.896273" />
			<actual x="-729.108381" y="-155.889398" />
		</GridEntry>
		<GridEntry Row="9" Column="2">
			<target x="-729.113623" y="-115.895578" />
			<actual x="-729.121849" y="-115.888199" />
		</GridEntry>
		<GridEntry Row="9" Column="3">
			<target x="-729.126810" y="-75.894864" />
			<actual x="-729.132834" y="-75.887966" />
		</GridEntry>
		<GridEntry Row="9" Column="4">
			<target x="-729.140145" y="-35.895002" />
			<actual x="-729.144800" y="-35.888920" />
		</GridEntry>
		<GridEntry Row="9" Column="5">
			<target x="-729.152026" y="4.104533" />
			<actual x="-729.155914" y="4.109296" />
		</GridEntry>
		<GridEntry Row="9" Column="6">
			<target x="-729.167072" y="44.108231" />
			<actual x="-729.171231" y="44.110473" />
		</GridEntry>
		<GridEntry Row="9" Column="7">
			<target x="-729.181328" y="84.115200" />
			<actual x="-729.180662" y="84.112329" />
		</GridEntry>
		<GridEntry Row="9" Column="8">
			<target x="-729.197089" y="124.112459" />
			<actual x="-729.196272" y="124.110823" />
		</GridEntry>
		<GridEntry Row="9" Column="9">
			<target x="-729.212191" y="164.119674" />
			<actual x="-729.209274" y="164.113280" />
		</GridEntry>
		<GridEntry Row="9" Column="10">
			<target x="-729.226015" y="204.122791" />
			<actual x="-729.219468" y="204.111309" />
		</GridEntry>
		<GridEntry Row="9" Column="11">
			<target x="-729.240046" y="244.124099" />
			<actual x="-729.232862" y="244.111940" />
		</GridEntry>
		<GridEntry Row="9" Column="12">
			<target x="-729.254911" y="284.123067" />
			<actual x="-729.246946" y="284.108920" />
		</GridEntry>
		<GridEntry Row="9" Column="13">
			<target x="-729.267179" y="324.127749" />
			<actual x="-729.256276" y="324.109280" />
		</GridEntry>
		<GridEntry Row="10" Column="0">
			<target x="-769.087942" y="-195.912992" />
			<actual x="-769.100544" y="-195.902075" />
		</GridEntry>
		<GridEntry Row="10" Column="1">
			<target x="-769.102242" y="-155.904330" />
			<actual x="-769.110360" y="-155.903561" />
		</GridEntry>
		<GridEntry Row="10" Column="2">
			<target x="-769.115941" y="-115.903223" />
			<actual x="-769.122260" y="-115.902456" />
		</GridEntry>
		<GridEntry Row="10" Column="3">
			<target x="-769.128422" y="-75.903591" />
			<actual x="-769.133064" y="-75.900582" />
		</GridEntry>
		<GridEntry Row="10" Column="4">
			<target x="-769.143136" y="-35.901384" />
			<actual x="-769.144729" y="-35.902220" />
		</GridEntry>
		<GridEntry Row="10" Column="5">
			<target x="-769.156015" y="4.098661" />
			<actual x="-769.157850" y="4.097579" />
		</GridEntry>
		<GridEntry Row="10" Column="6">
			<target x="-769.169252" y="44.102393" />
			<actual x="-769.170652" y="44.097130" />
		</GridEntry>
		<GridEntry Row="10" Column="7">
			<target x="-769.184291" y="84.109682" />
			<actual x="-769.181403" y="84.101352" />
		</GridEntry>
		<GridEntry Row="10" Column="8">
			<target x="-769.200228" y="124.106740" />
			<actual x="-769.196386" y="124.099783" />
		</GridEntry>
		<GridEntry Row="10" Column="9">
			<target x="-769.214413" y="164.111376" />
			<actual x="-769.207481" y="164.098643" />
		</GridEntry>
		<GridEntry Row="10" Column="10">
			<target x="-769.229269" y="204.116175" />
			<actual x="-769.219763" y="204.099463" />
		</GridEntry>
		<GridEntry Row="10" Column="11">
			<target x="-769.244093" y="244.117445" />
			<actual x="-769.233404" y="244.098706" />
		</GridEntry>
		<GridEntry Row="10" Column="12">
			<target x="-769.257884" y="284.117177" />
			<actual x="-769.245939" y="284.098696" />
		</GridEntry>
		<GridEntry Row="10" Column="13">
			<target x="-769.273680" y="324.133845" />
			<actual x="-769.259767" y="324.109109" />
		</GridEntry>
	</Grid>
</MappingContent>
