<Root version="3">
<!--Please note attributes x,y and phi are inserted for compatibility reasons (for version < 708.0) and will not be used any more-->
<CorrectionEntry lane="1" head_location="4" head_id="1L1" segment_nr="1" camera_location="4" camera_type="23" camera_id="4023" camera_position="1L1_HEAD" headcorrection_x="-0.0050000000000000001" headcorrection_y="0.0050000000000000001" headcorrection_phi="0" segmentcorrection_x="0" segmentcorrection_y="0" segmentcorrection_phi="0" x="0" y="0" phi="0" />
<CorrectionEntry lane="1" head_location="4" head_id="1L1" segment_nr="2" camera_location="4" camera_type="23" camera_id="4023" camera_position="1L1_HEAD" headcorrection_x="-0.0050000000000000001" headcorrection_y="0.0050000000000000001" headcorrection_phi="0" segmentcorrection_x="0" segmentcorrection_y="0" segmentcorrection_phi="0" x="0" y="0" phi="0" />
<CorrectionEntry lane="1" head_location="4" head_id="1L1" segment_nr="3" camera_location="4" camera_type="23" camera_id="4023" camera_position="1L1_HEAD" headcorrection_x="-0.0050000000000000001" headcorrection_y="0.0050000000000000001" headcorrection_phi="0" segmentcorrection_x="0" segmentcorrection_y="0" segmentcorrection_phi="0" x="0" y="0" phi="0" />
<CorrectionEntry lane="1" head_location="4" head_id="1L1" segment_nr="4" camera_location="4" camera_type="23" camera_id="4023" camera_position="1L1_HEAD" headcorrection_x="-0.0050000000000000001" headcorrection_y="0.0050000000000000001" headcorrection_phi="0" segmentcorrection_x="0" segmentcorrection_y="0" segmentcorrection_phi="0" x="0" y="0" phi="0" />
<CorrectionEntry lane="1" head_location="4" head_id="1L1" segment_nr="5" camera_location="4" camera_type="23" camera_id="4023" camera_position="1L1_HEAD" headcorrection_x="-0.0050000000000000001" headcorrection_y="0.0050000000000000001" headcorrection_phi="0" segmentcorrection_x="0" segmentcorrection_y="0" segmentcorrection_phi="0" x="0" y="0" phi="0" />
<CorrectionEntry lane="1" head_location="4" head_id="1L1" segment_nr="6" camera_location="4" camera_type="23" camera_id="4023" camera_position="1L1_HEAD" headcorrection_x="-0.0050000000000000001" headcorrection_y="0.0050000000000000001" headcorrection_phi="0" segmentcorrection_x="0" segmentcorrection_y="0" segmentcorrection_phi="0" x="0" y="0" phi="0" />
<CorrectionEntry lane="1" head_location="4" head_id="1L1" segment_nr="7" camera_location="4" camera_type="23" camera_id="4023" camera_position="1L1_HEAD" headcorrection_x="-0.0050000000000000001" headcorrection_y="0.0050000000000000001" headcorrection_phi="0" segmentcorrection_x="0" segmentcorrection_y="0" segmentcorrection_phi="0" x="0" y="0" phi="0" />
<CorrectionEntry lane="1" head_location="4" head_id="1L1" segment_nr="8" camera_location="4" camera_type="23" camera_id="4023" camera_position="1L1_HEAD" headcorrection_x="-0.0050000000000000001" headcorrection_y="0.0050000000000000001" headcorrection_phi="0" segmentcorrection_x="0" segmentcorrection_y="0" segmentcorrection_phi="0" x="0" y="0" phi="0" />
<CorrectionEntry lane="1" head_location="4" head_id="1L1" segment_nr="9" camera_location="4" camera_type="23" camera_id="4023" camera_position="1L1_HEAD" headcorrection_x="-0.0050000000000000001" headcorrection_y="0.0050000000000000001" headcorrection_phi="0" segmentcorrection_x="0" segmentcorrection_y="0" segmentcorrection_phi="0" x="0" y="0" phi="0" />
<CorrectionEntry lane="1" head_location="4" head_id="1L1" segment_nr="10" camera_location="4" camera_type="23" camera_id="4023" camera_position="1L1_HEAD" headcorrection_x="-0.0050000000000000001" headcorrection_y="0.0050000000000000001" headcorrection_phi="0" segmentcorrection_x="0" segmentcorrection_y="0" segmentcorrection_phi="0" x="0" y="0" phi="0" />
<CorrectionEntry lane="1" head_location="4" head_id="1L1" segment_nr="11" camera_location="4" camera_type="23" camera_id="4023" camera_position="1L1_HEAD" headcorrection_x="-0.0050000000000000001" headcorrection_y="0.0050000000000000001" headcorrection_phi="0" segmentcorrection_x="0" segmentcorrection_y="0" segmentcorrection_phi="0" x="0" y="0" phi="0" />
<CorrectionEntry lane="1" head_location="4" head_id="1L1" segment_nr="12" camera_location="4" camera_type="23" camera_id="4023" camera_position="1L1_HEAD" headcorrection_x="-0.0050000000000000001" headcorrection_y="0.0050000000000000001" headcorrection_phi="0" segmentcorrection_x="0" segmentcorrection_y="0" segmentcorrection_phi="0" x="0" y="0" phi="0" />
<CorrectionEntry lane="1" head_location="4" head_id="1L1" segment_nr="13" camera_location="4" camera_type="23" camera_id="4023" camera_position="1L1_HEAD" headcorrection_x="-0.0050000000000000001" headcorrection_y="0.0050000000000000001" headcorrection_phi="0" segmentcorrection_x="0" segmentcorrection_y="0" segmentcorrection_phi="0" x="0" y="0" phi="0" />
<CorrectionEntry lane="1" head_location="4" head_id="1L1" segment_nr="14" camera_location="4" camera_type="23" camera_id="4023" camera_position="1L1_HEAD" headcorrection_x="-0.0050000000000000001" headcorrection_y="0.0050000000000000001" headcorrection_phi="0" segmentcorrection_x="0" segmentcorrection_y="0" segmentcorrection_phi="0" x="0" y="0" phi="0" />
<CorrectionEntry lane="1" head_location="4" head_id="1L1" segment_nr="15" camera_location="4" camera_type="23" camera_id="4023" camera_position="1L1_HEAD" headcorrection_x="-0.0050000000000000001" headcorrection_y="0.0050000000000000001" headcorrection_phi="0" segmentcorrection_x="0" segmentcorrection_y="0" segmentcorrection_phi="0" x="0" y="0" phi="0" />
<CorrectionEntry lane="1" head_location="4" head_id="1L1" segment_nr="16" camera_location="4" camera_type="23" camera_id="4023" camera_position="1L1_HEAD" headcorrection_x="-0.0050000000000000001" headcorrection_y="0.0050000000000000001" headcorrection_phi="0" segmentcorrection_x="0" segmentcorrection_y="0" segmentcorrection_phi="0" x="0" y="0" phi="0" />
<CorrectionEntry lane="1" head_location="4" head_id="1L1" segment_nr="17" camera_location="4" camera_type="23" camera_id="4023" camera_position="1L1_HEAD" headcorrection_x="-0.0050000000000000001" headcorrection_y="0.0050000000000000001" headcorrection_phi="0" segmentcorrection_x="0" segmentcorrection_y="0" segmentcorrection_phi="0" x="0" y="0" phi="0" />
<CorrectionEntry lane="1" head_location="4" head_id="1L1" segment_nr="18" camera_location="4" camera_type="23" camera_id="4023" camera_position="1L1_HEAD" headcorrection_x="-0.0050000000000000001" headcorrection_y="0.0050000000000000001" headcorrection_phi="0" segmentcorrection_x="0" segmentcorrection_y="0" segmentcorrection_phi="0" x="0" y="0" phi="0" />
<CorrectionEntry lane="1" head_location="4" head_id="1L1" segment_nr="19" camera_location="4" camera_type="23" camera_id="4023" camera_position="1L1_HEAD" headcorrection_x="-0.0050000000000000001" headcorrection_y="0.0050000000000000001" headcorrection_phi="0" segmentcorrection_x="0" segmentcorrection_y="0" segmentcorrection_phi="0" x="0" y="0" phi="0" />
<CorrectionEntry lane="1" head_location="4" head_id="1L1" segment_nr="20" camera_location="4" camera_type="23" camera_id="4023" camera_position="1L1_HEAD" headcorrection_x="-0.0050000000000000001" headcorrection_y="0.0050000000000000001" headcorrection_phi="0" segmentcorrection_x="0" segmentcorrection_y="0" segmentcorrection_phi="0" x="0" y="0" phi="0" />
<CorrectionEntry lane="2" head_location="4" head_id="1L1" segment_nr="1" camera_location="4" camera_type="23" camera_id="4023" camera_position="1L1_HEAD" headcorrection_x="-0.0050000000000000001" headcorrection_y="0.0050000000000000001" headcorrection_phi="0" segmentcorrection_x="0" segmentcorrection_y="0" segmentcorrection_phi="0" x="0" y="0" phi="0" />
<CorrectionEntry lane="2" head_location="4" head_id="1L1" segment_nr="2" camera_location="4" camera_type="23" camera_id="4023" camera_position="1L1_HEAD" headcorrection_x="-0.0050000000000000001" headcorrection_y="0.0050000000000000001" headcorrection_phi="0" segmentcorrection_x="0" segmentcorrection_y="0" segmentcorrection_phi="0" x="0" y="0" phi="0" />
<CorrectionEntry lane="2" head_location="4" head_id="1L1" segment_nr="3" camera_location="4" camera_type="23" camera_id="4023" camera_position="1L1_HEAD" headcorrection_x="-0.0050000000000000001" headcorrection_y="0.0050000000000000001" headcorrection_phi="0" segmentcorrection_x="0" segmentcorrection_y="0" segmentcorrection_phi="0" x="0" y="0" phi="0" />
<CorrectionEntry lane="2" head_location="4" head_id="1L1" segment_nr="4" camera_location="4" camera_type="23" camera_id="4023" camera_position="1L1_HEAD" headcorrection_x="-0.0050000000000000001" headcorrection_y="0.0050000000000000001" headcorrection_phi="0" segmentcorrection_x="0" segmentcorrection_y="0" segmentcorrection_phi="0" x="0" y="0" phi="0" />
<CorrectionEntry lane="2" head_location="4" head_id="1L1" segment_nr="5" camera_location="4" camera_type="23" camera_id="4023" camera_position="1L1_HEAD" headcorrection_x="-0.0050000000000000001" headcorrection_y="0.0050000000000000001" headcorrection_phi="0" segmentcorrection_x="0" segmentcorrection_y="0" segmentcorrection_phi="0" x="0" y="0" phi="0" />
<CorrectionEntry lane="2" head_location="4" head_id="1L1" segment_nr="6" camera_location="4" camera_type="23" camera_id="4023" camera_position="1L1_HEAD" headcorrection_x="-0.0050000000000000001" headcorrection_y="0.0050000000000000001" headcorrection_phi="0" segmentcorrection_x="0" segmentcorrection_y="0" segmentcorrection_phi="0" x="0" y="0" phi="0" />
<CorrectionEntry lane="2" head_location="4" head_id="1L1" segment_nr="7" camera_location="4" camera_type="23" camera_id="4023" camera_position="1L1_HEAD" headcorrection_x="-0.0050000000000000001" headcorrection_y="0.0050000000000000001" headcorrection_phi="0" segmentcorrection_x="0" segmentcorrection_y="0" segmentcorrection_phi="0" x="0" y="0" phi="0" />
<CorrectionEntry lane="2" head_location="4" head_id="1L1" segment_nr="8" camera_location="4" camera_type="23" camera_id="4023" camera_position="1L1_HEAD" headcorrection_x="-0.0050000000000000001" headcorrection_y="0.0050000000000000001" headcorrection_phi="0" segmentcorrection_x="0" segmentcorrection_y="0" segmentcorrection_phi="0" x="0" y="0" phi="0" />
<CorrectionEntry lane="2" head_location="4" head_id="1L1" segment_nr="9" camera_location="4" camera_type="23" camera_id="4023" camera_position="1L1_HEAD" headcorrection_x="-0.0050000000000000001" headcorrection_y="0.0050000000000000001" headcorrection_phi="0" segmentcorrection_x="0" segmentcorrection_y="0" segmentcorrection_phi="0" x="0" y="0" phi="0" />
<CorrectionEntry lane="2" head_location="4" head_id="1L1" segment_nr="10" camera_location="4" camera_type="23" camera_id="4023" camera_position="1L1_HEAD" headcorrection_x="-0.0050000000000000001" headcorrection_y="0.0050000000000000001" headcorrection_phi="0" segmentcorrection_x="0" segmentcorrection_y="0" segmentcorrection_phi="0" x="0" y="0" phi="0" />
<CorrectionEntry lane="2" head_location="4" head_id="1L1" segment_nr="11" camera_location="4" camera_type="23" camera_id="4023" camera_position="1L1_HEAD" headcorrection_x="-0.0050000000000000001" headcorrection_y="0.0050000000000000001" headcorrection_phi="0" segmentcorrection_x="0" segmentcorrection_y="0" segmentcorrection_phi="0" x="0" y="0" phi="0" />
<CorrectionEntry lane="2" head_location="4" head_id="1L1" segment_nr="12" camera_location="4" camera_type="23" camera_id="4023" camera_position="1L1_HEAD" headcorrection_x="-0.0050000000000000001" headcorrection_y="0.0050000000000000001" headcorrection_phi="0" segmentcorrection_x="0" segmentcorrection_y="0" segmentcorrection_phi="0" x="0" y="0" phi="0" />
<CorrectionEntry lane="2" head_location="4" head_id="1L1" segment_nr="13" camera_location="4" camera_type="23" camera_id="4023" camera_position="1L1_HEAD" headcorrection_x="-0.0050000000000000001" headcorrection_y="0.0050000000000000001" headcorrection_phi="0" segmentcorrection_x="0" segmentcorrection_y="0" segmentcorrection_phi="0" x="0" y="0" phi="0" />
<CorrectionEntry lane="2" head_location="4" head_id="1L1" segment_nr="14" camera_location="4" camera_type="23" camera_id="4023" camera_position="1L1_HEAD" headcorrection_x="-0.0050000000000000001" headcorrection_y="0.0050000000000000001" headcorrection_phi="0" segmentcorrection_x="0" segmentcorrection_y="0" segmentcorrection_phi="0" x="0" y="0" phi="0" />
<CorrectionEntry lane="2" head_location="4" head_id="1L1" segment_nr="15" camera_location="4" camera_type="23" camera_id="4023" camera_position="1L1_HEAD" headcorrection_x="-0.0050000000000000001" headcorrection_y="0.0050000000000000001" headcorrection_phi="0" segmentcorrection_x="0" segmentcorrection_y="0" segmentcorrection_phi="0" x="0" y="0" phi="0" />
<CorrectionEntry lane="2" head_location="4" head_id="1L1" segment_nr="16" camera_location="4" camera_type="23" camera_id="4023" camera_position="1L1_HEAD" headcorrection_x="-0.0050000000000000001" headcorrection_y="0.0050000000000000001" headcorrection_phi="0" segmentcorrection_x="0" segmentcorrection_y="0" segmentcorrection_phi="0" x="0" y="0" phi="0" />
<CorrectionEntry lane="2" head_location="4" head_id="1L1" segment_nr="17" camera_location="4" camera_type="23" camera_id="4023" camera_position="1L1_HEAD" headcorrection_x="-0.0050000000000000001" headcorrection_y="0.0050000000000000001" headcorrection_phi="0" segmentcorrection_x="0" segmentcorrection_y="0" segmentcorrection_phi="0" x="0" y="0" phi="0" />
<CorrectionEntry lane="2" head_location="4" head_id="1L1" segment_nr="18" camera_location="4" camera_type="23" camera_id="4023" camera_position="1L1_HEAD" headcorrection_x="-0.0050000000000000001" headcorrection_y="0.0050000000000000001" headcorrection_phi="0" segmentcorrection_x="0" segmentcorrection_y="0" segmentcorrection_phi="0" x="0" y="0" phi="0" />
<CorrectionEntry lane="2" head_location="4" head_id="1L1" segment_nr="19" camera_location="4" camera_type="23" camera_id="4023" camera_position="1L1_HEAD" headcorrection_x="-0.0050000000000000001" headcorrection_y="0.0050000000000000001" headcorrection_phi="0" segmentcorrection_x="0" segmentcorrection_y="0" segmentcorrection_phi="0" x="0" y="0" phi="0" />
<CorrectionEntry lane="2" head_location="4" head_id="1L1" segment_nr="20" camera_location="4" camera_type="23" camera_id="4023" camera_position="1L1_HEAD" headcorrection_x="-0.0050000000000000001" headcorrection_y="0.0050000000000000001" headcorrection_phi="0" segmentcorrection_x="0" segmentcorrection_y="0" segmentcorrection_phi="0" x="0" y="0" phi="0" />
<CorrectionEntry lane="1" head_location="1" head_id="1R1" segment_nr="1" camera_location="1" camera_type="23" camera_id="1023" camera_position="1R1_HEAD" headcorrection_x="-0.002" headcorrection_y="-0.0040000000000000001" headcorrection_phi="0.019" segmentcorrection_x="0" segmentcorrection_y="0" segmentcorrection_phi="0" x="0" y="0" phi="0" />
<CorrectionEntry lane="1" head_location="1" head_id="1R1" segment_nr="2" camera_location="1" camera_type="23" camera_id="1023" camera_position="1R1_HEAD" headcorrection_x="-0.002" headcorrection_y="-0.0040000000000000001" headcorrection_phi="0.019" segmentcorrection_x="0" segmentcorrection_y="0" segmentcorrection_phi="0" x="0" y="0" phi="0" />
<CorrectionEntry lane="1" head_location="1" head_id="1R1" segment_nr="3" camera_location="1" camera_type="23" camera_id="1023" camera_position="1R1_HEAD" headcorrection_x="-0.002" headcorrection_y="-0.0040000000000000001" headcorrection_phi="0.019" segmentcorrection_x="0" segmentcorrection_y="0" segmentcorrection_phi="0" x="0" y="0" phi="0" />
<CorrectionEntry lane="1" head_location="1" head_id="1R1" segment_nr="4" camera_location="1" camera_type="23" camera_id="1023" camera_position="1R1_HEAD" headcorrection_x="-0.002" headcorrection_y="-0.0040000000000000001" headcorrection_phi="0.019" segmentcorrection_x="0" segmentcorrection_y="0" segmentcorrection_phi="0" x="0" y="0" phi="0" />
<CorrectionEntry lane="1" head_location="1" head_id="1R1" segment_nr="5" camera_location="1" camera_type="23" camera_id="1023" camera_position="1R1_HEAD" headcorrection_x="-0.002" headcorrection_y="-0.0040000000000000001" headcorrection_phi="0.019" segmentcorrection_x="0" segmentcorrection_y="0" segmentcorrection_phi="0" x="0" y="0" phi="0" />
<CorrectionEntry lane="1" head_location="1" head_id="1R1" segment_nr="6" camera_location="1" camera_type="23" camera_id="1023" camera_position="1R1_HEAD" headcorrection_x="-0.002" headcorrection_y="-0.0040000000000000001" headcorrection_phi="0.019" segmentcorrection_x="0" segmentcorrection_y="0" segmentcorrection_phi="0" x="0" y="0" phi="0" />
<CorrectionEntry lane="1" head_location="1" head_id="1R1" segment_nr="7" camera_location="1" camera_type="23" camera_id="1023" camera_position="1R1_HEAD" headcorrection_x="-0.002" headcorrection_y="-0.0040000000000000001" headcorrection_phi="0.019" segmentcorrection_x="0" segmentcorrection_y="0" segmentcorrection_phi="0" x="0" y="0" phi="0" />
<CorrectionEntry lane="1" head_location="1" head_id="1R1" segment_nr="8" camera_location="1" camera_type="23" camera_id="1023" camera_position="1R1_HEAD" headcorrection_x="-0.002" headcorrection_y="-0.0040000000000000001" headcorrection_phi="0.019" segmentcorrection_x="0" segmentcorrection_y="0" segmentcorrection_phi="0" x="0" y="0" phi="0" />
<CorrectionEntry lane="1" head_location="1" head_id="1R1" segment_nr="9" camera_location="1" camera_type="23" camera_id="1023" camera_position="1R1_HEAD" headcorrection_x="-0.002" headcorrection_y="-0.0040000000000000001" headcorrection_phi="0.019" segmentcorrection_x="0" segmentcorrection_y="0" segmentcorrection_phi="0" x="0" y="0" phi="0" />
<CorrectionEntry lane="1" head_location="1" head_id="1R1" segment_nr="10" camera_location="1" camera_type="23" camera_id="1023" camera_position="1R1_HEAD" headcorrection_x="-0.002" headcorrection_y="-0.0040000000000000001" headcorrection_phi="0.019" segmentcorrection_x="0" segmentcorrection_y="0" segmentcorrection_phi="0" x="0" y="0" phi="0" />
<CorrectionEntry lane="1" head_location="1" head_id="1R1" segment_nr="11" camera_location="1" camera_type="23" camera_id="1023" camera_position="1R1_HEAD" headcorrection_x="-0.002" headcorrection_y="-0.0040000000000000001" headcorrection_phi="0.019" segmentcorrection_x="0" segmentcorrection_y="0" segmentcorrection_phi="0" x="0" y="0" phi="0" />
<CorrectionEntry lane="1" head_location="1" head_id="1R1" segment_nr="12" camera_location="1" camera_type="23" camera_id="1023" camera_position="1R1_HEAD" headcorrection_x="-0.002" headcorrection_y="-0.0040000000000000001" headcorrection_phi="0.019" segmentcorrection_x="0" segmentcorrection_y="0" segmentcorrection_phi="0" x="0" y="0" phi="0" />
<CorrectionEntry lane="1" head_location="1" head_id="1R1" segment_nr="13" camera_location="1" camera_type="23" camera_id="1023" camera_position="1R1_HEAD" headcorrection_x="-0.002" headcorrection_y="-0.0040000000000000001" headcorrection_phi="0.019" segmentcorrection_x="0" segmentcorrection_y="0" segmentcorrection_phi="0" x="0" y="0" phi="0" />
<CorrectionEntry lane="1" head_location="1" head_id="1R1" segment_nr="14" camera_location="1" camera_type="23" camera_id="1023" camera_position="1R1_HEAD" headcorrection_x="-0.002" headcorrection_y="-0.0040000000000000001" headcorrection_phi="0.019" segmentcorrection_x="0" segmentcorrection_y="0" segmentcorrection_phi="0" x="0" y="0" phi="0" />
<CorrectionEntry lane="1" head_location="1" head_id="1R1" segment_nr="15" camera_location="1" camera_type="23" camera_id="1023" camera_position="1R1_HEAD" headcorrection_x="-0.002" headcorrection_y="-0.0040000000000000001" headcorrection_phi="0.019" segmentcorrection_x="0" segmentcorrection_y="0" segmentcorrection_phi="0" x="0" y="0" phi="0" />
<CorrectionEntry lane="1" head_location="1" head_id="1R1" segment_nr="16" camera_location="1" camera_type="23" camera_id="1023" camera_position="1R1_HEAD" headcorrection_x="-0.002" headcorrection_y="-0.0040000000000000001" headcorrection_phi="0.019" segmentcorrection_x="0" segmentcorrection_y="0" segmentcorrection_phi="0" x="0" y="0" phi="0" />
<CorrectionEntry lane="1" head_location="1" head_id="1R1" segment_nr="17" camera_location="1" camera_type="23" camera_id="1023" camera_position="1R1_HEAD" headcorrection_x="-0.002" headcorrection_y="-0.0040000000000000001" headcorrection_phi="0.019" segmentcorrection_x="0" segmentcorrection_y="0" segmentcorrection_phi="0" x="0" y="0" phi="0" />
<CorrectionEntry lane="1" head_location="1" head_id="1R1" segment_nr="18" camera_location="1" camera_type="23" camera_id="1023" camera_position="1R1_HEAD" headcorrection_x="-0.002" headcorrection_y="-0.0040000000000000001" headcorrection_phi="0.019" segmentcorrection_x="0" segmentcorrection_y="0" segmentcorrection_phi="0" x="0" y="0" phi="0" />
<CorrectionEntry lane="1" head_location="1" head_id="1R1" segment_nr="19" camera_location="1" camera_type="23" camera_id="1023" camera_position="1R1_HEAD" headcorrection_x="-0.002" headcorrection_y="-0.0040000000000000001" headcorrection_phi="0.019" segmentcorrection_x="0" segmentcorrection_y="0" segmentcorrection_phi="0" x="0" y="0" phi="0" />
<CorrectionEntry lane="1" head_location="1" head_id="1R1" segment_nr="20" camera_location="1" camera_type="23" camera_id="1023" camera_position="1R1_HEAD" headcorrection_x="-0.002" headcorrection_y="-0.0040000000000000001" headcorrection_phi="0.019" segmentcorrection_x="0" segmentcorrection_y="0" segmentcorrection_phi="0" x="0" y="0" phi="0" />
<CorrectionEntry lane="2" head_location="1" head_id="1R1" segment_nr="1" camera_location="1" camera_type="23" camera_id="1023" camera_position="1R1_HEAD" headcorrection_x="-0.002" headcorrection_y="-0.0040000000000000001" headcorrection_phi="0.019" segmentcorrection_x="0" segmentcorrection_y="0" segmentcorrection_phi="0" x="0" y="0" phi="0" />
<CorrectionEntry lane="2" head_location="1" head_id="1R1" segment_nr="2" camera_location="1" camera_type="23" camera_id="1023" camera_position="1R1_HEAD" headcorrection_x="-0.002" headcorrection_y="-0.0040000000000000001" headcorrection_phi="0.019" segmentcorrection_x="0" segmentcorrection_y="0" segmentcorrection_phi="0" x="0" y="0" phi="0" />
<CorrectionEntry lane="2" head_location="1" head_id="1R1" segment_nr="3" camera_location="1" camera_type="23" camera_id="1023" camera_position="1R1_HEAD" headcorrection_x="-0.002" headcorrection_y="-0.0040000000000000001" headcorrection_phi="0.019" segmentcorrection_x="0" segmentcorrection_y="0" segmentcorrection_phi="0" x="0" y="0" phi="0" />
<CorrectionEntry lane="2" head_location="1" head_id="1R1" segment_nr="4" camera_location="1" camera_type="23" camera_id="1023" camera_position="1R1_HEAD" headcorrection_x="-0.002" headcorrection_y="-0.0040000000000000001" headcorrection_phi="0.019" segmentcorrection_x="0" segmentcorrection_y="0" segmentcorrection_phi="0" x="0" y="0" phi="0" />
<CorrectionEntry lane="2" head_location="1" head_id="1R1" segment_nr="5" camera_location="1" camera_type="23" camera_id="1023" camera_position="1R1_HEAD" headcorrection_x="-0.002" headcorrection_y="-0.0040000000000000001" headcorrection_phi="0.019" segmentcorrection_x="0" segmentcorrection_y="0" segmentcorrection_phi="0" x="0" y="0" phi="0" />
<CorrectionEntry lane="2" head_location="1" head_id="1R1" segment_nr="6" camera_location="1" camera_type="23" camera_id="1023" camera_position="1R1_HEAD" headcorrection_x="-0.002" headcorrection_y="-0.0040000000000000001" headcorrection_phi="0.019" segmentcorrection_x="0" segmentcorrection_y="0" segmentcorrection_phi="0" x="0" y="0" phi="0" />
<CorrectionEntry lane="2" head_location="1" head_id="1R1" segment_nr="7" camera_location="1" camera_type="23" camera_id="1023" camera_position="1R1_HEAD" headcorrection_x="-0.002" headcorrection_y="-0.0040000000000000001" headcorrection_phi="0.019" segmentcorrection_x="0" segmentcorrection_y="0" segmentcorrection_phi="0" x="0" y="0" phi="0" />
<CorrectionEntry lane="2" head_location="1" head_id="1R1" segment_nr="8" camera_location="1" camera_type="23" camera_id="1023" camera_position="1R1_HEAD" headcorrection_x="-0.002" headcorrection_y="-0.0040000000000000001" headcorrection_phi="0.019" segmentcorrection_x="0" segmentcorrection_y="0" segmentcorrection_phi="0" x="0" y="0" phi="0" />
<CorrectionEntry lane="2" head_location="1" head_id="1R1" segment_nr="9" camera_location="1" camera_type="23" camera_id="1023" camera_position="1R1_HEAD" headcorrection_x="-0.002" headcorrection_y="-0.0040000000000000001" headcorrection_phi="0.019" segmentcorrection_x="0" segmentcorrection_y="0" segmentcorrection_phi="0" x="0" y="0" phi="0" />
<CorrectionEntry lane="2" head_location="1" head_id="1R1" segment_nr="10" camera_location="1" camera_type="23" camera_id="1023" camera_position="1R1_HEAD" headcorrection_x="-0.002" headcorrection_y="-0.0040000000000000001" headcorrection_phi="0.019" segmentcorrection_x="0" segmentcorrection_y="0" segmentcorrection_phi="0" x="0" y="0" phi="0" />
<CorrectionEntry lane="2" head_location="1" head_id="1R1" segment_nr="11" camera_location="1" camera_type="23" camera_id="1023" camera_position="1R1_HEAD" headcorrection_x="-0.002" headcorrection_y="-0.0040000000000000001" headcorrection_phi="0.019" segmentcorrection_x="0" segmentcorrection_y="0" segmentcorrection_phi="0" x="0" y="0" phi="0" />
<CorrectionEntry lane="2" head_location="1" head_id="1R1" segment_nr="12" camera_location="1" camera_type="23" camera_id="1023" camera_position="1R1_HEAD" headcorrection_x="-0.002" headcorrection_y="-0.0040000000000000001" headcorrection_phi="0.019" segmentcorrection_x="0" segmentcorrection_y="0" segmentcorrection_phi="0" x="0" y="0" phi="0" />
<CorrectionEntry lane="2" head_location="1" head_id="1R1" segment_nr="13" camera_location="1" camera_type="23" camera_id="1023" camera_position="1R1_HEAD" headcorrection_x="-0.002" headcorrection_y="-0.0040000000000000001" headcorrection_phi="0.019" segmentcorrection_x="0" segmentcorrection_y="0" segmentcorrection_phi="0" x="0" y="0" phi="0" />
<CorrectionEntry lane="2" head_location="1" head_id="1R1" segment_nr="14" camera_location="1" camera_type="23" camera_id="1023" camera_position="1R1_HEAD" headcorrection_x="-0.002" headcorrection_y="-0.0040000000000000001" headcorrection_phi="0.019" segmentcorrection_x="0" segmentcorrection_y="0" segmentcorrection_phi="0" x="0" y="0" phi="0" />
<CorrectionEntry lane="2" head_location="1" head_id="1R1" segment_nr="15" camera_location="1" camera_type="23" camera_id="1023" camera_position="1R1_HEAD" headcorrection_x="-0.002" headcorrection_y="-0.0040000000000000001" headcorrection_phi="0.019" segmentcorrection_x="0" segmentcorrection_y="0" segmentcorrection_phi="0" x="0" y="0" phi="0" />
<CorrectionEntry lane="2" head_location="1" head_id="1R1" segment_nr="16" camera_location="1" camera_type="23" camera_id="1023" camera_position="1R1_HEAD" headcorrection_x="-0.002" headcorrection_y="-0.0040000000000000001" headcorrection_phi="0.019" segmentcorrection_x="0" segmentcorrection_y="0" segmentcorrection_phi="0" x="0" y="0" phi="0" />
<CorrectionEntry lane="2" head_location="1" head_id="1R1" segment_nr="17" camera_location="1" camera_type="23" camera_id="1023" camera_position="1R1_HEAD" headcorrection_x="-0.002" headcorrection_y="-0.0040000000000000001" headcorrection_phi="0.019" segmentcorrection_x="0" segmentcorrection_y="0" segmentcorrection_phi="0" x="0" y="0" phi="0" />
<CorrectionEntry lane="2" head_location="1" head_id="1R1" segment_nr="18" camera_location="1" camera_type="23" camera_id="1023" camera_position="1R1_HEAD" headcorrection_x="-0.002" headcorrection_y="-0.0040000000000000001" headcorrection_phi="0.019" segmentcorrection_x="0" segmentcorrection_y="0" segmentcorrection_phi="0" x="0" y="0" phi="0" />
<CorrectionEntry lane="2" head_location="1" head_id="1R1" segment_nr="19" camera_location="1" camera_type="23" camera_id="1023" camera_position="1R1_HEAD" headcorrection_x="-0.002" headcorrection_y="-0.0040000000000000001" headcorrection_phi="0.019" segmentcorrection_x="0" segmentcorrection_y="0" segmentcorrection_phi="0" x="0" y="0" phi="0" />
<CorrectionEntry lane="2" head_location="1" head_id="1R1" segment_nr="20" camera_location="1" camera_type="23" camera_id="1023" camera_position="1R1_HEAD" headcorrection_x="-0.002" headcorrection_y="-0.0040000000000000001" headcorrection_phi="0.019" segmentcorrection_x="0" segmentcorrection_y="0" segmentcorrection_phi="0" x="0" y="0" phi="0" />
<CorrectionEntry lane="1" head_location="3" head_id="2L1" segment_nr="1" camera_location="3" camera_type="23" camera_id="3023" camera_position="2L1_HEAD" headcorrection_x="0" headcorrection_y="0" headcorrection_phi="0" segmentcorrection_x="0" segmentcorrection_y="0" segmentcorrection_phi="0" x="0" y="0" phi="0" />
<CorrectionEntry lane="1" head_location="3" head_id="2L1" segment_nr="2" camera_location="3" camera_type="23" camera_id="3023" camera_position="2L1_HEAD" headcorrection_x="0" headcorrection_y="0" headcorrection_phi="0" segmentcorrection_x="0" segmentcorrection_y="0" segmentcorrection_phi="0" x="0" y="0" phi="0" />
<CorrectionEntry lane="1" head_location="3" head_id="2L1" segment_nr="3" camera_location="3" camera_type="23" camera_id="3023" camera_position="2L1_HEAD" headcorrection_x="0" headcorrection_y="0" headcorrection_phi="0" segmentcorrection_x="0" segmentcorrection_y="0" segmentcorrection_phi="0" x="0" y="0" phi="0" />
<CorrectionEntry lane="1" head_location="3" head_id="2L1" segment_nr="4" camera_location="3" camera_type="23" camera_id="3023" camera_position="2L1_HEAD" headcorrection_x="0" headcorrection_y="0" headcorrection_phi="0" segmentcorrection_x="0" segmentcorrection_y="0" segmentcorrection_phi="0" x="0" y="0" phi="0" />
<CorrectionEntry lane="1" head_location="3" head_id="2L1" segment_nr="5" camera_location="3" camera_type="23" camera_id="3023" camera_position="2L1_HEAD" headcorrection_x="0" headcorrection_y="0" headcorrection_phi="0" segmentcorrection_x="0" segmentcorrection_y="0" segmentcorrection_phi="0" x="0" y="0" phi="0" />
<CorrectionEntry lane="1" head_location="3" head_id="2L1" segment_nr="6" camera_location="3" camera_type="23" camera_id="3023" camera_position="2L1_HEAD" headcorrection_x="0" headcorrection_y="0" headcorrection_phi="0" segmentcorrection_x="0" segmentcorrection_y="0" segmentcorrection_phi="0" x="0" y="0" phi="0" />
<CorrectionEntry lane="1" head_location="3" head_id="2L1" segment_nr="7" camera_location="3" camera_type="23" camera_id="3023" camera_position="2L1_HEAD" headcorrection_x="0" headcorrection_y="0" headcorrection_phi="0" segmentcorrection_x="0" segmentcorrection_y="0" segmentcorrection_phi="0" x="0" y="0" phi="0" />
<CorrectionEntry lane="1" head_location="3" head_id="2L1" segment_nr="8" camera_location="3" camera_type="23" camera_id="3023" camera_position="2L1_HEAD" headcorrection_x="0" headcorrection_y="0" headcorrection_phi="0" segmentcorrection_x="0" segmentcorrection_y="0" segmentcorrection_phi="0" x="0" y="0" phi="0" />
<CorrectionEntry lane="1" head_location="3" head_id="2L1" segment_nr="9" camera_location="3" camera_type="23" camera_id="3023" camera_position="2L1_HEAD" headcorrection_x="0" headcorrection_y="0" headcorrection_phi="0" segmentcorrection_x="0" segmentcorrection_y="0" segmentcorrection_phi="0" x="0" y="0" phi="0" />
<CorrectionEntry lane="1" head_location="3" head_id="2L1" segment_nr="10" camera_location="3" camera_type="23" camera_id="3023" camera_position="2L1_HEAD" headcorrection_x="0" headcorrection_y="0" headcorrection_phi="0" segmentcorrection_x="0" segmentcorrection_y="0" segmentcorrection_phi="0" x="0" y="0" phi="0" />
<CorrectionEntry lane="1" head_location="3" head_id="2L1" segment_nr="11" camera_location="3" camera_type="23" camera_id="3023" camera_position="2L1_HEAD" headcorrection_x="0" headcorrection_y="0" headcorrection_phi="0" segmentcorrection_x="0" segmentcorrection_y="0" segmentcorrection_phi="0" x="0" y="0" phi="0" />
<CorrectionEntry lane="1" head_location="3" head_id="2L1" segment_nr="12" camera_location="3" camera_type="23" camera_id="3023" camera_position="2L1_HEAD" headcorrection_x="0" headcorrection_y="0" headcorrection_phi="0" segmentcorrection_x="0" segmentcorrection_y="0" segmentcorrection_phi="0" x="0" y="0" phi="0" />
<CorrectionEntry lane="1" head_location="3" head_id="2L1" segment_nr="13" camera_location="3" camera_type="23" camera_id="3023" camera_position="2L1_HEAD" headcorrection_x="0" headcorrection_y="0" headcorrection_phi="0" segmentcorrection_x="0" segmentcorrection_y="0" segmentcorrection_phi="0" x="0" y="0" phi="0" />
<CorrectionEntry lane="1" head_location="3" head_id="2L1" segment_nr="14" camera_location="3" camera_type="23" camera_id="3023" camera_position="2L1_HEAD" headcorrection_x="0" headcorrection_y="0" headcorrection_phi="0" segmentcorrection_x="0" segmentcorrection_y="0" segmentcorrection_phi="0" x="0" y="0" phi="0" />
<CorrectionEntry lane="1" head_location="3" head_id="2L1" segment_nr="15" camera_location="3" camera_type="23" camera_id="3023" camera_position="2L1_HEAD" headcorrection_x="0" headcorrection_y="0" headcorrection_phi="0" segmentcorrection_x="0" segmentcorrection_y="0" segmentcorrection_phi="0" x="0" y="0" phi="0" />
<CorrectionEntry lane="1" head_location="3" head_id="2L1" segment_nr="16" camera_location="3" camera_type="23" camera_id="3023" camera_position="2L1_HEAD" headcorrection_x="0" headcorrection_y="0" headcorrection_phi="0" segmentcorrection_x="0" segmentcorrection_y="0" segmentcorrection_phi="0" x="0" y="0" phi="0" />
<CorrectionEntry lane="1" head_location="3" head_id="2L1" segment_nr="17" camera_location="3" camera_type="23" camera_id="3023" camera_position="2L1_HEAD" headcorrection_x="0" headcorrection_y="0" headcorrection_phi="0" segmentcorrection_x="0" segmentcorrection_y="0" segmentcorrection_phi="0" x="0" y="0" phi="0" />
<CorrectionEntry lane="1" head_location="3" head_id="2L1" segment_nr="18" camera_location="3" camera_type="23" camera_id="3023" camera_position="2L1_HEAD" headcorrection_x="0" headcorrection_y="0" headcorrection_phi="0" segmentcorrection_x="0" segmentcorrection_y="0" segmentcorrection_phi="0" x="0" y="0" phi="0" />
<CorrectionEntry lane="1" head_location="3" head_id="2L1" segment_nr="19" camera_location="3" camera_type="23" camera_id="3023" camera_position="2L1_HEAD" headcorrection_x="0" headcorrection_y="0" headcorrection_phi="0" segmentcorrection_x="0" segmentcorrection_y="0" segmentcorrection_phi="0" x="0" y="0" phi="0" />
<CorrectionEntry lane="1" head_location="3" head_id="2L1" segment_nr="20" camera_location="3" camera_type="23" camera_id="3023" camera_position="2L1_HEAD" headcorrection_x="0" headcorrection_y="0" headcorrection_phi="0" segmentcorrection_x="0" segmentcorrection_y="0" segmentcorrection_phi="0" x="0" y="0" phi="0" />
<CorrectionEntry lane="2" head_location="3" head_id="2L1" segment_nr="1" camera_location="3" camera_type="23" camera_id="3023" camera_position="2L1_HEAD" headcorrection_x="0" headcorrection_y="0" headcorrection_phi="0" segmentcorrection_x="0" segmentcorrection_y="0" segmentcorrection_phi="0" x="0" y="0" phi="0" />
<CorrectionEntry lane="2" head_location="3" head_id="2L1" segment_nr="2" camera_location="3" camera_type="23" camera_id="3023" camera_position="2L1_HEAD" headcorrection_x="0" headcorrection_y="0" headcorrection_phi="0" segmentcorrection_x="0" segmentcorrection_y="0" segmentcorrection_phi="0" x="0" y="0" phi="0" />
<CorrectionEntry lane="2" head_location="3" head_id="2L1" segment_nr="3" camera_location="3" camera_type="23" camera_id="3023" camera_position="2L1_HEAD" headcorrection_x="0" headcorrection_y="0" headcorrection_phi="0" segmentcorrection_x="0" segmentcorrection_y="0" segmentcorrection_phi="0" x="0" y="0" phi="0" />
<CorrectionEntry lane="2" head_location="3" head_id="2L1" segment_nr="4" camera_location="3" camera_type="23" camera_id="3023" camera_position="2L1_HEAD" headcorrection_x="0" headcorrection_y="0" headcorrection_phi="0" segmentcorrection_x="0" segmentcorrection_y="0" segmentcorrection_phi="0" x="0" y="0" phi="0" />
<CorrectionEntry lane="2" head_location="3" head_id="2L1" segment_nr="5" camera_location="3" camera_type="23" camera_id="3023" camera_position="2L1_HEAD" headcorrection_x="0" headcorrection_y="0" headcorrection_phi="0" segmentcorrection_x="0" segmentcorrection_y="0" segmentcorrection_phi="0" x="0" y="0" phi="0" />
<CorrectionEntry lane="2" head_location="3" head_id="2L1" segment_nr="6" camera_location="3" camera_type="23" camera_id="3023" camera_position="2L1_HEAD" headcorrection_x="0" headcorrection_y="0" headcorrection_phi="0" segmentcorrection_x="0" segmentcorrection_y="0" segmentcorrection_phi="0" x="0" y="0" phi="0" />
<CorrectionEntry lane="2" head_location="3" head_id="2L1" segment_nr="7" camera_location="3" camera_type="23" camera_id="3023" camera_position="2L1_HEAD" headcorrection_x="0" headcorrection_y="0" headcorrection_phi="0" segmentcorrection_x="0" segmentcorrection_y="0" segmentcorrection_phi="0" x="0" y="0" phi="0" />
<CorrectionEntry lane="2" head_location="3" head_id="2L1" segment_nr="8" camera_location="3" camera_type="23" camera_id="3023" camera_position="2L1_HEAD" headcorrection_x="0" headcorrection_y="0" headcorrection_phi="0" segmentcorrection_x="0" segmentcorrection_y="0" segmentcorrection_phi="0" x="0" y="0" phi="0" />
<CorrectionEntry lane="2" head_location="3" head_id="2L1" segment_nr="9" camera_location="3" camera_type="23" camera_id="3023" camera_position="2L1_HEAD" headcorrection_x="0" headcorrection_y="0" headcorrection_phi="0" segmentcorrection_x="0" segmentcorrection_y="0" segmentcorrection_phi="0" x="0" y="0" phi="0" />
<CorrectionEntry lane="2" head_location="3" head_id="2L1" segment_nr="10" camera_location="3" camera_type="23" camera_id="3023" camera_position="2L1_HEAD" headcorrection_x="0" headcorrection_y="0" headcorrection_phi="0" segmentcorrection_x="0" segmentcorrection_y="0" segmentcorrection_phi="0" x="0" y="0" phi="0" />
<CorrectionEntry lane="2" head_location="3" head_id="2L1" segment_nr="11" camera_location="3" camera_type="23" camera_id="3023" camera_position="2L1_HEAD" headcorrection_x="0" headcorrection_y="0" headcorrection_phi="0" segmentcorrection_x="0" segmentcorrection_y="0" segmentcorrection_phi="0" x="0" y="0" phi="0" />
<CorrectionEntry lane="2" head_location="3" head_id="2L1" segment_nr="12" camera_location="3" camera_type="23" camera_id="3023" camera_position="2L1_HEAD" headcorrection_x="0" headcorrection_y="0" headcorrection_phi="0" segmentcorrection_x="0" segmentcorrection_y="0" segmentcorrection_phi="0" x="0" y="0" phi="0" />
<CorrectionEntry lane="2" head_location="3" head_id="2L1" segment_nr="13" camera_location="3" camera_type="23" camera_id="3023" camera_position="2L1_HEAD" headcorrection_x="0" headcorrection_y="0" headcorrection_phi="0" segmentcorrection_x="0" segmentcorrection_y="0" segmentcorrection_phi="0" x="0" y="0" phi="0" />
<CorrectionEntry lane="2" head_location="3" head_id="2L1" segment_nr="14" camera_location="3" camera_type="23" camera_id="3023" camera_position="2L1_HEAD" headcorrection_x="0" headcorrection_y="0" headcorrection_phi="0" segmentcorrection_x="0" segmentcorrection_y="0" segmentcorrection_phi="0" x="0" y="0" phi="0" />
<CorrectionEntry lane="2" head_location="3" head_id="2L1" segment_nr="15" camera_location="3" camera_type="23" camera_id="3023" camera_position="2L1_HEAD" headcorrection_x="0" headcorrection_y="0" headcorrection_phi="0" segmentcorrection_x="0" segmentcorrection_y="0" segmentcorrection_phi="0" x="0" y="0" phi="0" />
<CorrectionEntry lane="2" head_location="3" head_id="2L1" segment_nr="16" camera_location="3" camera_type="23" camera_id="3023" camera_position="2L1_HEAD" headcorrection_x="0" headcorrection_y="0" headcorrection_phi="0" segmentcorrection_x="0" segmentcorrection_y="0" segmentcorrection_phi="0" x="0" y="0" phi="0" />
<CorrectionEntry lane="2" head_location="3" head_id="2L1" segment_nr="17" camera_location="3" camera_type="23" camera_id="3023" camera_position="2L1_HEAD" headcorrection_x="0" headcorrection_y="0" headcorrection_phi="0" segmentcorrection_x="0" segmentcorrection_y="0" segmentcorrection_phi="0" x="0" y="0" phi="0" />
<CorrectionEntry lane="2" head_location="3" head_id="2L1" segment_nr="18" camera_location="3" camera_type="23" camera_id="3023" camera_position="2L1_HEAD" headcorrection_x="0" headcorrection_y="0" headcorrection_phi="0" segmentcorrection_x="0" segmentcorrection_y="0" segmentcorrection_phi="0" x="0" y="0" phi="0" />
<CorrectionEntry lane="2" head_location="3" head_id="2L1" segment_nr="19" camera_location="3" camera_type="23" camera_id="3023" camera_position="2L1_HEAD" headcorrection_x="0" headcorrection_y="0" headcorrection_phi="0" segmentcorrection_x="0" segmentcorrection_y="0" segmentcorrection_phi="0" x="0" y="0" phi="0" />
<CorrectionEntry lane="2" head_location="3" head_id="2L1" segment_nr="20" camera_location="3" camera_type="23" camera_id="3023" camera_position="2L1_HEAD" headcorrection_x="0" headcorrection_y="0" headcorrection_phi="0" segmentcorrection_x="0" segmentcorrection_y="0" segmentcorrection_phi="0" x="0" y="0" phi="0" />
<CorrectionEntry lane="1" head_location="2" head_id="2R1" segment_nr="1" camera_location="2" camera_type="23" camera_id="2023" camera_position="2R1_HEAD" headcorrection_x="0" headcorrection_y="0" headcorrection_phi="0" segmentcorrection_x="0" segmentcorrection_y="0" segmentcorrection_phi="0" x="0" y="0" phi="0" />
<CorrectionEntry lane="1" head_location="2" head_id="2R1" segment_nr="2" camera_location="2" camera_type="23" camera_id="2023" camera_position="2R1_HEAD" headcorrection_x="0" headcorrection_y="0" headcorrection_phi="0" segmentcorrection_x="0" segmentcorrection_y="0" segmentcorrection_phi="0" x="0" y="0" phi="0" />
<CorrectionEntry lane="1" head_location="2" head_id="2R1" segment_nr="3" camera_location="2" camera_type="23" camera_id="2023" camera_position="2R1_HEAD" headcorrection_x="0" headcorrection_y="0" headcorrection_phi="0" segmentcorrection_x="0" segmentcorrection_y="0" segmentcorrection_phi="0" x="0" y="0" phi="0" />
<CorrectionEntry lane="1" head_location="2" head_id="2R1" segment_nr="4" camera_location="2" camera_type="23" camera_id="2023" camera_position="2R1_HEAD" headcorrection_x="0" headcorrection_y="0" headcorrection_phi="0" segmentcorrection_x="0" segmentcorrection_y="0" segmentcorrection_phi="0" x="0" y="0" phi="0" />
<CorrectionEntry lane="1" head_location="2" head_id="2R1" segment_nr="5" camera_location="2" camera_type="23" camera_id="2023" camera_position="2R1_HEAD" headcorrection_x="0" headcorrection_y="0" headcorrection_phi="0" segmentcorrection_x="0" segmentcorrection_y="0" segmentcorrection_phi="0" x="0" y="0" phi="0" />
<CorrectionEntry lane="1" head_location="2" head_id="2R1" segment_nr="6" camera_location="2" camera_type="23" camera_id="2023" camera_position="2R1_HEAD" headcorrection_x="0" headcorrection_y="0" headcorrection_phi="0" segmentcorrection_x="0" segmentcorrection_y="0" segmentcorrection_phi="0" x="0" y="0" phi="0" />
<CorrectionEntry lane="1" head_location="2" head_id="2R1" segment_nr="7" camera_location="2" camera_type="23" camera_id="2023" camera_position="2R1_HEAD" headcorrection_x="0" headcorrection_y="0" headcorrection_phi="0" segmentcorrection_x="0" segmentcorrection_y="0" segmentcorrection_phi="0" x="0" y="0" phi="0" />
<CorrectionEntry lane="1" head_location="2" head_id="2R1" segment_nr="8" camera_location="2" camera_type="23" camera_id="2023" camera_position="2R1_HEAD" headcorrection_x="0" headcorrection_y="0" headcorrection_phi="0" segmentcorrection_x="0" segmentcorrection_y="0" segmentcorrection_phi="0" x="0" y="0" phi="0" />
<CorrectionEntry lane="1" head_location="2" head_id="2R1" segment_nr="9" camera_location="2" camera_type="23" camera_id="2023" camera_position="2R1_HEAD" headcorrection_x="0" headcorrection_y="0" headcorrection_phi="0" segmentcorrection_x="0" segmentcorrection_y="0" segmentcorrection_phi="0" x="0" y="0" phi="0" />
<CorrectionEntry lane="1" head_location="2" head_id="2R1" segment_nr="10" camera_location="2" camera_type="23" camera_id="2023" camera_position="2R1_HEAD" headcorrection_x="0" headcorrection_y="0" headcorrection_phi="0" segmentcorrection_x="0" segmentcorrection_y="0" segmentcorrection_phi="0" x="0" y="0" phi="0" />
<CorrectionEntry lane="1" head_location="2" head_id="2R1" segment_nr="11" camera_location="2" camera_type="23" camera_id="2023" camera_position="2R1_HEAD" headcorrection_x="0" headcorrection_y="0" headcorrection_phi="0" segmentcorrection_x="0" segmentcorrection_y="0" segmentcorrection_phi="0" x="0" y="0" phi="0" />
<CorrectionEntry lane="1" head_location="2" head_id="2R1" segment_nr="12" camera_location="2" camera_type="23" camera_id="2023" camera_position="2R1_HEAD" headcorrection_x="0" headcorrection_y="0" headcorrection_phi="0" segmentcorrection_x="0" segmentcorrection_y="0" segmentcorrection_phi="0" x="0" y="0" phi="0" />
<CorrectionEntry lane="1" head_location="2" head_id="2R1" segment_nr="13" camera_location="2" camera_type="23" camera_id="2023" camera_position="2R1_HEAD" headcorrection_x="0" headcorrection_y="0" headcorrection_phi="0" segmentcorrection_x="0" segmentcorrection_y="0" segmentcorrection_phi="0" x="0" y="0" phi="0" />
<CorrectionEntry lane="1" head_location="2" head_id="2R1" segment_nr="14" camera_location="2" camera_type="23" camera_id="2023" camera_position="2R1_HEAD" headcorrection_x="0" headcorrection_y="0" headcorrection_phi="0" segmentcorrection_x="0" segmentcorrection_y="0" segmentcorrection_phi="0" x="0" y="0" phi="0" />
<CorrectionEntry lane="1" head_location="2" head_id="2R1" segment_nr="15" camera_location="2" camera_type="23" camera_id="2023" camera_position="2R1_HEAD" headcorrection_x="0" headcorrection_y="0" headcorrection_phi="0" segmentcorrection_x="0" segmentcorrection_y="0" segmentcorrection_phi="0" x="0" y="0" phi="0" />
<CorrectionEntry lane="1" head_location="2" head_id="2R1" segment_nr="16" camera_location="2" camera_type="23" camera_id="2023" camera_position="2R1_HEAD" headcorrection_x="0" headcorrection_y="0" headcorrection_phi="0" segmentcorrection_x="0" segmentcorrection_y="0" segmentcorrection_phi="0" x="0" y="0" phi="0" />
<CorrectionEntry lane="1" head_location="2" head_id="2R1" segment_nr="17" camera_location="2" camera_type="23" camera_id="2023" camera_position="2R1_HEAD" headcorrection_x="0" headcorrection_y="0" headcorrection_phi="0" segmentcorrection_x="0" segmentcorrection_y="0" segmentcorrection_phi="0" x="0" y="0" phi="0" />
<CorrectionEntry lane="1" head_location="2" head_id="2R1" segment_nr="18" camera_location="2" camera_type="23" camera_id="2023" camera_position="2R1_HEAD" headcorrection_x="0" headcorrection_y="0" headcorrection_phi="0" segmentcorrection_x="0" segmentcorrection_y="0" segmentcorrection_phi="0" x="0" y="0" phi="0" />
<CorrectionEntry lane="1" head_location="2" head_id="2R1" segment_nr="19" camera_location="2" camera_type="23" camera_id="2023" camera_position="2R1_HEAD" headcorrection_x="0" headcorrection_y="0" headcorrection_phi="0" segmentcorrection_x="0" segmentcorrection_y="0" segmentcorrection_phi="0" x="0" y="0" phi="0" />
<CorrectionEntry lane="1" head_location="2" head_id="2R1" segment_nr="20" camera_location="2" camera_type="23" camera_id="2023" camera_position="2R1_HEAD" headcorrection_x="0" headcorrection_y="0" headcorrection_phi="0" segmentcorrection_x="0" segmentcorrection_y="0" segmentcorrection_phi="0" x="0" y="0" phi="0" />
<CorrectionEntry lane="2" head_location="2" head_id="2R1" segment_nr="1" camera_location="2" camera_type="23" camera_id="2023" camera_position="2R1_HEAD" headcorrection_x="0" headcorrection_y="0" headcorrection_phi="0" segmentcorrection_x="0" segmentcorrection_y="0" segmentcorrection_phi="0" x="0" y="0" phi="0" />
<CorrectionEntry lane="2" head_location="2" head_id="2R1" segment_nr="2" camera_location="2" camera_type="23" camera_id="2023" camera_position="2R1_HEAD" headcorrection_x="0" headcorrection_y="0" headcorrection_phi="0" segmentcorrection_x="0" segmentcorrection_y="0" segmentcorrection_phi="0" x="0" y="0" phi="0" />
<CorrectionEntry lane="2" head_location="2" head_id="2R1" segment_nr="3" camera_location="2" camera_type="23" camera_id="2023" camera_position="2R1_HEAD" headcorrection_x="0" headcorrection_y="0" headcorrection_phi="0" segmentcorrection_x="0" segmentcorrection_y="0" segmentcorrection_phi="0" x="0" y="0" phi="0" />
<CorrectionEntry lane="2" head_location="2" head_id="2R1" segment_nr="4" camera_location="2" camera_type="23" camera_id="2023" camera_position="2R1_HEAD" headcorrection_x="0" headcorrection_y="0" headcorrection_phi="0" segmentcorrection_x="0" segmentcorrection_y="0" segmentcorrection_phi="0" x="0" y="0" phi="0" />
<CorrectionEntry lane="2" head_location="2" head_id="2R1" segment_nr="5" camera_location="2" camera_type="23" camera_id="2023" camera_position="2R1_HEAD" headcorrection_x="0" headcorrection_y="0" headcorrection_phi="0" segmentcorrection_x="0" segmentcorrection_y="0" segmentcorrection_phi="0" x="0" y="0" phi="0" />
<CorrectionEntry lane="2" head_location="2" head_id="2R1" segment_nr="6" camera_location="2" camera_type="23" camera_id="2023" camera_position="2R1_HEAD" headcorrection_x="0" headcorrection_y="0" headcorrection_phi="0" segmentcorrection_x="0" segmentcorrection_y="0" segmentcorrection_phi="0" x="0" y="0" phi="0" />
<CorrectionEntry lane="2" head_location="2" head_id="2R1" segment_nr="7" camera_location="2" camera_type="23" camera_id="2023" camera_position="2R1_HEAD" headcorrection_x="0" headcorrection_y="0" headcorrection_phi="0" segmentcorrection_x="0" segmentcorrection_y="0" segmentcorrection_phi="0" x="0" y="0" phi="0" />
<CorrectionEntry lane="2" head_location="2" head_id="2R1" segment_nr="8" camera_location="2" camera_type="23" camera_id="2023" camera_position="2R1_HEAD" headcorrection_x="0" headcorrection_y="0" headcorrection_phi="0" segmentcorrection_x="0" segmentcorrection_y="0" segmentcorrection_phi="0" x="0" y="0" phi="0" />
<CorrectionEntry lane="2" head_location="2" head_id="2R1" segment_nr="9" camera_location="2" camera_type="23" camera_id="2023" camera_position="2R1_HEAD" headcorrection_x="0" headcorrection_y="0" headcorrection_phi="0" segmentcorrection_x="0" segmentcorrection_y="0" segmentcorrection_phi="0" x="0" y="0" phi="0" />
<CorrectionEntry lane="2" head_location="2" head_id="2R1" segment_nr="10" camera_location="2" camera_type="23" camera_id="2023" camera_position="2R1_HEAD" headcorrection_x="0" headcorrection_y="0" headcorrection_phi="0" segmentcorrection_x="0" segmentcorrection_y="0" segmentcorrection_phi="0" x="0" y="0" phi="0" />
<CorrectionEntry lane="2" head_location="2" head_id="2R1" segment_nr="11" camera_location="2" camera_type="23" camera_id="2023" camera_position="2R1_HEAD" headcorrection_x="0" headcorrection_y="0" headcorrection_phi="0" segmentcorrection_x="0" segmentcorrection_y="0" segmentcorrection_phi="0" x="0" y="0" phi="0" />
<CorrectionEntry lane="2" head_location="2" head_id="2R1" segment_nr="12" camera_location="2" camera_type="23" camera_id="2023" camera_position="2R1_HEAD" headcorrection_x="0" headcorrection_y="0" headcorrection_phi="0" segmentcorrection_x="0" segmentcorrection_y="0" segmentcorrection_phi="0" x="0" y="0" phi="0" />
<CorrectionEntry lane="2" head_location="2" head_id="2R1" segment_nr="13" camera_location="2" camera_type="23" camera_id="2023" camera_position="2R1_HEAD" headcorrection_x="0" headcorrection_y="0" headcorrection_phi="0" segmentcorrection_x="0" segmentcorrection_y="0" segmentcorrection_phi="0" x="0" y="0" phi="0" />
<CorrectionEntry lane="2" head_location="2" head_id="2R1" segment_nr="14" camera_location="2" camera_type="23" camera_id="2023" camera_position="2R1_HEAD" headcorrection_x="0" headcorrection_y="0" headcorrection_phi="0" segmentcorrection_x="0" segmentcorrection_y="0" segmentcorrection_phi="0" x="0" y="0" phi="0" />
<CorrectionEntry lane="2" head_location="2" head_id="2R1" segment_nr="15" camera_location="2" camera_type="23" camera_id="2023" camera_position="2R1_HEAD" headcorrection_x="0" headcorrection_y="0" headcorrection_phi="0" segmentcorrection_x="0" segmentcorrection_y="0" segmentcorrection_phi="0" x="0" y="0" phi="0" />
<CorrectionEntry lane="2" head_location="2" head_id="2R1" segment_nr="16" camera_location="2" camera_type="23" camera_id="2023" camera_position="2R1_HEAD" headcorrection_x="0" headcorrection_y="0" headcorrection_phi="0" segmentcorrection_x="0" segmentcorrection_y="0" segmentcorrection_phi="0" x="0" y="0" phi="0" />
<CorrectionEntry lane="2" head_location="2" head_id="2R1" segment_nr="17" camera_location="2" camera_type="23" camera_id="2023" camera_position="2R1_HEAD" headcorrection_x="0" headcorrection_y="0" headcorrection_phi="0" segmentcorrection_x="0" segmentcorrection_y="0" segmentcorrection_phi="0" x="0" y="0" phi="0" />
<CorrectionEntry lane="2" head_location="2" head_id="2R1" segment_nr="18" camera_location="2" camera_type="23" camera_id="2023" camera_position="2R1_HEAD" headcorrection_x="0" headcorrection_y="0" headcorrection_phi="0" segmentcorrection_x="0" segmentcorrection_y="0" segmentcorrection_phi="0" x="0" y="0" phi="0" />
<CorrectionEntry lane="2" head_location="2" head_id="2R1" segment_nr="19" camera_location="2" camera_type="23" camera_id="2023" camera_position="2R1_HEAD" headcorrection_x="0" headcorrection_y="0" headcorrection_phi="0" segmentcorrection_x="0" segmentcorrection_y="0" segmentcorrection_phi="0" x="0" y="0" phi="0" />
<CorrectionEntry lane="2" head_location="2" head_id="2R1" segment_nr="20" camera_location="2" camera_type="23" camera_id="2023" camera_position="2R1_HEAD" headcorrection_x="0" headcorrection_y="0" headcorrection_phi="0" segmentcorrection_x="0" segmentcorrection_y="0" segmentcorrection_phi="0" x="0" y="0" phi="0" />
</Root>
