<Root version="2">
<CorrectionEntry lane="1" head_location="4" head_id="1L1" segment_nr="-1" camera_location="4" camera_type="23" camera_id="4023" camera_position="1L1_HEAD" headcorrection_x="-0.005" headcorrection_y="0.005" headcorrection_phi="0" segmentcorrection_x="0" segmentcorrection_y="0" segmentcorrection_phi="0" x="0" y="0" phi="0" />
<CorrectionEntry lane="1" head_location="1" head_id="1R1" segment_nr="-1" camera_location="1" camera_type="23" camera_id="1023" camera_position="1R1_HEAD" headcorrection_x="-0.002" headcorrection_y="-0.004" headcorrection_phi="0.019" segmentcorrection_x="0" segmentcorrection_y="0" segmentcorrection_phi="0" x="0" y="0" phi="0" />
<CorrectionEntry lane="1" head_location="3" head_id="2L1" segment_nr="-1" camera_location="3" camera_type="23" camera_id="3023" camera_position="2L1_HEAD" headcorrection_x="-0.003" headcorrection_y="-0.003" headcorrection_phi="0.005" segmentcorrection_x="0" segmentcorrection_y="0" segmentcorrection_phi="0" x="0" y="0" phi="0" />
<CorrectionEntry lane="1" head_location="2" head_id="2R1" segment_nr="-1" camera_location="2" camera_type="23" camera_id="2023" camera_position="2R1_HEAD" headcorrection_x="0.001" headcorrection_y="0.013" headcorrection_phi="0.033" segmentcorrection_x="0" segmentcorrection_y="0" segmentcorrection_phi="0" x="0" y="0" phi="0" />
<CorrectionEntry lane="2" head_location="4" head_id="1L1" segment_nr="-1" camera_location="4" camera_type="23" camera_id="4023" camera_position="1L1_HEAD" headcorrection_x="-0.005" headcorrection_y="0.005" headcorrection_phi="0" segmentcorrection_x="0" segmentcorrection_y="0" segmentcorrection_phi="0" x="0" y="0" phi="0" />
<CorrectionEntry lane="2" head_location="1" head_id="1R1" segment_nr="-1" camera_location="1" camera_type="23" camera_id="1023" camera_position="1R1_HEAD" headcorrection_x="-0.002" headcorrection_y="-0.004" headcorrection_phi="0.019" segmentcorrection_x="0" segmentcorrection_y="0" segmentcorrection_phi="0" x="0" y="0" phi="0" />
<CorrectionEntry lane="2" head_location="3" head_id="2L1" segment_nr="-1" camera_location="3" camera_type="23" camera_id="3023" camera_position="2L1_HEAD" headcorrection_x="-0.003" headcorrection_y="-0.003" headcorrection_phi="0.005" segmentcorrection_x="0" segmentcorrection_y="0" segmentcorrection_phi="0" x="0" y="0" phi="0" />
<CorrectionEntry lane="2" head_location="2" head_id="2R1" segment_nr="-1" camera_location="2" camera_type="23" camera_id="2023" camera_position="2R1_HEAD" headcorrection_x="0.001" headcorrection_y="0.013" headcorrection_phi="0.033" segmentcorrection_x="0" segmentcorrection_y="0" segmentcorrection_phi="0" x="0" y="0" phi="0" />
</Root>
