<?xml version="1.0" encoding="UTF-8"?>
<NozzleConfiguration Version="1.0">
  <NozzleSelfHealing>
    <RetryTimeSecondsReferenceDp Individual="false">10.0</RetryTimeSecondsReferenceDp>
    <RetryTimeSeconds>600.000000</RetryTimeSeconds>
    <ErrorBehaviour>
      <ScanError Individual="false">DefaultError</ScanError>
      <Behaviour>eNOACTION</Behaviour>
    </ErrorBehaviour>
    <ErrorBehaviour>
      <ScanError Individual="false">PositionError</ScanError>
      <Behaviour>eNOACTION</Behaviour>
    </ErrorBehaviour>
    <ErrorBehaviour>
      <ScanError Individual="false">NozzleContaminated</ScanError>
      <Behaviour>eNOACTION</Behaviour>
    </ErrorBehaviour>
    <ErrorBehaviour>
      <ScanError Individual="false">NozzleTubeClogged</ScanError>
      <Behaviour>eNOACTION</Behaviour>
    </ErrorBehaviour>
    <ErrorBehaviour>
      <ScanError Individual="false">NozzleWornOut</ScanError>
      <Behaviour>eNOACTION</Behaviour>
    </ErrorBehaviour>
  </NozzleSelfHealing>
  <GlobalScanOptions>
    <Check1 Individual="false">507</Check1>
    <AllowedAlgorithm>2</AllowedAlgorithm>
    <CalibrateNozzleError>
      <Limit Individual="false">0.03</Limit>
    </CalibrateNozzleError>
    <ErrorBehaviour>
      <ScanError Individual="false">DefaultError</ScanError>
      <Behaviour>Silent</Behaviour>
    </ErrorBehaviour>
    <ErrorBehaviour>
      <ScanError Individual="false">PositionError</ScanError>
      <Behaviour>Silent</Behaviour>
    </ErrorBehaviour>
    <ErrorBehaviour>
      <ScanError Individual="false">NozzleContaminated</ScanError>
      <Behaviour>Silent</Behaviour>
    </ErrorBehaviour>
    <ErrorBehaviour>
      <ScanError Individual="false">NozzleTubeClogged</ScanError>
      <Behaviour>Silent</Behaviour>
    </ErrorBehaviour>
    <ErrorBehaviour>
      <ScanError Individual="false">NozzleWornOut</ScanError>
      <Behaviour>Silent</Behaviour>
    </ErrorBehaviour>
  </GlobalScanOptions>
  <NozzleIndividuals>
    <Nozzle Id="1355">
      <Type>4103</Type>
      <PhysicalIntegrity Individual="false">eOK</PhysicalIntegrity>
    </Nozzle>
    <Nozzle Id="1356">
      <Type>4103</Type>
      <PhysicalIntegrity Individual="false">eOK</PhysicalIntegrity>
    </Nozzle>
    <Nozzle Id="1357">
      <Type>4103</Type>
      <PhysicalIntegrity Individual="false">eOK</PhysicalIntegrity>
    </Nozzle>
    <Nozzle Id="1358">
      <Type>4103</Type>
      <PhysicalIntegrity Individual="false">eOK</PhysicalIntegrity>
    </Nozzle>
    <Nozzle Id="1359">
      <Type>4103</Type>
      <PhysicalIntegrity Individual="false">eOK</PhysicalIntegrity>
    </Nozzle>
    <Nozzle Id="1360">
      <Type>4103</Type>
      <PhysicalIntegrity Individual="false">eOK</PhysicalIntegrity>
    </Nozzle>
    <Nozzle Id="1361">
      <Type>4103</Type>
      <PhysicalIntegrity Individual="false">eOK</PhysicalIntegrity>
    </Nozzle>
    <Nozzle Id="1362">
      <Type>4103</Type>
      <PhysicalIntegrity Individual="false">eOK</PhysicalIntegrity>
    </Nozzle>
    <Nozzle Id="1363">
      <Type>4103</Type>
      <PhysicalIntegrity Individual="false">eOK</PhysicalIntegrity>
    </Nozzle>
    <Nozzle Id="1365">
      <Type>4103</Type>
      <PhysicalIntegrity Individual="false">eOK</PhysicalIntegrity>
    </Nozzle>
    <Nozzle Id="1366">
      <Type>4103</Type>
      <PhysicalIntegrity Individual="false">eOK</PhysicalIntegrity>
    </Nozzle>
    <Nozzle Id="1367">
      <Type>4103</Type>
      <PhysicalIntegrity Individual="false">eOK</PhysicalIntegrity>
    </Nozzle>
    <Nozzle Id="1368">
      <Type>4103</Type>
      <PhysicalIntegrity Individual="false">eOK</PhysicalIntegrity>
    </Nozzle>
    <Nozzle Id="1369">
      <Type>4103</Type>
      <PhysicalIntegrity Individual="false">eOK</PhysicalIntegrity>
    </Nozzle>
    <Nozzle Id="1370">
      <Type>4103</Type>
      <PhysicalIntegrity Individual="false">eOK</PhysicalIntegrity>
    </Nozzle>
    <Nozzle Id="1371">
      <Type>4103</Type>
      <PhysicalIntegrity Individual="false">eOK</PhysicalIntegrity>
    </Nozzle>
    <Nozzle Id="1372">
      <Type>4103</Type>
      <PhysicalIntegrity Individual="false">eOK</PhysicalIntegrity>
    </Nozzle>
    <Nozzle Id="1385">
      <Type>4103</Type>
      <PhysicalIntegrity Individual="false">eOK</PhysicalIntegrity>
    </Nozzle>
    <Nozzle Id="1386">
      <Type>4103</Type>
      <PhysicalIntegrity Individual="false">eOK</PhysicalIntegrity>
    </Nozzle>
    <Nozzle Id="1389">
      <Type>4103</Type>
      <PhysicalIntegrity Individual="false">eOK</PhysicalIntegrity>
    </Nozzle>
    <Nozzle Id="1390">
      <Type>4103</Type>
      <PhysicalIntegrity Individual="false">eOK</PhysicalIntegrity>
    </Nozzle>
    <Nozzle Id="1391">
      <Type>4103</Type>
      <PhysicalIntegrity Individual="false">eOK</PhysicalIntegrity>
    </Nozzle>
    <Nozzle Id="1392">
      <Type>4103</Type>
      <PhysicalIntegrity Individual="false">eOK</PhysicalIntegrity>
    </Nozzle>
    <Nozzle Id="1393">
      <Type>4103</Type>
      <PhysicalIntegrity Individual="false">eOK</PhysicalIntegrity>
    </Nozzle>
    <Nozzle Id="1395">
      <Type>4103</Type>
      <PhysicalIntegrity Individual="false">eOK</PhysicalIntegrity>
    </Nozzle>
    <Nozzle Id="1396">
      <Type>4033</Type>
      <PhysicalIntegrity Individual="false">eOK</PhysicalIntegrity>
    </Nozzle>
    <Nozzle Id="1398">
      <Type>4103</Type>
      <PhysicalIntegrity Individual="false">eOK</PhysicalIntegrity>
    </Nozzle>
    <Nozzle Id="1399">
      <Type>4103</Type>
      <PhysicalIntegrity Individual="false">eOK</PhysicalIntegrity>
    </Nozzle>
    <Nozzle Id="1400">
      <Type>4103</Type>
      <PhysicalIntegrity Individual="false">eOK</PhysicalIntegrity>
    </Nozzle>
    <Nozzle Id="1401">
      <Type>4103</Type>
      <PhysicalIntegrity Individual="false">eOK</PhysicalIntegrity>
    </Nozzle>
    <Nozzle Id="1402">
      <Type>4004</Type>
      <PhysicalIntegrity Individual="false">eOK</PhysicalIntegrity>
    </Nozzle>
    <Nozzle Id="1403">
      <Type>4004</Type>
      <PhysicalIntegrity Individual="false">eOK</PhysicalIntegrity>
    </Nozzle>
    <Nozzle Id="1416">
      <Type>4004</Type>
      <PhysicalIntegrity Individual="false">eOK</PhysicalIntegrity>
    </Nozzle>
    <Nozzle Id="1417">
      <Type>4004</Type>
      <PhysicalIntegrity Individual="false">eOK</PhysicalIntegrity>
    </Nozzle>
    <Nozzle Id="1418">
      <Type>4004</Type>
      <PhysicalIntegrity Individual="false">eOK</PhysicalIntegrity>
    </Nozzle>
    <Nozzle Id="1419">
      <Type>4004</Type>
      <PhysicalIntegrity Individual="false">eOK</PhysicalIntegrity>
    </Nozzle>
    <Nozzle Id="1420">
      <Type>4004</Type>
      <PhysicalIntegrity Individual="false">eOK</PhysicalIntegrity>
    </Nozzle>
    <Nozzle Id="1421">
      <Type>4004</Type>
      <PhysicalIntegrity Individual="false">eOK</PhysicalIntegrity>
    </Nozzle>
    <Nozzle Id="1422">
      <Type>4004</Type>
      <PhysicalIntegrity Individual="false">eOK</PhysicalIntegrity>
    </Nozzle>
    <Nozzle Id="1423">
      <Type>4004</Type>
      <PhysicalIntegrity Individual="false">eOK</PhysicalIntegrity>
    </Nozzle>
    <Nozzle Id="1424">
      <Type>4004</Type>
      <PhysicalIntegrity Individual="false">eOK</PhysicalIntegrity>
    </Nozzle>
    <Nozzle Id="1425">
      <Type>4004</Type>
      <PhysicalIntegrity Individual="false">eOK</PhysicalIntegrity>
    </Nozzle>
    <Nozzle Id="1426">
      <Type>4004</Type>
      <PhysicalIntegrity Individual="false">eOK</PhysicalIntegrity>
    </Nozzle>
    <Nozzle Id="1427">
      <Type>4004</Type>
      <PhysicalIntegrity Individual="false">eOK</PhysicalIntegrity>
    </Nozzle>
    <Nozzle Id="1428">
      <Type>4004</Type>
      <PhysicalIntegrity Individual="false">eOK</PhysicalIntegrity>
    </Nozzle>
    <Nozzle Id="1429">
      <Type>4033</Type>
      <PhysicalIntegrity Individual="false">eOK</PhysicalIntegrity>
    </Nozzle>
    <Nozzle Id="1431">
      <Type>4004</Type>
      <PhysicalIntegrity Individual="false">eOK</PhysicalIntegrity>
    </Nozzle>
    <Nozzle Id="1432">
      <Type>4004</Type>
      <PhysicalIntegrity Individual="false">eOK</PhysicalIntegrity>
    </Nozzle>
    <Nozzle Id="1435">
      <Type>4004</Type>
      <PhysicalIntegrity Individual="false">eOK</PhysicalIntegrity>
    </Nozzle>
    <Nozzle Id="1437">
      <Type>4004</Type>
      <PhysicalIntegrity Individual="false">eOK</PhysicalIntegrity>
    </Nozzle>
    <Nozzle Id="1444">
      <Type>4035</Type>
      <PhysicalIntegrity Individual="false">eOK</PhysicalIntegrity>
    </Nozzle>
    <Nozzle Id="1445">
      <Type>4004</Type>
      <PhysicalIntegrity Individual="false">eOK</PhysicalIntegrity>
    </Nozzle>
    <Nozzle Id="1446">
      <Type>4035</Type>
      <PhysicalIntegrity Individual="false">eOK</PhysicalIntegrity>
    </Nozzle>
    <Nozzle Id="1447">
      <Type>4004</Type>
      <PhysicalIntegrity Individual="false">eOK</PhysicalIntegrity>
    </Nozzle>
    <Nozzle Id="1448">
      <Type>4004</Type>
      <PhysicalIntegrity Individual="false">eOK</PhysicalIntegrity>
    </Nozzle>
    <Nozzle Id="1449">
      <Type>4004</Type>
      <PhysicalIntegrity Individual="false">eOK</PhysicalIntegrity>
    </Nozzle>
    <Nozzle Id="1450">
      <Type>4004</Type>
      <PhysicalIntegrity Individual="false">eOK</PhysicalIntegrity>
    </Nozzle>
    <Nozzle Id="1451">
      <Type>4004</Type>
      <PhysicalIntegrity Individual="false">eOK</PhysicalIntegrity>
    </Nozzle>
    <Nozzle Id="1452">
      <Type>4033</Type>
      <PhysicalIntegrity Individual="false">eOK</PhysicalIntegrity>
    </Nozzle>
    <Nozzle Id="1453">
      <Type>4033</Type>
      <PhysicalIntegrity Individual="false">eOK</PhysicalIntegrity>
    </Nozzle>
    <Nozzle Id="1454">
      <Type>4004</Type>
      <PhysicalIntegrity Individual="false">eOK</PhysicalIntegrity>
    </Nozzle>
    <Nozzle Id="1455">
      <Type>4004</Type>
      <PhysicalIntegrity Individual="false">eOK</PhysicalIntegrity>
    </Nozzle>
    <Nozzle Id="1456">
      <Type>4004</Type>
      <PhysicalIntegrity Individual="false">eOK</PhysicalIntegrity>
    </Nozzle>
    <Nozzle Id="1457">
      <Type>4004</Type>
      <PhysicalIntegrity Individual="false">eOK</PhysicalIntegrity>
    </Nozzle>
    <Nozzle Id="1458">
      <Type>4004</Type>
      <PhysicalIntegrity Individual="false">eOK</PhysicalIntegrity>
    </Nozzle>
    <Nozzle Id="1459">
      <Type>4004</Type>
      <PhysicalIntegrity Individual="false">eOK</PhysicalIntegrity>
    </Nozzle>
    <Nozzle Id="1460">
      <Type>4004</Type>
      <PhysicalIntegrity Individual="false">eOK</PhysicalIntegrity>
    </Nozzle>
    <Nozzle Id="1461">
      <Type>4004</Type>
      <PhysicalIntegrity Individual="false">eOK</PhysicalIntegrity>
    </Nozzle>
    <Nozzle Id="1462">
      <Type>4035</Type>
      <PhysicalIntegrity Individual="false">eOK</PhysicalIntegrity>
    </Nozzle>
    <Nozzle Id="1463">
      <Type>4033</Type>
      <PhysicalIntegrity Individual="false">eOK</PhysicalIntegrity>
    </Nozzle>
    <Nozzle Id="1464">
      <Type>4033</Type>
      <PhysicalIntegrity Individual="false">eOK</PhysicalIntegrity>
    </Nozzle>
    <Nozzle Id="1465">
      <Type>4033</Type>
      <PhysicalIntegrity Individual="false">eOK</PhysicalIntegrity>
    </Nozzle>
    <Nozzle Id="1466">
      <Type>4033</Type>
      <PhysicalIntegrity Individual="false">eOK</PhysicalIntegrity>
    </Nozzle>
    <Nozzle Id="1467">
      <Type>4103</Type>
      <PhysicalIntegrity Individual="false">eOK</PhysicalIntegrity>
    </Nozzle>
    <Nozzle Id="1468">
      <Type>4103</Type>
      <PhysicalIntegrity Individual="false">eOK</PhysicalIntegrity>
    </Nozzle>
    <Nozzle Id="1469">
      <Type>4103</Type>
      <PhysicalIntegrity Individual="false">eOK</PhysicalIntegrity>
    </Nozzle>
    <Nozzle Id="1470">
      <Type>4103</Type>
      <PhysicalIntegrity Individual="false">eOK</PhysicalIntegrity>
    </Nozzle>
    <Nozzle Id="1471">
      <Type>4103</Type>
      <PhysicalIntegrity Individual="false">eOK</PhysicalIntegrity>
    </Nozzle>
    <Nozzle Id="1472">
      <Type>4103</Type>
      <PhysicalIntegrity Individual="false">eOK</PhysicalIntegrity>
    </Nozzle>
    <Nozzle Id="1473">
      <Type>4103</Type>
      <PhysicalIntegrity Individual="false">eOK</PhysicalIntegrity>
    </Nozzle>
    <Nozzle Id="1474">
      <Type>4103</Type>
      <PhysicalIntegrity Individual="false">eOK</PhysicalIntegrity>
    </Nozzle>
    <Nozzle Id="1475">
      <Type>4103</Type>
      <PhysicalIntegrity Individual="false">eOK</PhysicalIntegrity>
    </Nozzle>
    <Nozzle Id="1476">
      <Type>4103</Type>
      <PhysicalIntegrity Individual="false">eOK</PhysicalIntegrity>
    </Nozzle>
    <Nozzle Id="1477">
      <Type>4103</Type>
      <PhysicalIntegrity Individual="false">eOK</PhysicalIntegrity>
    </Nozzle>
    <Nozzle Id="1478">
      <Type>4103</Type>
      <PhysicalIntegrity Individual="false">eOK</PhysicalIntegrity>
    </Nozzle>
    <Nozzle Id="1479">
      <Type>4103</Type>
      <PhysicalIntegrity Individual="false">eOK</PhysicalIntegrity>
    </Nozzle>
    <Nozzle Id="1480">
      <Type>4004</Type>
      <PhysicalIntegrity Individual="false">eOK</PhysicalIntegrity>
    </Nozzle>
    <Nozzle Id="1482">
      <Type>4035</Type>
      <PhysicalIntegrity Individual="false">eOK</PhysicalIntegrity>
    </Nozzle>
    <Nozzle Id="1483">
      <Type>4035</Type>
      <PhysicalIntegrity Individual="false">eOK</PhysicalIntegrity>
    </Nozzle>
    <Nozzle Id="1484">
      <Type>4035</Type>
      <PhysicalIntegrity Individual="false">eOK</PhysicalIntegrity>
    </Nozzle>
    <Nozzle Id="1485">
      <Type>4035</Type>
      <PhysicalIntegrity Individual="false">eOK</PhysicalIntegrity>
    </Nozzle>
    <Nozzle Id="1487">
      <Type>4035</Type>
      <PhysicalIntegrity Individual="false">eOK</PhysicalIntegrity>
    </Nozzle>
    <Nozzle Id="1488">
      <Type>4035</Type>
      <PhysicalIntegrity Individual="false">eOK</PhysicalIntegrity>
    </Nozzle>
    <Nozzle Id="1489">
      <Type>4033</Type>
      <PhysicalIntegrity Individual="false">eOK</PhysicalIntegrity>
    </Nozzle>
    <Nozzle Id="1490">
      <Type>4004</Type>
      <PhysicalIntegrity Individual="false">eOK</PhysicalIntegrity>
    </Nozzle>
    <Nozzle Id="1491">
      <Type>4004</Type>
      <PhysicalIntegrity Individual="false">eOK</PhysicalIntegrity>
    </Nozzle>
    <Nozzle Id="1492">
      <Type>4033</Type>
      <PhysicalIntegrity Individual="false">eOK</PhysicalIntegrity>
    </Nozzle>
    <Nozzle Id="1493">
      <Type>4033</Type>
      <PhysicalIntegrity Individual="false">eOK</PhysicalIntegrity>
    </Nozzle>
    <Nozzle Id="1494">
      <Type>4103</Type>
      <PhysicalIntegrity Individual="false">eOK</PhysicalIntegrity>
    </Nozzle>
    <Nozzle Id="1495">
      <Type>4004</Type>
      <PhysicalIntegrity Individual="false">eOK</PhysicalIntegrity>
    </Nozzle>
    <Nozzle Id="1496">
      <Type>4004</Type>
      <PhysicalIntegrity Individual="false">eOK</PhysicalIntegrity>
    </Nozzle>
    <Nozzle Id="1497">
      <Type>4004</Type>
      <PhysicalIntegrity Individual="false">eOK</PhysicalIntegrity>
    </Nozzle>
    <Nozzle Id="1498">
      <Type>4103</Type>
      <PhysicalIntegrity Individual="false">eOK</PhysicalIntegrity>
    </Nozzle>
    <Nozzle Id="1499">
      <Type>4004</Type>
      <PhysicalIntegrity Individual="false">eOK</PhysicalIntegrity>
    </Nozzle>
    <Nozzle Id="1500">
      <Type>4004</Type>
      <PhysicalIntegrity Individual="false">eOK</PhysicalIntegrity>
    </Nozzle>
    <Nozzle Id="1501">
      <Type>4004</Type>
      <PhysicalIntegrity Individual="false">eOK</PhysicalIntegrity>
    </Nozzle>
    <Nozzle Id="1502">
      <Type>4004</Type>
      <PhysicalIntegrity Individual="false">eOK</PhysicalIntegrity>
    </Nozzle>
    <Nozzle Id="1503">
      <Type>4004</Type>
      <PhysicalIntegrity Individual="false">eOK</PhysicalIntegrity>
    </Nozzle>
    <Nozzle Id="1504">
      <Type>4004</Type>
      <PhysicalIntegrity Individual="false">eOK</PhysicalIntegrity>
    </Nozzle>
    <Nozzle Id="1505">
      <Type>4004</Type>
      <PhysicalIntegrity Individual="false">eOK</PhysicalIntegrity>
    </Nozzle>
    <Nozzle Id="1506">
      <Type>4004</Type>
      <PhysicalIntegrity Individual="false">eOK</PhysicalIntegrity>
    </Nozzle>
    <Nozzle Id="1509">
      <Type>4004</Type>
      <PhysicalIntegrity Individual="false">eOK</PhysicalIntegrity>
    </Nozzle>
    <Nozzle Id="1510">
      <Type>4004</Type>
      <PhysicalIntegrity Individual="false">eOK</PhysicalIntegrity>
    </Nozzle>
    <Nozzle Id="1511">
      <Type>4033</Type>
      <PhysicalIntegrity Individual="false">eOK</PhysicalIntegrity>
    </Nozzle>
    <Nozzle Id="1512">
      <Type>4033</Type>
      <PhysicalIntegrity Individual="false">eOK</PhysicalIntegrity>
    </Nozzle>
    <Nozzle Id="1513">
      <Type>4033</Type>
      <PhysicalIntegrity Individual="false">eOK</PhysicalIntegrity>
    </Nozzle>
    <Nozzle Id="1514">
      <Type>4033</Type>
      <PhysicalIntegrity Individual="false">eOK</PhysicalIntegrity>
    </Nozzle>
    <Nozzle Id="1515">
      <Type>4033</Type>
      <PhysicalIntegrity Individual="false">eOK</PhysicalIntegrity>
    </Nozzle>
    <Nozzle Id="1516">
      <Type>4033</Type>
      <PhysicalIntegrity Individual="false">eOK</PhysicalIntegrity>
    </Nozzle>
    <Nozzle Id="1517">
      <Type>4103</Type>
      <PhysicalIntegrity Individual="false">eOK</PhysicalIntegrity>
    </Nozzle>
    <Nozzle Id="1518">
      <Type>4004</Type>
      <PhysicalIntegrity Individual="false">eOK</PhysicalIntegrity>
    </Nozzle>
    <Nozzle Id="1519">
      <Type>4033</Type>
      <PhysicalIntegrity Individual="false">eOK</PhysicalIntegrity>
    </Nozzle>
    <Nozzle Id="1521">
      <Type>4033</Type>
      <PhysicalIntegrity Individual="false">eOK</PhysicalIntegrity>
    </Nozzle>
    <Nozzle Id="1522">
      <Type>4004</Type>
      <PhysicalIntegrity Individual="false">eOK</PhysicalIntegrity>
    </Nozzle>
    <Nozzle Id="1523">
      <Type>4004</Type>
      <PhysicalIntegrity Individual="false">eOK</PhysicalIntegrity>
    </Nozzle>
    <Nozzle Id="1524">
      <Type>4004</Type>
      <PhysicalIntegrity Individual="false">eOK</PhysicalIntegrity>
    </Nozzle>
    <Nozzle Id="1525">
      <Type>4103</Type>
      <PhysicalIntegrity Individual="false">eOK</PhysicalIntegrity>
    </Nozzle>
    <Nozzle Id="1526">
      <Type>4103</Type>
      <PhysicalIntegrity Individual="false">eOK</PhysicalIntegrity>
    </Nozzle>
    <Nozzle Id="1527">
      <Type>4004</Type>
      <PhysicalIntegrity Individual="false">eOK</PhysicalIntegrity>
    </Nozzle>
    <Nozzle Id="1528">
      <Type>4004</Type>
      <PhysicalIntegrity Individual="false">eOK</PhysicalIntegrity>
    </Nozzle>
    <Nozzle Id="1529">
      <Type>4004</Type>
      <PhysicalIntegrity Individual="false">eOK</PhysicalIntegrity>
    </Nozzle>
    <Nozzle Id="1530">
      <Type>4004</Type>
      <PhysicalIntegrity Individual="false">eOK</PhysicalIntegrity>
    </Nozzle>
    <Nozzle Id="1531">
      <Type>4004</Type>
      <PhysicalIntegrity Individual="false">eOK</PhysicalIntegrity>
    </Nozzle>
    <Nozzle Id="1532">
      <Type>4004</Type>
      <PhysicalIntegrity Individual="false">eOK</PhysicalIntegrity>
    </Nozzle>
    <Nozzle Id="1533">
      <Type>4004</Type>
      <PhysicalIntegrity Individual="false">eOK</PhysicalIntegrity>
    </Nozzle>
    <Nozzle Id="1534">
      <Type>4004</Type>
      <PhysicalIntegrity Individual="false">eOK</PhysicalIntegrity>
    </Nozzle>
    <Nozzle Id="1535">
      <Type>4004</Type>
      <PhysicalIntegrity Individual="false">eOK</PhysicalIntegrity>
    </Nozzle>
    <Nozzle Id="1536">
      <Type>4004</Type>
      <PhysicalIntegrity Individual="false">eOK</PhysicalIntegrity>
    </Nozzle>
    <Nozzle Id="1537">
      <Type>4004</Type>
      <PhysicalIntegrity Individual="false">eOK</PhysicalIntegrity>
    </Nozzle>
    <Nozzle Id="1538">
      <Type>4004</Type>
      <PhysicalIntegrity Individual="false">eOK</PhysicalIntegrity>
    </Nozzle>
    <Nozzle Id="1539">
      <Type>4004</Type>
      <PhysicalIntegrity Individual="false">eOK</PhysicalIntegrity>
    </Nozzle>
    <Nozzle Id="1540">
      <Type>4004</Type>
      <PhysicalIntegrity Individual="false">eOK</PhysicalIntegrity>
    </Nozzle>
    <Nozzle Id="1541">
      <Type>4004</Type>
      <PhysicalIntegrity Individual="false">eOK</PhysicalIntegrity>
    </Nozzle>
    <Nozzle Id="1542">
      <Type>4004</Type>
      <PhysicalIntegrity Individual="false">eOK</PhysicalIntegrity>
    </Nozzle>
    <Nozzle Id="1543">
      <Type>4004</Type>
      <PhysicalIntegrity Individual="false">eOK</PhysicalIntegrity>
    </Nozzle>
    <Nozzle Id="1544">
      <Type>4004</Type>
      <PhysicalIntegrity Individual="false">eOK</PhysicalIntegrity>
    </Nozzle>
    <Nozzle Id="1545">
      <Type>4004</Type>
      <PhysicalIntegrity Individual="false">eOK</PhysicalIntegrity>
    </Nozzle>
    <Nozzle Id="1546">
      <Type>4004</Type>
      <PhysicalIntegrity Individual="false">eOK</PhysicalIntegrity>
    </Nozzle>
    <Nozzle Id="1547">
      <Type>4004</Type>
      <PhysicalIntegrity Individual="false">eOK</PhysicalIntegrity>
    </Nozzle>
    <Nozzle Id="1554">
      <Type>4033</Type>
      <PhysicalIntegrity Individual="false">eOK</PhysicalIntegrity>
    </Nozzle>
    <Nozzle Id="1555">
      <Type>4033</Type>
      <PhysicalIntegrity Individual="false">eOK</PhysicalIntegrity>
    </Nozzle>
    <Nozzle Id="1556">
      <Type>4033</Type>
      <PhysicalIntegrity Individual="false">eOK</PhysicalIntegrity>
    </Nozzle>
    <Nozzle Id="1557">
      <Type>4033</Type>
      <PhysicalIntegrity Individual="false">eOK</PhysicalIntegrity>
    </Nozzle>
    <Nozzle Id="1558">
      <Type>4035</Type>
      <PhysicalIntegrity Individual="false">eOK</PhysicalIntegrity>
    </Nozzle>
    <Nozzle Id="1559">
      <Type>4035</Type>
      <PhysicalIntegrity Individual="false">eOK</PhysicalIntegrity>
    </Nozzle>
    <Nozzle Id="1560">
      <Type>4033</Type>
      <PhysicalIntegrity Individual="false">eOK</PhysicalIntegrity>
    </Nozzle>
    <Nozzle Id="1561">
      <Type>4033</Type>
      <PhysicalIntegrity Individual="false">eOK</PhysicalIntegrity>
    </Nozzle>
    <Nozzle Id="1562">
      <Type>4033</Type>
      <PhysicalIntegrity Individual="false">eOK</PhysicalIntegrity>
    </Nozzle>
    <Nozzle Id="1563">
      <Type>4033</Type>
      <PhysicalIntegrity Individual="false">eOK</PhysicalIntegrity>
    </Nozzle>
    <Nozzle Id="1564">
      <Type>4033</Type>
      <PhysicalIntegrity Individual="false">eOK</PhysicalIntegrity>
    </Nozzle>
    <Nozzle Id="1565">
      <Type>4033</Type>
      <PhysicalIntegrity Individual="false">eOK</PhysicalIntegrity>
    </Nozzle>
    <Nozzle Id="1566">
      <Type>4004</Type>
      <PhysicalIntegrity Individual="false">eOK</PhysicalIntegrity>
    </Nozzle>
    <Nozzle Id="1587">
      <Type>4035</Type>
      <PhysicalIntegrity Individual="false">eOK</PhysicalIntegrity>
    </Nozzle>
    <Nozzle Id="1588">
      <Type>4004</Type>
      <PhysicalIntegrity Individual="false">eOK</PhysicalIntegrity>
    </Nozzle>
    <Nozzle Id="1354">
      <Type>4103</Type>
      <PhysicalIntegrity Individual="false">eOK</PhysicalIntegrity>
    </Nozzle>
  </NozzleIndividuals>
</NozzleConfiguration>
