<?xml version="1.0" encoding="UTF-8"?>
<NozzleListIndiv>
  <Nozzle>
    <Type>4004</Type>
    <Length>9400</Length>
    <VacMaxOpen>2800</VacMaxOpen>
    <VacMinDifference>500</VacMinDifference>
    <VacCubic>3000</VacCubic>
    <VacNonCubic>2000</VacNonCubic>
    <VacLeakyTol>8000</VacLeakyTol>
    <VacDirtyTol>2000</VacDirtyTol>
    <MeasurementProfile>1</MeasurementProfile>
    <VacCheck>2</VacCheck>
    <HeightCheck>2</HeightCheck>
    <SpecialHandling>0</SpecialHandling>
    <MaxDiameter>10.500000</MaxDiameter>
    <DeltaZHeightCheck>0.000000</DeltaZHeightCheck>
    <SymmetricalAngle>180</SymmetricalAngle>
    <ReferenceRunAngle>0.000000</ReferenceRunAngle>
    <ComponentSensorTriggerLevel>0</ComponentSensorTriggerLevel>
    <ComponentSensorToleranceClass>1</ComponentSensorToleranceClass>
    <ComponentSensorDriftCompensation>true</ComponentSensorDriftCompensation>
    <ComponentPresenceCheckMode>1</ComponentPresenceCheckMode>
    <ComponentAbsenceCheckMode>1</ComponentAbsenceCheckMode>
    <DoNotReject>false</DoNotReject>
    <MechanicalCenteringAllowed>true</MechanicalCenteringAllowed>
    <ExternalRejectAllowed>true</ExternalRejectAllowed>
    <AutomaticNozzleChangeAllowed>true</AutomaticNozzleChangeAllowed>
    <LowAdhesion>0</LowAdhesion>
    <ScanId>97</ScanId>
    <HeavyGripper>false</HeavyGripper>
    <OuterWidth>1.200000</OuterWidth>
    <OuterLength>1.700000</OuterLength>
    <Performance>
      <PICK_xy_z>1</PICK_xy_z>
      <PICK_z_xy>1</PICK_z_xy>
      <PLACE_xy_z>1</PLACE_xy_z>
      <PLACE_z_xy>1</PLACE_z_xy>
      <ReducedDurationPlaceDown>true</ReducedDurationPlaceDown>
    </Performance>
  </Nozzle>
  <Nozzle>
    <Type>4007</Type>
    <Length>9800</Length>
    <VacMaxOpen>1700</VacMaxOpen>
    <VacMinDifference>200</VacMinDifference>
    <VacCubic>3000</VacCubic>
    <VacNonCubic>2000</VacNonCubic>
    <VacLeakyTol>8000</VacLeakyTol>
    <VacDirtyTol>2000</VacDirtyTol>
    <MeasurementProfile>1</MeasurementProfile>
    <VacCheck>2</VacCheck>
    <HeightCheck>2</HeightCheck>
    <SpecialHandling>0</SpecialHandling>
    <MaxDiameter>10.500000</MaxDiameter>
    <DeltaZHeightCheck>0.000000</DeltaZHeightCheck>
    <SymmetricalAngle>180</SymmetricalAngle>
    <ReferenceRunAngle>0.000000</ReferenceRunAngle>
    <ComponentSensorTriggerLevel>0</ComponentSensorTriggerLevel>
    <ComponentSensorToleranceClass>1</ComponentSensorToleranceClass>
    <ComponentSensorDriftCompensation>true</ComponentSensorDriftCompensation>
    <ComponentPresenceCheckMode>1</ComponentPresenceCheckMode>
    <ComponentAbsenceCheckMode>1</ComponentAbsenceCheckMode>
    <DoNotReject>false</DoNotReject>
    <MechanicalCenteringAllowed>true</MechanicalCenteringAllowed>
    <ExternalRejectAllowed>true</ExternalRejectAllowed>
    <AutomaticNozzleChangeAllowed>true</AutomaticNozzleChangeAllowed>
    <LowAdhesion>0</LowAdhesion>
    <ScanId>100</ScanId>
    <HeavyGripper>false</HeavyGripper>
    <OuterWidth>0.660000</OuterWidth>
    <OuterLength>1.400000</OuterLength>
    <Performance>
      <PICK_xy_z>1</PICK_xy_z>
      <PICK_z_xy>1</PICK_z_xy>
      <PLACE_xy_z>1</PLACE_xy_z>
      <PLACE_z_xy>1</PLACE_z_xy>
      <ReducedDurationPlaceDown>true</ReducedDurationPlaceDown>
    </Performance>
  </Nozzle>
  <Nozzle>
    <Type>4032</Type>
    <Length>9700</Length>
    <VacMaxOpen>3000</VacMaxOpen>
    <VacMinDifference>150</VacMinDifference>
    <VacCubic>9000</VacCubic>
    <VacNonCubic>2000</VacNonCubic>
    <VacLeakyTol>8000</VacLeakyTol>
    <VacDirtyTol>2000</VacDirtyTol>
    <MeasurementProfile>1</MeasurementProfile>
    <VacCheck>2</VacCheck>
    <HeightCheck>2</HeightCheck>
    <SpecialHandling>0</SpecialHandling>
    <MaxDiameter>10.500000</MaxDiameter>
    <DeltaZHeightCheck>0.300000</DeltaZHeightCheck>
    <SymmetricalAngle>180</SymmetricalAngle>
    <ReferenceRunAngle>0.000000</ReferenceRunAngle>
    <ComponentSensorTriggerLevel>0</ComponentSensorTriggerLevel>
    <ComponentSensorToleranceClass>2</ComponentSensorToleranceClass>
    <ComponentSensorDriftCompensation>true</ComponentSensorDriftCompensation>
    <ComponentPresenceCheckMode>1</ComponentPresenceCheckMode>
    <ComponentAbsenceCheckMode>1</ComponentAbsenceCheckMode>
    <DoNotReject>false</DoNotReject>
    <MechanicalCenteringAllowed>true</MechanicalCenteringAllowed>
    <ExternalRejectAllowed>true</ExternalRejectAllowed>
    <AutomaticNozzleChangeAllowed>true</AutomaticNozzleChangeAllowed>
    <LowAdhesion>0</LowAdhesion>
    <ScanId>102</ScanId>
    <HeavyGripper>false</HeavyGripper>
    <OuterWidth>1.540000</OuterWidth>
    <OuterLength>2.100000</OuterLength>
    <Performance>
      <PICK_xy_z>1</PICK_xy_z>
      <PICK_z_xy>1</PICK_z_xy>
      <PLACE_xy_z>1</PLACE_xy_z>
      <PLACE_z_xy>1</PLACE_z_xy>
      <ReducedDurationPlaceDown>false</ReducedDurationPlaceDown>
    </Performance>
  </Nozzle>
  <Nozzle>
    <Type>4033</Type>
    <Length>8700</Length>
    <VacMaxOpen>3000</VacMaxOpen>
    <VacMinDifference>1000</VacMinDifference>
    <VacCubic>3000</VacCubic>
    <VacNonCubic>2000</VacNonCubic>
    <VacLeakyTol>8000</VacLeakyTol>
    <VacDirtyTol>2000</VacDirtyTol>
    <MeasurementProfile>1</MeasurementProfile>
    <VacCheck>2</VacCheck>
    <HeightCheck>2</HeightCheck>
    <SpecialHandling>0</SpecialHandling>
    <MaxDiameter>10.500000</MaxDiameter>
    <DeltaZHeightCheck>0.000000</DeltaZHeightCheck>
    <SymmetricalAngle>180</SymmetricalAngle>
    <ReferenceRunAngle>0.000000</ReferenceRunAngle>
    <ComponentSensorTriggerLevel>0</ComponentSensorTriggerLevel>
    <ComponentSensorToleranceClass>1</ComponentSensorToleranceClass>
    <ComponentSensorDriftCompensation>true</ComponentSensorDriftCompensation>
    <ComponentPresenceCheckMode>1</ComponentPresenceCheckMode>
    <ComponentAbsenceCheckMode>1</ComponentAbsenceCheckMode>
    <DoNotReject>false</DoNotReject>
    <MechanicalCenteringAllowed>true</MechanicalCenteringAllowed>
    <ExternalRejectAllowed>true</ExternalRejectAllowed>
    <AutomaticNozzleChangeAllowed>true</AutomaticNozzleChangeAllowed>
    <LowAdhesion>0</LowAdhesion>
    <ScanId>103</ScanId>
    <HeavyGripper>false</HeavyGripper>
    <OuterWidth>1.600000</OuterWidth>
    <OuterLength>2.200000</OuterLength>
    <Performance>
      <PICK_xy_z>1</PICK_xy_z>
      <PICK_z_xy>1</PICK_z_xy>
      <PLACE_xy_z>1</PLACE_xy_z>
      <PLACE_z_xy>1</PLACE_z_xy>
      <ReducedDurationPlaceDown>false</ReducedDurationPlaceDown>
    </Performance>
  </Nozzle>
  <Nozzle>
    <Type>4034</Type>
    <Length>9000</Length>
    <VacMaxOpen>3000</VacMaxOpen>
    <VacMinDifference>230</VacMinDifference>
    <VacCubic>9000</VacCubic>
    <VacNonCubic>2000</VacNonCubic>
    <VacLeakyTol>8000</VacLeakyTol>
    <VacDirtyTol>2000</VacDirtyTol>
    <MeasurementProfile>1</MeasurementProfile>
    <VacCheck>2</VacCheck>
    <HeightCheck>2</HeightCheck>
    <SpecialHandling>0</SpecialHandling>
    <MaxDiameter>10.500000</MaxDiameter>
    <DeltaZHeightCheck>0.320000</DeltaZHeightCheck>
    <SymmetricalAngle>180</SymmetricalAngle>
    <ReferenceRunAngle>0.000000</ReferenceRunAngle>
    <ComponentSensorTriggerLevel>0</ComponentSensorTriggerLevel>
    <ComponentSensorToleranceClass>2</ComponentSensorToleranceClass>
    <ComponentSensorDriftCompensation>true</ComponentSensorDriftCompensation>
    <ComponentPresenceCheckMode>1</ComponentPresenceCheckMode>
    <ComponentAbsenceCheckMode>1</ComponentAbsenceCheckMode>
    <DoNotReject>false</DoNotReject>
    <MechanicalCenteringAllowed>true</MechanicalCenteringAllowed>
    <ExternalRejectAllowed>true</ExternalRejectAllowed>
    <AutomaticNozzleChangeAllowed>true</AutomaticNozzleChangeAllowed>
    <LowAdhesion>0</LowAdhesion>
    <ScanId>105</ScanId>
    <HeavyGripper>false</HeavyGripper>
    <OuterWidth>1.650000</OuterWidth>
    <OuterLength>2.900000</OuterLength>
    <Performance>
      <PICK_xy_z>1</PICK_xy_z>
      <PICK_z_xy>1</PICK_z_xy>
      <PLACE_xy_z>1</PLACE_xy_z>
      <PLACE_z_xy>1</PLACE_z_xy>
      <ReducedDurationPlaceDown>false</ReducedDurationPlaceDown>
    </Performance>
  </Nozzle>
  <Nozzle>
    <Type>4035</Type>
    <Length>8400</Length>
    <VacMaxOpen>3500</VacMaxOpen>
    <VacMinDifference>1100</VacMinDifference>
    <VacCubic>5000</VacCubic>
    <VacNonCubic>2000</VacNonCubic>
    <VacLeakyTol>8000</VacLeakyTol>
    <VacDirtyTol>2000</VacDirtyTol>
    <MeasurementProfile>1</MeasurementProfile>
    <VacCheck>2</VacCheck>
    <HeightCheck>2</HeightCheck>
    <SpecialHandling>0</SpecialHandling>
    <MaxDiameter>10.500000</MaxDiameter>
    <DeltaZHeightCheck>0.000000</DeltaZHeightCheck>
    <SymmetricalAngle>180</SymmetricalAngle>
    <ReferenceRunAngle>0.000000</ReferenceRunAngle>
    <ComponentSensorTriggerLevel>0</ComponentSensorTriggerLevel>
    <ComponentSensorToleranceClass>2</ComponentSensorToleranceClass>
    <ComponentSensorDriftCompensation>true</ComponentSensorDriftCompensation>
    <ComponentPresenceCheckMode>1</ComponentPresenceCheckMode>
    <ComponentAbsenceCheckMode>1</ComponentAbsenceCheckMode>
    <DoNotReject>false</DoNotReject>
    <MechanicalCenteringAllowed>true</MechanicalCenteringAllowed>
    <ExternalRejectAllowed>true</ExternalRejectAllowed>
    <AutomaticNozzleChangeAllowed>true</AutomaticNozzleChangeAllowed>
    <LowAdhesion>0</LowAdhesion>
    <ScanId>106</ScanId>
    <HeavyGripper>false</HeavyGripper>
    <OuterWidth>1.900000</OuterWidth>
    <OuterLength>3.500000</OuterLength>
    <Performance>
      <PICK_xy_z>1</PICK_xy_z>
      <PICK_z_xy>1</PICK_z_xy>
      <PLACE_xy_z>1</PLACE_xy_z>
      <PLACE_z_xy>1</PLACE_z_xy>
      <ReducedDurationPlaceDown>false</ReducedDurationPlaceDown>
    </Performance>
  </Nozzle>
  <Nozzle>
    <Type>4036</Type>
    <Length>9600</Length>
    <VacMaxOpen>3000</VacMaxOpen>
    <VacMinDifference>500</VacMinDifference>
    <VacCubic>9000</VacCubic>
    <VacNonCubic>2000</VacNonCubic>
    <VacLeakyTol>8000</VacLeakyTol>
    <VacDirtyTol>2000</VacDirtyTol>
    <MeasurementProfile>1</MeasurementProfile>
    <VacCheck>2</VacCheck>
    <HeightCheck>2</HeightCheck>
    <SpecialHandling>0</SpecialHandling>
    <MaxDiameter>10.500000</MaxDiameter>
    <DeltaZHeightCheck>0.170000</DeltaZHeightCheck>
    <SymmetricalAngle>180</SymmetricalAngle>
    <ReferenceRunAngle>0.000000</ReferenceRunAngle>
    <ComponentSensorTriggerLevel>0</ComponentSensorTriggerLevel>
    <ComponentSensorToleranceClass>2</ComponentSensorToleranceClass>
    <ComponentSensorDriftCompensation>true</ComponentSensorDriftCompensation>
    <ComponentPresenceCheckMode>1</ComponentPresenceCheckMode>
    <ComponentAbsenceCheckMode>1</ComponentAbsenceCheckMode>
    <DoNotReject>false</DoNotReject>
    <MechanicalCenteringAllowed>true</MechanicalCenteringAllowed>
    <ExternalRejectAllowed>true</ExternalRejectAllowed>
    <AutomaticNozzleChangeAllowed>true</AutomaticNozzleChangeAllowed>
    <LowAdhesion>0</LowAdhesion>
    <ScanId>109</ScanId>
    <HeavyGripper>false</HeavyGripper>
    <OuterWidth>1.100000</OuterWidth>
    <OuterLength>1.700000</OuterLength>
    <Performance>
      <PICK_xy_z>1</PICK_xy_z>
      <PICK_z_xy>1</PICK_z_xy>
      <PLACE_xy_z>1</PLACE_xy_z>
      <PLACE_z_xy>1</PLACE_z_xy>
      <ReducedDurationPlaceDown>false</ReducedDurationPlaceDown>
    </Performance>
  </Nozzle>
  <Nozzle>
    <Type>4042</Type>
    <Length>9400</Length>
    <VacMaxOpen>2800</VacMaxOpen>
    <VacMinDifference>500</VacMinDifference>
    <VacCubic>9000</VacCubic>
    <VacNonCubic>2000</VacNonCubic>
    <VacLeakyTol>8000</VacLeakyTol>
    <VacDirtyTol>2000</VacDirtyTol>
    <MeasurementProfile>1</MeasurementProfile>
    <VacCheck>2</VacCheck>
    <HeightCheck>2</HeightCheck>
    <SpecialHandling>0</SpecialHandling>
    <MaxDiameter>10.500000</MaxDiameter>
    <DeltaZHeightCheck>0.150000</DeltaZHeightCheck>
    <SymmetricalAngle>180</SymmetricalAngle>
    <ReferenceRunAngle>0.000000</ReferenceRunAngle>
    <ComponentSensorTriggerLevel>0</ComponentSensorTriggerLevel>
    <ComponentSensorToleranceClass>2</ComponentSensorToleranceClass>
    <ComponentSensorDriftCompensation>true</ComponentSensorDriftCompensation>
    <ComponentPresenceCheckMode>1</ComponentPresenceCheckMode>
    <ComponentAbsenceCheckMode>1</ComponentAbsenceCheckMode>
    <DoNotReject>false</DoNotReject>
    <MechanicalCenteringAllowed>true</MechanicalCenteringAllowed>
    <ExternalRejectAllowed>true</ExternalRejectAllowed>
    <AutomaticNozzleChangeAllowed>true</AutomaticNozzleChangeAllowed>
    <LowAdhesion>0</LowAdhesion>
    <ScanId>111</ScanId>
    <HeavyGripper>false</HeavyGripper>
    <OuterWidth>1.200000</OuterWidth>
    <OuterLength>1.760000</OuterLength>
    <Performance>
      <PICK_xy_z>1</PICK_xy_z>
      <PICK_z_xy>1</PICK_z_xy>
      <PLACE_xy_z>1</PLACE_xy_z>
      <PLACE_z_xy>1</PLACE_z_xy>
      <ReducedDurationPlaceDown>true</ReducedDurationPlaceDown>
    </Performance>
  </Nozzle>
  <Nozzle>
    <Type>4044</Type>
    <Length>8600</Length>
    <VacMaxOpen>2800</VacMaxOpen>
    <VacMinDifference>500</VacMinDifference>
    <VacCubic>9000</VacCubic>
    <VacNonCubic>2000</VacNonCubic>
    <VacLeakyTol>8000</VacLeakyTol>
    <VacDirtyTol>2000</VacDirtyTol>
    <MeasurementProfile>1</MeasurementProfile>
    <VacCheck>2</VacCheck>
    <HeightCheck>2</HeightCheck>
    <SpecialHandling>0</SpecialHandling>
    <MaxDiameter>10.500000</MaxDiameter>
    <DeltaZHeightCheck>0.250000</DeltaZHeightCheck>
    <SymmetricalAngle>180</SymmetricalAngle>
    <ReferenceRunAngle>0.000000</ReferenceRunAngle>
    <ComponentSensorTriggerLevel>0</ComponentSensorTriggerLevel>
    <ComponentSensorToleranceClass>2</ComponentSensorToleranceClass>
    <ComponentSensorDriftCompensation>true</ComponentSensorDriftCompensation>
    <ComponentPresenceCheckMode>1</ComponentPresenceCheckMode>
    <ComponentAbsenceCheckMode>1</ComponentAbsenceCheckMode>
    <DoNotReject>false</DoNotReject>
    <MechanicalCenteringAllowed>true</MechanicalCenteringAllowed>
    <ExternalRejectAllowed>true</ExternalRejectAllowed>
    <AutomaticNozzleChangeAllowed>true</AutomaticNozzleChangeAllowed>
    <LowAdhesion>0</LowAdhesion>
    <ScanId>112</ScanId>
    <HeavyGripper>false</HeavyGripper>
    <OuterWidth>1.200000</OuterWidth>
    <OuterLength>1.725000</OuterLength>
    <Performance>
      <PICK_xy_z>1</PICK_xy_z>
      <PICK_z_xy>1</PICK_z_xy>
      <PLACE_xy_z>1</PLACE_xy_z>
      <PLACE_z_xy>1</PLACE_z_xy>
      <ReducedDurationPlaceDown>true</ReducedDurationPlaceDown>
    </Performance>
  </Nozzle>
  <Nozzle>
    <Type>4046</Type>
    <Length>9650</Length>
    <VacMaxOpen>1700</VacMaxOpen>
    <VacMinDifference>200</VacMinDifference>
    <VacCubic>9000</VacCubic>
    <VacNonCubic>2000</VacNonCubic>
    <VacLeakyTol>8000</VacLeakyTol>
    <VacDirtyTol>2000</VacDirtyTol>
    <MeasurementProfile>1</MeasurementProfile>
    <VacCheck>2</VacCheck>
    <HeightCheck>2</HeightCheck>
    <SpecialHandling>0</SpecialHandling>
    <MaxDiameter>10.500000</MaxDiameter>
    <DeltaZHeightCheck>0.240000</DeltaZHeightCheck>
    <SymmetricalAngle>180</SymmetricalAngle>
    <ReferenceRunAngle>0.000000</ReferenceRunAngle>
    <ComponentSensorTriggerLevel>0</ComponentSensorTriggerLevel>
    <ComponentSensorToleranceClass>1</ComponentSensorToleranceClass>
    <ComponentSensorDriftCompensation>true</ComponentSensorDriftCompensation>
    <ComponentPresenceCheckMode>1</ComponentPresenceCheckMode>
    <ComponentAbsenceCheckMode>1</ComponentAbsenceCheckMode>
    <DoNotReject>false</DoNotReject>
    <MechanicalCenteringAllowed>true</MechanicalCenteringAllowed>
    <ExternalRejectAllowed>true</ExternalRejectAllowed>
    <AutomaticNozzleChangeAllowed>true</AutomaticNozzleChangeAllowed>
    <LowAdhesion>0</LowAdhesion>
    <ScanId>113</ScanId>
    <HeavyGripper>false</HeavyGripper>
    <OuterWidth>1.100000</OuterWidth>
    <OuterLength>1.540000</OuterLength>
    <Performance>
      <PICK_xy_z>1</PICK_xy_z>
      <PICK_z_xy>1</PICK_z_xy>
      <PLACE_xy_z>1</PLACE_xy_z>
      <PLACE_z_xy>1</PLACE_z_xy>
      <ReducedDurationPlaceDown>true</ReducedDurationPlaceDown>
    </Performance>
  </Nozzle>
  <Nozzle>
    <Type>4102</Type>
    <Length>11000</Length>
    <VacMaxOpen>500</VacMaxOpen>
    <VacMinDifference>10</VacMinDifference>
    <VacCubic>5000</VacCubic>
    <VacNonCubic>2000</VacNonCubic>
    <VacLeakyTol>8000</VacLeakyTol>
    <VacDirtyTol>2000</VacDirtyTol>
    <MeasurementProfile>1</MeasurementProfile>
    <VacCheck>0</VacCheck>
    <HeightCheck>2</HeightCheck>
    <SpecialHandling>0</SpecialHandling>
    <MaxDiameter>10.500000</MaxDiameter>
    <DeltaZHeightCheck>0.000000</DeltaZHeightCheck>
    <SymmetricalAngle>180</SymmetricalAngle>
    <ReferenceRunAngle>0.000000</ReferenceRunAngle>
    <ComponentSensorTriggerLevel>2</ComponentSensorTriggerLevel>
    <ComponentSensorToleranceClass>-1</ComponentSensorToleranceClass>
    <ComponentSensorDriftCompensation>true</ComponentSensorDriftCompensation>
    <ComponentPresenceCheckMode>1</ComponentPresenceCheckMode>
    <ComponentAbsenceCheckMode>1</ComponentAbsenceCheckMode>
    <DoNotReject>false</DoNotReject>
    <MechanicalCenteringAllowed>true</MechanicalCenteringAllowed>
    <ExternalRejectAllowed>true</ExternalRejectAllowed>
    <AutomaticNozzleChangeAllowed>true</AutomaticNozzleChangeAllowed>
    <LowAdhesion>0</LowAdhesion>
    <ScanId>121</ScanId>
    <HeavyGripper>false</HeavyGripper>
    <OuterWidth>0.175000</OuterWidth>
    <OuterLength>0.350000</OuterLength>
    <Performance>
      <PICK_xy_z>1</PICK_xy_z>
      <PICK_z_xy>1</PICK_z_xy>
      <PLACE_xy_z>1</PLACE_xy_z>
      <PLACE_z_xy>1</PLACE_z_xy>
      <ReducedDurationPlaceDown>true</ReducedDurationPlaceDown>
    </Performance>
  </Nozzle>
  <Nozzle>
    <Type>4103</Type>
    <Length>10800</Length>
    <VacMaxOpen>1200</VacMaxOpen>
    <VacMinDifference>100</VacMinDifference>
    <VacCubic>3000</VacCubic>
    <VacNonCubic>2000</VacNonCubic>
    <VacLeakyTol>8000</VacLeakyTol>
    <VacDirtyTol>2000</VacDirtyTol>
    <MeasurementProfile>1</MeasurementProfile>
    <VacCheck>0</VacCheck>
    <HeightCheck>2</HeightCheck>
    <SpecialHandling>0</SpecialHandling>
    <MaxDiameter>10.500000</MaxDiameter>
    <DeltaZHeightCheck>0.000000</DeltaZHeightCheck>
    <SymmetricalAngle>180</SymmetricalAngle>
    <ReferenceRunAngle>0.000000</ReferenceRunAngle>
    <ComponentSensorTriggerLevel>1</ComponentSensorTriggerLevel>
    <ComponentSensorToleranceClass>1</ComponentSensorToleranceClass>
    <ComponentSensorDriftCompensation>true</ComponentSensorDriftCompensation>
    <ComponentPresenceCheckMode>1</ComponentPresenceCheckMode>
    <ComponentAbsenceCheckMode>1</ComponentAbsenceCheckMode>
    <DoNotReject>false</DoNotReject>
    <MechanicalCenteringAllowed>true</MechanicalCenteringAllowed>
    <ExternalRejectAllowed>true</ExternalRejectAllowed>
    <AutomaticNozzleChangeAllowed>true</AutomaticNozzleChangeAllowed>
    <LowAdhesion>0</LowAdhesion>
    <ScanId>114</ScanId>
    <HeavyGripper>false</HeavyGripper>
    <OuterWidth>0.500000</OuterWidth>
    <OuterLength>0.900000</OuterLength>
    <Performance>
      <PICK_xy_z>1</PICK_xy_z>
      <PICK_z_xy>1</PICK_z_xy>
      <PLACE_xy_z>1</PLACE_xy_z>
      <PLACE_z_xy>1</PLACE_z_xy>
      <ReducedDurationPlaceDown>true</ReducedDurationPlaceDown>
    </Performance>
  </Nozzle>
  <Nozzle>
    <Type>4105</Type>
    <Length>11000</Length>
    <VacMaxOpen>500</VacMaxOpen>
    <VacMinDifference>10</VacMinDifference>
    <VacCubic>5000</VacCubic>
    <VacNonCubic>2000</VacNonCubic>
    <VacLeakyTol>8000</VacLeakyTol>
    <VacDirtyTol>2000</VacDirtyTol>
    <MeasurementProfile>1</MeasurementProfile>
    <VacCheck>0</VacCheck>
    <HeightCheck>2</HeightCheck>
    <SpecialHandling>0</SpecialHandling>
    <MaxDiameter>10.500000</MaxDiameter>
    <DeltaZHeightCheck>0.000000</DeltaZHeightCheck>
    <SymmetricalAngle>180</SymmetricalAngle>
    <ReferenceRunAngle>0.000000</ReferenceRunAngle>
    <ComponentSensorTriggerLevel>2</ComponentSensorTriggerLevel>
    <ComponentSensorToleranceClass>0</ComponentSensorToleranceClass>
    <ComponentSensorDriftCompensation>true</ComponentSensorDriftCompensation>
    <ComponentPresenceCheckMode>1</ComponentPresenceCheckMode>
    <ComponentAbsenceCheckMode>1</ComponentAbsenceCheckMode>
    <DoNotReject>false</DoNotReject>
    <MechanicalCenteringAllowed>true</MechanicalCenteringAllowed>
    <ExternalRejectAllowed>true</ExternalRejectAllowed>
    <AutomaticNozzleChangeAllowed>true</AutomaticNozzleChangeAllowed>
    <LowAdhesion>0</LowAdhesion>
    <ScanId>116</ScanId>
    <HeavyGripper>false</HeavyGripper>
    <OuterWidth>0.200000</OuterWidth>
    <OuterLength>0.440000</OuterLength>
    <Performance>
      <PICK_xy_z>1</PICK_xy_z>
      <PICK_z_xy>1</PICK_z_xy>
      <PLACE_xy_z>1</PLACE_xy_z>
      <PLACE_z_xy>1</PLACE_z_xy>
      <ReducedDurationPlaceDown>true</ReducedDurationPlaceDown>
    </Performance>
  </Nozzle>
  <Nozzle>
    <Type>4106</Type>
    <Length>11000</Length>
    <VacMaxOpen>500</VacMaxOpen>
    <VacMinDifference>30</VacMinDifference>
    <VacCubic>5000</VacCubic>
    <VacNonCubic>2000</VacNonCubic>
    <VacLeakyTol>8000</VacLeakyTol>
    <VacDirtyTol>2000</VacDirtyTol>
    <MeasurementProfile>1</MeasurementProfile>
    <VacCheck>0</VacCheck>
    <HeightCheck>2</HeightCheck>
    <SpecialHandling>0</SpecialHandling>
    <MaxDiameter>10.500000</MaxDiameter>
    <DeltaZHeightCheck>0.000000</DeltaZHeightCheck>
    <SymmetricalAngle>180</SymmetricalAngle>
    <ReferenceRunAngle>0.000000</ReferenceRunAngle>
    <ComponentSensorTriggerLevel>2</ComponentSensorTriggerLevel>
    <ComponentSensorToleranceClass>0</ComponentSensorToleranceClass>
    <ComponentSensorDriftCompensation>true</ComponentSensorDriftCompensation>
    <ComponentPresenceCheckMode>1</ComponentPresenceCheckMode>
    <ComponentAbsenceCheckMode>1</ComponentAbsenceCheckMode>
    <DoNotReject>false</DoNotReject>
    <MechanicalCenteringAllowed>true</MechanicalCenteringAllowed>
    <ExternalRejectAllowed>true</ExternalRejectAllowed>
    <AutomaticNozzleChangeAllowed>true</AutomaticNozzleChangeAllowed>
    <LowAdhesion>0</LowAdhesion>
    <ScanId>117</ScanId>
    <HeavyGripper>false</HeavyGripper>
    <OuterWidth>0.350000</OuterWidth>
    <OuterLength>0.450000</OuterLength>
    <Performance>
      <PICK_xy_z>1</PICK_xy_z>
      <PICK_z_xy>1</PICK_z_xy>
      <PLACE_xy_z>1</PLACE_xy_z>
      <PLACE_z_xy>1</PLACE_z_xy>
      <ReducedDurationPlaceDown>true</ReducedDurationPlaceDown>
    </Performance>
  </Nozzle>
  <Nozzle>
    <Type>4107</Type>
    <Length>10400</Length>
    <VacMaxOpen>1700</VacMaxOpen>
    <VacMinDifference>200</VacMinDifference>
    <VacCubic>3000</VacCubic>
    <VacNonCubic>2000</VacNonCubic>
    <VacLeakyTol>8000</VacLeakyTol>
    <VacDirtyTol>2000</VacDirtyTol>
    <MeasurementProfile>1</MeasurementProfile>
    <VacCheck>2</VacCheck>
    <HeightCheck>2</HeightCheck>
    <SpecialHandling>0</SpecialHandling>
    <MaxDiameter>10.500000</MaxDiameter>
    <DeltaZHeightCheck>0.000000</DeltaZHeightCheck>
    <SymmetricalAngle>180</SymmetricalAngle>
    <ReferenceRunAngle>0.000000</ReferenceRunAngle>
    <ComponentSensorTriggerLevel>0</ComponentSensorTriggerLevel>
    <ComponentSensorToleranceClass>1</ComponentSensorToleranceClass>
    <ComponentSensorDriftCompensation>true</ComponentSensorDriftCompensation>
    <ComponentPresenceCheckMode>1</ComponentPresenceCheckMode>
    <ComponentAbsenceCheckMode>1</ComponentAbsenceCheckMode>
    <DoNotReject>false</DoNotReject>
    <MechanicalCenteringAllowed>true</MechanicalCenteringAllowed>
    <ExternalRejectAllowed>true</ExternalRejectAllowed>
    <AutomaticNozzleChangeAllowed>true</AutomaticNozzleChangeAllowed>
    <LowAdhesion>0</LowAdhesion>
    <ScanId>115</ScanId>
    <HeavyGripper>false</HeavyGripper>
    <OuterWidth>0.660000</OuterWidth>
    <OuterLength>1.400000</OuterLength>
    <Performance>
      <PICK_xy_z>1</PICK_xy_z>
      <PICK_z_xy>1</PICK_z_xy>
      <PLACE_xy_z>1</PLACE_xy_z>
      <PLACE_z_xy>1</PLACE_z_xy>
      <ReducedDurationPlaceDown>true</ReducedDurationPlaceDown>
    </Performance>
  </Nozzle>
  <Nozzle>
    <Type>4108</Type>
    <Length>11000</Length>
    <VacMaxOpen>500</VacMaxOpen>
    <VacMinDifference>10</VacMinDifference>
    <VacCubic>5000</VacCubic>
    <VacNonCubic>2000</VacNonCubic>
    <VacLeakyTol>8000</VacLeakyTol>
    <VacDirtyTol>2000</VacDirtyTol>
    <MeasurementProfile>1</MeasurementProfile>
    <VacCheck>0</VacCheck>
    <HeightCheck>2</HeightCheck>
    <SpecialHandling>0</SpecialHandling>
    <MaxDiameter>10.500000</MaxDiameter>
    <DeltaZHeightCheck>0.000000</DeltaZHeightCheck>
    <SymmetricalAngle>180</SymmetricalAngle>
    <ReferenceRunAngle>0.000000</ReferenceRunAngle>
    <ComponentSensorTriggerLevel>2</ComponentSensorTriggerLevel>
    <ComponentSensorToleranceClass>0</ComponentSensorToleranceClass>
    <ComponentSensorDriftCompensation>true</ComponentSensorDriftCompensation>
    <ComponentPresenceCheckMode>1</ComponentPresenceCheckMode>
    <ComponentAbsenceCheckMode>1</ComponentAbsenceCheckMode>
    <DoNotReject>false</DoNotReject>
    <MechanicalCenteringAllowed>true</MechanicalCenteringAllowed>
    <ExternalRejectAllowed>true</ExternalRejectAllowed>
    <AutomaticNozzleChangeAllowed>true</AutomaticNozzleChangeAllowed>
    <LowAdhesion>0</LowAdhesion>
    <ScanId>118</ScanId>
    <HeavyGripper>false</HeavyGripper>
    <OuterWidth>0.300000</OuterWidth>
    <OuterLength>0.470000</OuterLength>
    <Performance>
      <PICK_xy_z>1</PICK_xy_z>
      <PICK_z_xy>1</PICK_z_xy>
      <PLACE_xy_z>1</PLACE_xy_z>
      <PLACE_z_xy>1</PLACE_z_xy>
      <ReducedDurationPlaceDown>true</ReducedDurationPlaceDown>
    </Performance>
  </Nozzle>
  <Nozzle>
    <Type>4109</Type>
    <Length>11000</Length>
    <VacMaxOpen>500</VacMaxOpen>
    <VacMinDifference>10</VacMinDifference>
    <VacCubic>5000</VacCubic>
    <VacNonCubic>2000</VacNonCubic>
    <VacLeakyTol>8000</VacLeakyTol>
    <VacDirtyTol>2000</VacDirtyTol>
    <MeasurementProfile>1</MeasurementProfile>
    <VacCheck>0</VacCheck>
    <HeightCheck>2</HeightCheck>
    <SpecialHandling>0</SpecialHandling>
    <MaxDiameter>10.500000</MaxDiameter>
    <DeltaZHeightCheck>0.000000</DeltaZHeightCheck>
    <SymmetricalAngle>180</SymmetricalAngle>
    <ReferenceRunAngle>0.000000</ReferenceRunAngle>
    <ComponentSensorTriggerLevel>2</ComponentSensorTriggerLevel>
    <ComponentSensorToleranceClass>0</ComponentSensorToleranceClass>
    <ComponentSensorDriftCompensation>true</ComponentSensorDriftCompensation>
    <ComponentPresenceCheckMode>1</ComponentPresenceCheckMode>
    <ComponentAbsenceCheckMode>1</ComponentAbsenceCheckMode>
    <DoNotReject>false</DoNotReject>
    <MechanicalCenteringAllowed>true</MechanicalCenteringAllowed>
    <ExternalRejectAllowed>true</ExternalRejectAllowed>
    <AutomaticNozzleChangeAllowed>true</AutomaticNozzleChangeAllowed>
    <LowAdhesion>0</LowAdhesion>
    <ScanId>119</ScanId>
    <HeavyGripper>false</HeavyGripper>
    <OuterWidth>0.350000</OuterWidth>
    <OuterLength>0.600000</OuterLength>
    <Performance>
      <PICK_xy_z>1</PICK_xy_z>
      <PICK_z_xy>1</PICK_z_xy>
      <PLACE_xy_z>1</PLACE_xy_z>
      <PLACE_z_xy>1</PLACE_z_xy>
      <ReducedDurationPlaceDown>true</ReducedDurationPlaceDown>
    </Performance>
  </Nozzle>
  <Nozzle>
    <Type>4110</Type>
    <Length>11000</Length>
    <VacMaxOpen>500</VacMaxOpen>
    <VacMinDifference>10</VacMinDifference>
    <VacCubic>5000</VacCubic>
    <VacNonCubic>2000</VacNonCubic>
    <VacLeakyTol>8000</VacLeakyTol>
    <VacDirtyTol>2000</VacDirtyTol>
    <MeasurementProfile>1</MeasurementProfile>
    <VacCheck>0</VacCheck>
    <HeightCheck>2</HeightCheck>
    <SpecialHandling>0</SpecialHandling>
    <MaxDiameter>10.500000</MaxDiameter>
    <DeltaZHeightCheck>0.000000</DeltaZHeightCheck>
    <SymmetricalAngle>180</SymmetricalAngle>
    <ReferenceRunAngle>0.000000</ReferenceRunAngle>
    <ComponentSensorTriggerLevel>2</ComponentSensorTriggerLevel>
    <ComponentSensorToleranceClass>-1</ComponentSensorToleranceClass>
    <ComponentSensorDriftCompensation>true</ComponentSensorDriftCompensation>
    <ComponentPresenceCheckMode>1</ComponentPresenceCheckMode>
    <ComponentAbsenceCheckMode>1</ComponentAbsenceCheckMode>
    <DoNotReject>false</DoNotReject>
    <MechanicalCenteringAllowed>true</MechanicalCenteringAllowed>
    <ExternalRejectAllowed>true</ExternalRejectAllowed>
    <AutomaticNozzleChangeAllowed>true</AutomaticNozzleChangeAllowed>
    <LowAdhesion>0</LowAdhesion>
    <ScanId>120</ScanId>
    <HeavyGripper>false</HeavyGripper>
    <OuterWidth>0.175000</OuterWidth>
    <OuterLength>0.350000</OuterLength>
    <Performance>
      <PICK_xy_z>1</PICK_xy_z>
      <PICK_z_xy>1</PICK_z_xy>
      <PLACE_xy_z>1</PLACE_xy_z>
      <PLACE_z_xy>1</PLACE_z_xy>
      <ReducedDurationPlaceDown>true</ReducedDurationPlaceDown>
    </Performance>
  </Nozzle>
  <Nozzle>
    <Type>4133</Type>
    <Length>9400</Length>
    <VacMaxOpen>3000</VacMaxOpen>
    <VacMinDifference>1000</VacMinDifference>
    <VacCubic>3000</VacCubic>
    <VacNonCubic>2000</VacNonCubic>
    <VacLeakyTol>8000</VacLeakyTol>
    <VacDirtyTol>2000</VacDirtyTol>
    <MeasurementProfile>1</MeasurementProfile>
    <VacCheck>2</VacCheck>
    <HeightCheck>2</HeightCheck>
    <SpecialHandling>0</SpecialHandling>
    <MaxDiameter>10.500000</MaxDiameter>
    <DeltaZHeightCheck>0.000000</DeltaZHeightCheck>
    <SymmetricalAngle>180</SymmetricalAngle>
    <ReferenceRunAngle>0.000000</ReferenceRunAngle>
    <ComponentSensorTriggerLevel>0</ComponentSensorTriggerLevel>
    <ComponentSensorToleranceClass>1</ComponentSensorToleranceClass>
    <ComponentSensorDriftCompensation>true</ComponentSensorDriftCompensation>
    <ComponentPresenceCheckMode>1</ComponentPresenceCheckMode>
    <ComponentAbsenceCheckMode>1</ComponentAbsenceCheckMode>
    <DoNotReject>false</DoNotReject>
    <MechanicalCenteringAllowed>true</MechanicalCenteringAllowed>
    <ExternalRejectAllowed>true</ExternalRejectAllowed>
    <AutomaticNozzleChangeAllowed>true</AutomaticNozzleChangeAllowed>
    <LowAdhesion>0</LowAdhesion>
    <ScanId>104</ScanId>
    <HeavyGripper>false</HeavyGripper>
    <OuterWidth>1.600000</OuterWidth>
    <OuterLength>2.200000</OuterLength>
    <Performance>
      <PICK_xy_z>1</PICK_xy_z>
      <PICK_z_xy>1</PICK_z_xy>
      <PLACE_xy_z>1</PLACE_xy_z>
      <PLACE_z_xy>1</PLACE_z_xy>
      <ReducedDurationPlaceDown>false</ReducedDurationPlaceDown>
    </Performance>
  </Nozzle>
  <Nozzle>
    <Type>4135</Type>
    <Length>7400</Length>
    <VacMaxOpen>3500</VacMaxOpen>
    <VacMinDifference>1100</VacMinDifference>
    <VacCubic>3000</VacCubic>
    <VacNonCubic>2000</VacNonCubic>
    <VacLeakyTol>8000</VacLeakyTol>
    <VacDirtyTol>2000</VacDirtyTol>
    <MeasurementProfile>1</MeasurementProfile>
    <VacCheck>2</VacCheck>
    <HeightCheck>2</HeightCheck>
    <SpecialHandling>0</SpecialHandling>
    <MaxDiameter>10.500000</MaxDiameter>
    <DeltaZHeightCheck>0.000000</DeltaZHeightCheck>
    <SymmetricalAngle>180</SymmetricalAngle>
    <ReferenceRunAngle>0.000000</ReferenceRunAngle>
    <ComponentSensorTriggerLevel>0</ComponentSensorTriggerLevel>
    <ComponentSensorToleranceClass>2</ComponentSensorToleranceClass>
    <ComponentSensorDriftCompensation>true</ComponentSensorDriftCompensation>
    <ComponentPresenceCheckMode>1</ComponentPresenceCheckMode>
    <ComponentAbsenceCheckMode>1</ComponentAbsenceCheckMode>
    <DoNotReject>false</DoNotReject>
    <MechanicalCenteringAllowed>true</MechanicalCenteringAllowed>
    <ExternalRejectAllowed>true</ExternalRejectAllowed>
    <AutomaticNozzleChangeAllowed>true</AutomaticNozzleChangeAllowed>
    <LowAdhesion>0</LowAdhesion>
    <ScanId>107</ScanId>
    <HeavyGripper>false</HeavyGripper>
    <OuterWidth>1.900000</OuterWidth>
    <OuterLength>3.500000</OuterLength>
    <Performance>
      <PICK_xy_z>1</PICK_xy_z>
      <PICK_z_xy>1</PICK_z_xy>
      <PLACE_xy_z>1</PLACE_xy_z>
      <PLACE_z_xy>1</PLACE_z_xy>
      <ReducedDurationPlaceDown>false</ReducedDurationPlaceDown>
    </Performance>
  </Nozzle>
  <Nozzle>
    <Type>4204</Type>
    <Length>10100</Length>
    <VacMaxOpen>2800</VacMaxOpen>
    <VacMinDifference>500</VacMinDifference>
    <VacCubic>3000</VacCubic>
    <VacNonCubic>2000</VacNonCubic>
    <VacLeakyTol>8000</VacLeakyTol>
    <VacDirtyTol>2000</VacDirtyTol>
    <MeasurementProfile>1</MeasurementProfile>
    <VacCheck>2</VacCheck>
    <HeightCheck>2</HeightCheck>
    <SpecialHandling>0</SpecialHandling>
    <MaxDiameter>10.500000</MaxDiameter>
    <DeltaZHeightCheck>0.000000</DeltaZHeightCheck>
    <SymmetricalAngle>180</SymmetricalAngle>
    <ReferenceRunAngle>0.000000</ReferenceRunAngle>
    <ComponentSensorTriggerLevel>0</ComponentSensorTriggerLevel>
    <ComponentSensorToleranceClass>1</ComponentSensorToleranceClass>
    <ComponentSensorDriftCompensation>true</ComponentSensorDriftCompensation>
    <ComponentPresenceCheckMode>1</ComponentPresenceCheckMode>
    <ComponentAbsenceCheckMode>1</ComponentAbsenceCheckMode>
    <DoNotReject>false</DoNotReject>
    <MechanicalCenteringAllowed>true</MechanicalCenteringAllowed>
    <ExternalRejectAllowed>true</ExternalRejectAllowed>
    <AutomaticNozzleChangeAllowed>true</AutomaticNozzleChangeAllowed>
    <LowAdhesion>0</LowAdhesion>
    <ScanId>123</ScanId>
    <HeavyGripper>false</HeavyGripper>
    <OuterWidth>1.200000</OuterWidth>
    <OuterLength>1.700000</OuterLength>
    <Performance>
      <PICK_xy_z>1</PICK_xy_z>
      <PICK_z_xy>1</PICK_z_xy>
      <PLACE_xy_z>1</PLACE_xy_z>
      <PLACE_z_xy>1</PLACE_z_xy>
      <ReducedDurationPlaceDown>true</ReducedDurationPlaceDown>
    </Performance>
  </Nozzle>
  <Nozzle>
    <Type>4235</Type>
    <Length>9400</Length>
    <VacMaxOpen>3500</VacMaxOpen>
    <VacMinDifference>1100</VacMinDifference>
    <VacCubic>5000</VacCubic>
    <VacNonCubic>2000</VacNonCubic>
    <VacLeakyTol>8000</VacLeakyTol>
    <VacDirtyTol>2000</VacDirtyTol>
    <MeasurementProfile>1</MeasurementProfile>
    <VacCheck>2</VacCheck>
    <HeightCheck>2</HeightCheck>
    <SpecialHandling>0</SpecialHandling>
    <MaxDiameter>10.500000</MaxDiameter>
    <DeltaZHeightCheck>0.000000</DeltaZHeightCheck>
    <SymmetricalAngle>180</SymmetricalAngle>
    <ReferenceRunAngle>0.000000</ReferenceRunAngle>
    <ComponentSensorTriggerLevel>0</ComponentSensorTriggerLevel>
    <ComponentSensorToleranceClass>2</ComponentSensorToleranceClass>
    <ComponentSensorDriftCompensation>true</ComponentSensorDriftCompensation>
    <ComponentPresenceCheckMode>1</ComponentPresenceCheckMode>
    <ComponentAbsenceCheckMode>1</ComponentAbsenceCheckMode>
    <DoNotReject>false</DoNotReject>
    <MechanicalCenteringAllowed>true</MechanicalCenteringAllowed>
    <ExternalRejectAllowed>true</ExternalRejectAllowed>
    <AutomaticNozzleChangeAllowed>true</AutomaticNozzleChangeAllowed>
    <LowAdhesion>0</LowAdhesion>
    <ScanId>108</ScanId>
    <HeavyGripper>false</HeavyGripper>
    <OuterWidth>1.900000</OuterWidth>
    <OuterLength>3.500000</OuterLength>
    <Performance>
      <PICK_xy_z>1</PICK_xy_z>
      <PICK_z_xy>1</PICK_z_xy>
      <PLACE_xy_z>1</PLACE_xy_z>
      <PLACE_z_xy>1</PLACE_z_xy>
      <ReducedDurationPlaceDown>false</ReducedDurationPlaceDown>
    </Performance>
  </Nozzle>
</NozzleListIndiv>
