<?xml version="1.0" encoding="UTF-8"?>
<NozzleChanger Id="L" Version="1.0">
  <Kinematics>
    <MountingProperties>
      <CurrentPositionId>XTableSlot</CurrentPositionId>
      <CurrentType>X4iS_CP20Plus_C13</CurrentType>
    </MountingProperties>
    <ManualTeachingOffset>
      <x>0.437565</x>
      <y>1.051397</y>
      <z Individual="false">0.0</z>
      <phi Individual="false">0.0</phi>
    </ManualTeachingOffset>
    <Carriers>
      <Carrier Id="1">
        <CurrentCarrier LinkNode="CarrierTypes/CP20Plus_Carrier_Short_NewLock">
          <Kinematics>
            <ManualTeachingOffset>
              <x>-0.175000</x>
              <y>-0.925000</y>
              <z Individual="false">0.0</z>
              <phi Individual="false">0.0</phi>
            </ManualTeachingOffset>
            <CalibOffset>
              <x>0.000000</x>
              <y>0.000000</y>
              <z>0.000000</z>
              <phi>0.000000</phi>
              <IsCalibrated>false</IsCalibrated>
            </CalibOffset>
            <Magazines>
              <Magazine Id="1">
                <CurrentMagazine LinkNode="MagazineTypes/CP20Plus_Magazine_40xx">
                  <Kinematics>
                    <CalibOffset>
                      <x>-0.008104</x>
                      <y>0.196867</y>
                      <z>0.366000</z>
                      <phi>0.199789</phi>
                      <IsCalibrated>true</IsCalibrated>
                    </CalibOffset>
                    <Garages>
                      <Garage Id="1">
                        <Nozzle>
                          <CurrentType>4103</CurrentType>
                          <OnHead>false</OnHead>
                          <SegmentNumber>0</SegmentNumber>
                          <NozzleUniqueId>1494</NozzleUniqueId>
                        </Nozzle>
                      </Garage>
                      <Garage Id="2">
                        <Nozzle>
                          <CurrentType>4103</CurrentType>
                          <OnHead>false</OnHead>
                          <SegmentNumber>0</SegmentNumber>
                          <NozzleUniqueId>1517</NozzleUniqueId>
                        </Nozzle>
                      </Garage>
                      <Garage Id="3">
                        <Nozzle>
                          <CurrentType>4103</CurrentType>
                          <OnHead>false</OnHead>
                          <SegmentNumber>0</SegmentNumber>
                          <NozzleUniqueId>1393</NozzleUniqueId>
                        </Nozzle>
                      </Garage>
                      <Garage Id="4">
                        <Nozzle>
                          <CurrentType>4103</CurrentType>
                          <OnHead>false</OnHead>
                          <SegmentNumber>0</SegmentNumber>
                          <NozzleUniqueId>1390</NozzleUniqueId>
                        </Nozzle>
                      </Garage>
                      <Garage Id="5">
                        <Nozzle>
                          <CurrentType>4103</CurrentType>
                          <OnHead>false</OnHead>
                          <SegmentNumber>0</SegmentNumber>
                          <NozzleUniqueId>1391</NozzleUniqueId>
                        </Nozzle>
                      </Garage>
                      <Garage Id="6">
                        <Nozzle>
                          <CurrentType>4103</CurrentType>
                          <OnHead>false</OnHead>
                          <SegmentNumber>0</SegmentNumber>
                          <NozzleUniqueId>1498</NozzleUniqueId>
                        </Nozzle>
                      </Garage>
                      <Garage Id="7">
                        <Nozzle>
                          <CurrentType>4004</CurrentType>
                          <OnHead>true</OnHead>
                          <SegmentNumber>14</SegmentNumber>
                          <NozzleUniqueId>1527</NozzleUniqueId>
                        </Nozzle>
                      </Garage>
                      <Garage Id="8">
                        <Nozzle>
                          <CurrentType>4004</CurrentType>
                          <OnHead>true</OnHead>
                          <SegmentNumber>1</SegmentNumber>
                          <NozzleUniqueId>1533</NozzleUniqueId>
                        </Nozzle>
                      </Garage>
                      <Garage Id="9">
                        <Nozzle>
                          <CurrentType>4004</CurrentType>
                          <OnHead>true</OnHead>
                          <SegmentNumber>2</SegmentNumber>
                          <NozzleUniqueId>1499</NozzleUniqueId>
                        </Nozzle>
                      </Garage>
                      <Garage Id="10">
                        <Nozzle>
                          <CurrentType>4004</CurrentType>
                          <OnHead>true</OnHead>
                          <SegmentNumber>3</SegmentNumber>
                          <NozzleUniqueId>1534</NozzleUniqueId>
                        </Nozzle>
                      </Garage>
                      <Garage Id="11">
                        <Nozzle>
                          <CurrentType>0</CurrentType>
                          <OnHead>false</OnHead>
                          <SegmentNumber>0</SegmentNumber>
                          <NozzleUniqueId>0</NozzleUniqueId>
                        </Nozzle>
                      </Garage>
                      <Garage Id="12">
                        <Nozzle>
                          <CurrentType>0</CurrentType>
                          <OnHead>false</OnHead>
                          <SegmentNumber>0</SegmentNumber>
                          <NozzleUniqueId>0</NozzleUniqueId>
                        </Nozzle>
                      </Garage>
                      <Garage Id="13">
                        <Nozzle>
                          <CurrentType>0</CurrentType>
                          <OnHead>false</OnHead>
                          <SegmentNumber>0</SegmentNumber>
                          <NozzleUniqueId>0</NozzleUniqueId>
                        </Nozzle>
                      </Garage>
                      <Garage Id="14">
                        <Nozzle>
                          <CurrentType>0</CurrentType>
                          <OnHead>false</OnHead>
                          <SegmentNumber>0</SegmentNumber>
                          <NozzleUniqueId>0</NozzleUniqueId>
                        </Nozzle>
                      </Garage>
                      <Garage Id="15">
                        <Nozzle>
                          <CurrentType>0</CurrentType>
                          <OnHead>false</OnHead>
                          <SegmentNumber>0</SegmentNumber>
                          <NozzleUniqueId>0</NozzleUniqueId>
                        </Nozzle>
                      </Garage>
                      <Garage Id="16">
                        <Nozzle>
                          <CurrentType>0</CurrentType>
                          <OnHead>false</OnHead>
                          <SegmentNumber>0</SegmentNumber>
                          <NozzleUniqueId>0</NozzleUniqueId>
                        </Nozzle>
                      </Garage>
                      <Garage Id="17">
                        <Nozzle>
                          <CurrentType>0</CurrentType>
                          <OnHead>false</OnHead>
                          <SegmentNumber>0</SegmentNumber>
                          <NozzleUniqueId>0</NozzleUniqueId>
                        </Nozzle>
                      </Garage>
                      <Garage Id="18">
                        <Nozzle>
                          <CurrentType>0</CurrentType>
                          <OnHead>false</OnHead>
                          <SegmentNumber>0</SegmentNumber>
                          <NozzleUniqueId>0</NozzleUniqueId>
                        </Nozzle>
                      </Garage>
                      <Garage Id="19">
                        <Nozzle>
                          <CurrentType>0</CurrentType>
                          <OnHead>false</OnHead>
                          <SegmentNumber>0</SegmentNumber>
                          <NozzleUniqueId>0</NozzleUniqueId>
                        </Nozzle>
                      </Garage>
                      <Garage Id="20">
                        <Nozzle>
                          <CurrentType>0</CurrentType>
                          <OnHead>false</OnHead>
                          <SegmentNumber>0</SegmentNumber>
                          <NozzleUniqueId>0</NozzleUniqueId>
                        </Nozzle>
                      </Garage>
                    </Garages>
                  </Kinematics>
                </CurrentMagazine>
              </Magazine>
              <Magazine Id="2">
                <CurrentMagazine LinkNode="MagazineTypes/CP20Plus_Magazine_40xx">
                  <Kinematics>
                    <CalibOffset>
                      <x>-0.007421</x>
                      <y>0.720113</y>
                      <z>0.462000</z>
                      <phi>0.272230</phi>
                      <IsCalibrated>true</IsCalibrated>
                    </CalibOffset>
                    <Garages>
                      <Garage Id="1">
                        <Nozzle>
                          <CurrentType>0</CurrentType>
                          <OnHead>false</OnHead>
                          <SegmentNumber>0</SegmentNumber>
                          <NozzleUniqueId>0</NozzleUniqueId>
                        </Nozzle>
                      </Garage>
                      <Garage Id="2">
                        <Nozzle>
                          <CurrentType>0</CurrentType>
                          <OnHead>false</OnHead>
                          <SegmentNumber>0</SegmentNumber>
                          <NozzleUniqueId>0</NozzleUniqueId>
                        </Nozzle>
                      </Garage>
                      <Garage Id="3">
                        <Nozzle>
                          <CurrentType>4033</CurrentType>
                          <OnHead>true</OnHead>
                          <SegmentNumber>15</SegmentNumber>
                          <NozzleUniqueId>1511</NozzleUniqueId>
                        </Nozzle>
                      </Garage>
                      <Garage Id="4">
                        <Nozzle>
                          <CurrentType>4033</CurrentType>
                          <OnHead>true</OnHead>
                          <SegmentNumber>16</SegmentNumber>
                          <NozzleUniqueId>1512</NozzleUniqueId>
                        </Nozzle>
                      </Garage>
                      <Garage Id="5">
                        <Nozzle>
                          <CurrentType>4033</CurrentType>
                          <OnHead>true</OnHead>
                          <SegmentNumber>17</SegmentNumber>
                          <NozzleUniqueId>1513</NozzleUniqueId>
                        </Nozzle>
                      </Garage>
                      <Garage Id="6">
                        <Nozzle>
                          <CurrentType>4033</CurrentType>
                          <OnHead>true</OnHead>
                          <SegmentNumber>18</SegmentNumber>
                          <NozzleUniqueId>1514</NozzleUniqueId>
                        </Nozzle>
                      </Garage>
                      <Garage Id="7">
                        <Nozzle>
                          <CurrentType>4033</CurrentType>
                          <OnHead>true</OnHead>
                          <SegmentNumber>19</SegmentNumber>
                          <NozzleUniqueId>1515</NozzleUniqueId>
                        </Nozzle>
                      </Garage>
                      <Garage Id="8">
                        <Nozzle>
                          <CurrentType>4033</CurrentType>
                          <OnHead>true</OnHead>
                          <SegmentNumber>20</SegmentNumber>
                          <NozzleUniqueId>1516</NozzleUniqueId>
                        </Nozzle>
                      </Garage>
                      <Garage Id="9">
                        <Nozzle>
                          <CurrentType>4033</CurrentType>
                          <OnHead>false</OnHead>
                          <SegmentNumber>0</SegmentNumber>
                          <NozzleUniqueId>1519</NozzleUniqueId>
                        </Nozzle>
                      </Garage>
                      <Garage Id="10">
                        <Nozzle>
                          <CurrentType>0</CurrentType>
                          <OnHead>false</OnHead>
                          <SegmentNumber>0</SegmentNumber>
                          <NozzleUniqueId>0</NozzleUniqueId>
                        </Nozzle>
                      </Garage>
                      <Garage Id="11">
                        <Nozzle>
                          <CurrentType>4033</CurrentType>
                          <OnHead>false</OnHead>
                          <SegmentNumber>0</SegmentNumber>
                          <NozzleUniqueId>1521</NozzleUniqueId>
                        </Nozzle>
                      </Garage>
                      <Garage Id="12">
                        <Nozzle>
                          <CurrentType>4033</CurrentType>
                          <OnHead>false</OnHead>
                          <SegmentNumber>0</SegmentNumber>
                          <NozzleUniqueId>1453</NozzleUniqueId>
                        </Nozzle>
                      </Garage>
                      <Garage Id="13">
                        <Nozzle>
                          <CurrentType>4033</CurrentType>
                          <OnHead>false</OnHead>
                          <SegmentNumber>0</SegmentNumber>
                          <NozzleUniqueId>1452</NozzleUniqueId>
                        </Nozzle>
                      </Garage>
                      <Garage Id="14">
                        <Nozzle>
                          <CurrentType>4035</CurrentType>
                          <OnHead>false</OnHead>
                          <SegmentNumber>0</SegmentNumber>
                          <NozzleUniqueId>1482</NozzleUniqueId>
                        </Nozzle>
                      </Garage>
                      <Garage Id="15">
                        <Nozzle>
                          <CurrentType>4035</CurrentType>
                          <OnHead>false</OnHead>
                          <SegmentNumber>0</SegmentNumber>
                          <NozzleUniqueId>1483</NozzleUniqueId>
                        </Nozzle>
                      </Garage>
                      <Garage Id="16">
                        <Nozzle>
                          <CurrentType>4035</CurrentType>
                          <OnHead>false</OnHead>
                          <SegmentNumber>0</SegmentNumber>
                          <NozzleUniqueId>1484</NozzleUniqueId>
                        </Nozzle>
                      </Garage>
                      <Garage Id="17">
                        <Nozzle>
                          <CurrentType>4035</CurrentType>
                          <OnHead>false</OnHead>
                          <SegmentNumber>0</SegmentNumber>
                          <NozzleUniqueId>1485</NozzleUniqueId>
                        </Nozzle>
                      </Garage>
                      <Garage Id="18">
                        <Nozzle>
                          <CurrentType>0</CurrentType>
                          <OnHead>false</OnHead>
                          <SegmentNumber>0</SegmentNumber>
                          <NozzleUniqueId>0</NozzleUniqueId>
                        </Nozzle>
                      </Garage>
                      <Garage Id="19">
                        <Nozzle>
                          <CurrentType>4035</CurrentType>
                          <OnHead>false</OnHead>
                          <SegmentNumber>0</SegmentNumber>
                          <NozzleUniqueId>1487</NozzleUniqueId>
                        </Nozzle>
                      </Garage>
                      <Garage Id="20">
                        <Nozzle>
                          <CurrentType>4035</CurrentType>
                          <OnHead>false</OnHead>
                          <SegmentNumber>0</SegmentNumber>
                          <NozzleUniqueId>1488</NozzleUniqueId>
                        </Nozzle>
                      </Garage>
                    </Garages>
                  </Kinematics>
                </CurrentMagazine>
              </Magazine>
              <Magazine Id="3">
                <CurrentMagazine LinkNode="MagazineTypes/CP20Plus_Magazine_40xx">
                  <Kinematics>
                    <CalibOffset>
                      <x>-0.229638</x>
                      <y>0.030712</y>
                      <z>0.153500</z>
                      <phi>0.340455</phi>
                      <IsCalibrated>true</IsCalibrated>
                    </CalibOffset>
                    <Garages>
                      <Garage Id="1">
                        <Nozzle>
                          <CurrentType>0</CurrentType>
                          <OnHead>false</OnHead>
                          <SegmentNumber>0</SegmentNumber>
                          <NozzleUniqueId>0</NozzleUniqueId>
                        </Nozzle>
                      </Garage>
                      <Garage Id="2">
                        <Nozzle>
                          <CurrentType>0</CurrentType>
                          <OnHead>false</OnHead>
                          <SegmentNumber>0</SegmentNumber>
                          <NozzleUniqueId>0</NozzleUniqueId>
                        </Nozzle>
                      </Garage>
                      <Garage Id="3">
                        <Nozzle>
                          <CurrentType>0</CurrentType>
                          <OnHead>false</OnHead>
                          <SegmentNumber>0</SegmentNumber>
                          <NozzleUniqueId>0</NozzleUniqueId>
                        </Nozzle>
                      </Garage>
                      <Garage Id="4">
                        <Nozzle>
                          <CurrentType>0</CurrentType>
                          <OnHead>false</OnHead>
                          <SegmentNumber>0</SegmentNumber>
                          <NozzleUniqueId>0</NozzleUniqueId>
                        </Nozzle>
                      </Garage>
                      <Garage Id="5">
                        <Nozzle>
                          <CurrentType>0</CurrentType>
                          <OnHead>false</OnHead>
                          <SegmentNumber>0</SegmentNumber>
                          <NozzleUniqueId>0</NozzleUniqueId>
                        </Nozzle>
                      </Garage>
                      <Garage Id="6">
                        <Nozzle>
                          <CurrentType>0</CurrentType>
                          <OnHead>false</OnHead>
                          <SegmentNumber>0</SegmentNumber>
                          <NozzleUniqueId>0</NozzleUniqueId>
                        </Nozzle>
                      </Garage>
                      <Garage Id="7">
                        <Nozzle>
                          <CurrentType>0</CurrentType>
                          <OnHead>false</OnHead>
                          <SegmentNumber>0</SegmentNumber>
                          <NozzleUniqueId>0</NozzleUniqueId>
                        </Nozzle>
                      </Garage>
                      <Garage Id="8">
                        <Nozzle>
                          <CurrentType>4004</CurrentType>
                          <OnHead>true</OnHead>
                          <SegmentNumber>4</SegmentNumber>
                          <NozzleUniqueId>1495</NozzleUniqueId>
                        </Nozzle>
                      </Garage>
                      <Garage Id="9">
                        <Nozzle>
                          <CurrentType>4004</CurrentType>
                          <OnHead>true</OnHead>
                          <SegmentNumber>5</SegmentNumber>
                          <NozzleUniqueId>1496</NozzleUniqueId>
                        </Nozzle>
                      </Garage>
                      <Garage Id="10">
                        <Nozzle>
                          <CurrentType>0</CurrentType>
                          <OnHead>false</OnHead>
                          <SegmentNumber>0</SegmentNumber>
                          <NozzleUniqueId>0</NozzleUniqueId>
                        </Nozzle>
                      </Garage>
                      <Garage Id="11">
                        <Nozzle>
                          <CurrentType>4004</CurrentType>
                          <OnHead>true</OnHead>
                          <SegmentNumber>7</SegmentNumber>
                          <NozzleUniqueId>1497</NozzleUniqueId>
                        </Nozzle>
                      </Garage>
                      <Garage Id="12">
                        <Nozzle>
                          <CurrentType>4004</CurrentType>
                          <OnHead>true</OnHead>
                          <SegmentNumber>8</SegmentNumber>
                          <NozzleUniqueId>1501</NozzleUniqueId>
                        </Nozzle>
                      </Garage>
                      <Garage Id="13">
                        <Nozzle>
                          <CurrentType>0</CurrentType>
                          <OnHead>false</OnHead>
                          <SegmentNumber>0</SegmentNumber>
                          <NozzleUniqueId>0</NozzleUniqueId>
                        </Nozzle>
                      </Garage>
                      <Garage Id="14">
                        <Nozzle>
                          <CurrentType>0</CurrentType>
                          <OnHead>false</OnHead>
                          <SegmentNumber>0</SegmentNumber>
                          <NozzleUniqueId>0</NozzleUniqueId>
                        </Nozzle>
                      </Garage>
                      <Garage Id="15">
                        <Nozzle>
                          <CurrentType>0</CurrentType>
                          <OnHead>false</OnHead>
                          <SegmentNumber>0</SegmentNumber>
                          <NozzleUniqueId>0</NozzleUniqueId>
                        </Nozzle>
                      </Garage>
                      <Garage Id="16">
                        <Nozzle>
                          <CurrentType>0</CurrentType>
                          <OnHead>false</OnHead>
                          <SegmentNumber>0</SegmentNumber>
                          <NozzleUniqueId>0</NozzleUniqueId>
                        </Nozzle>
                      </Garage>
                      <Garage Id="17">
                        <Nozzle>
                          <CurrentType>0</CurrentType>
                          <OnHead>false</OnHead>
                          <SegmentNumber>0</SegmentNumber>
                          <NozzleUniqueId>0</NozzleUniqueId>
                        </Nozzle>
                      </Garage>
                      <Garage Id="18">
                        <Nozzle>
                          <CurrentType>0</CurrentType>
                          <OnHead>false</OnHead>
                          <SegmentNumber>0</SegmentNumber>
                          <NozzleUniqueId>0</NozzleUniqueId>
                        </Nozzle>
                      </Garage>
                      <Garage Id="19">
                        <Nozzle>
                          <CurrentType>0</CurrentType>
                          <OnHead>false</OnHead>
                          <SegmentNumber>0</SegmentNumber>
                          <NozzleUniqueId>0</NozzleUniqueId>
                        </Nozzle>
                      </Garage>
                      <Garage Id="20">
                        <Nozzle>
                          <CurrentType>0</CurrentType>
                          <OnHead>false</OnHead>
                          <SegmentNumber>0</SegmentNumber>
                          <NozzleUniqueId>0</NozzleUniqueId>
                        </Nozzle>
                      </Garage>
                    </Garages>
                  </Kinematics>
                </CurrentMagazine>
              </Magazine>
              <Magazine Id="4">
                <CurrentMagazine LinkNode="MagazineTypes/CP20Plus_Magazine_40xx">
                  <Kinematics>
                    <CalibOffset>
                      <x>-0.241985</x>
                      <y>0.731432</y>
                      <z>0.188500</z>
                      <phi>0.319853</phi>
                      <IsCalibrated>true</IsCalibrated>
                    </CalibOffset>
                    <Garages>
                      <Garage Id="1">
                        <Nozzle>
                          <CurrentType>4035</CurrentType>
                          <OnHead>false</OnHead>
                          <SegmentNumber>0</SegmentNumber>
                          <NozzleUniqueId>1587</NozzleUniqueId>
                        </Nozzle>
                      </Garage>
                      <Garage Id="2">
                        <Nozzle>
                          <CurrentType>4004</CurrentType>
                          <OnHead>true</OnHead>
                          <SegmentNumber>9</SegmentNumber>
                          <NozzleUniqueId>1502</NozzleUniqueId>
                        </Nozzle>
                      </Garage>
                      <Garage Id="3">
                        <Nozzle>
                          <CurrentType>4004</CurrentType>
                          <OnHead>true</OnHead>
                          <SegmentNumber>10</SegmentNumber>
                          <NozzleUniqueId>1503</NozzleUniqueId>
                        </Nozzle>
                      </Garage>
                      <Garage Id="4">
                        <Nozzle>
                          <CurrentType>4004</CurrentType>
                          <OnHead>true</OnHead>
                          <SegmentNumber>11</SegmentNumber>
                          <NozzleUniqueId>1504</NozzleUniqueId>
                        </Nozzle>
                      </Garage>
                      <Garage Id="5">
                        <Nozzle>
                          <CurrentType>4004</CurrentType>
                          <OnHead>true</OnHead>
                          <SegmentNumber>12</SegmentNumber>
                          <NozzleUniqueId>1505</NozzleUniqueId>
                        </Nozzle>
                      </Garage>
                      <Garage Id="6">
                        <Nozzle>
                          <CurrentType>4004</CurrentType>
                          <OnHead>true</OnHead>
                          <SegmentNumber>13</SegmentNumber>
                          <NozzleUniqueId>1506</NozzleUniqueId>
                        </Nozzle>
                      </Garage>
                      <Garage Id="7">
                        <Nozzle>
                          <CurrentType>4004</CurrentType>
                          <OnHead>true</OnHead>
                          <SegmentNumber>6</SegmentNumber>
                          <NozzleUniqueId>1588</NozzleUniqueId>
                        </Nozzle>
                      </Garage>
                      <Garage Id="8">
                        <Nozzle>
                          <CurrentType>0</CurrentType>
                          <OnHead>false</OnHead>
                          <SegmentNumber>0</SegmentNumber>
                          <NozzleUniqueId>0</NozzleUniqueId>
                        </Nozzle>
                      </Garage>
                      <Garage Id="9">
                        <Nozzle>
                          <CurrentType>4004</CurrentType>
                          <OnHead>false</OnHead>
                          <SegmentNumber>0</SegmentNumber>
                          <NozzleUniqueId>1509</NozzleUniqueId>
                        </Nozzle>
                      </Garage>
                      <Garage Id="10">
                        <Nozzle>
                          <CurrentType>0</CurrentType>
                          <OnHead>false</OnHead>
                          <SegmentNumber>0</SegmentNumber>
                          <NozzleUniqueId>0</NozzleUniqueId>
                        </Nozzle>
                      </Garage>
                      <Garage Id="11">
                        <Nozzle>
                          <CurrentType>4004</CurrentType>
                          <OnHead>false</OnHead>
                          <SegmentNumber>0</SegmentNumber>
                          <NozzleUniqueId>1510</NozzleUniqueId>
                        </Nozzle>
                      </Garage>
                      <Garage Id="12">
                        <Nozzle>
                          <CurrentType>0</CurrentType>
                          <OnHead>false</OnHead>
                          <SegmentNumber>0</SegmentNumber>
                          <NozzleUniqueId>0</NozzleUniqueId>
                        </Nozzle>
                      </Garage>
                      <Garage Id="13">
                        <Nozzle>
                          <CurrentType>0</CurrentType>
                          <OnHead>false</OnHead>
                          <SegmentNumber>0</SegmentNumber>
                          <NozzleUniqueId>0</NozzleUniqueId>
                        </Nozzle>
                      </Garage>
                      <Garage Id="14">
                        <Nozzle>
                          <CurrentType>0</CurrentType>
                          <OnHead>false</OnHead>
                          <SegmentNumber>0</SegmentNumber>
                          <NozzleUniqueId>0</NozzleUniqueId>
                        </Nozzle>
                      </Garage>
                      <Garage Id="15">
                        <Nozzle>
                          <CurrentType>0</CurrentType>
                          <OnHead>false</OnHead>
                          <SegmentNumber>0</SegmentNumber>
                          <NozzleUniqueId>0</NozzleUniqueId>
                        </Nozzle>
                      </Garage>
                      <Garage Id="16">
                        <Nozzle>
                          <CurrentType>0</CurrentType>
                          <OnHead>false</OnHead>
                          <SegmentNumber>0</SegmentNumber>
                          <NozzleUniqueId>0</NozzleUniqueId>
                        </Nozzle>
                      </Garage>
                      <Garage Id="17">
                        <Nozzle>
                          <CurrentType>0</CurrentType>
                          <OnHead>false</OnHead>
                          <SegmentNumber>0</SegmentNumber>
                          <NozzleUniqueId>0</NozzleUniqueId>
                        </Nozzle>
                      </Garage>
                      <Garage Id="18">
                        <Nozzle>
                          <CurrentType>0</CurrentType>
                          <OnHead>false</OnHead>
                          <SegmentNumber>0</SegmentNumber>
                          <NozzleUniqueId>0</NozzleUniqueId>
                        </Nozzle>
                      </Garage>
                      <Garage Id="19">
                        <Nozzle>
                          <CurrentType>0</CurrentType>
                          <OnHead>false</OnHead>
                          <SegmentNumber>0</SegmentNumber>
                          <NozzleUniqueId>0</NozzleUniqueId>
                        </Nozzle>
                      </Garage>
                      <Garage Id="20">
                        <Nozzle>
                          <CurrentType>0</CurrentType>
                          <OnHead>false</OnHead>
                          <SegmentNumber>0</SegmentNumber>
                          <NozzleUniqueId>0</NozzleUniqueId>
                        </Nozzle>
                      </Garage>
                    </Garages>
                  </Kinematics>
                </CurrentMagazine>
              </Magazine>
            </Magazines>
          </Kinematics>
        </CurrentCarrier>
      </Carrier>
      <Carrier Id="3">
        <CurrentCarrier LinkNode="CarrierTypes/CP20_CarrierShortSlot"/>
      </Carrier>
    </Carriers>
    <CenterAndRejectStation>
      <CurrentCenterAndRejectStation LinkNode="CenterAndRejectStationTypes/SX4a_CP20Plus_RejectStation">
        <Kinematics>
          <ManualTeachingOffset>
            <x>-0.000048</x>
            <y>0.144610</y>
            <z Individual="false">0.0</z>
            <phi Individual="false">0.0</phi>
          </ManualTeachingOffset>
          <CalibOffset>
            <x>-0.069053</x>
            <y>0.094028</y>
            <z>0.417000</z>
            <phi>-0.062062</phi>
            <IsCalibrated>true</IsCalibrated>
          </CalibOffset>
        </Kinematics>
      </CurrentCenterAndRejectStation>
    </CenterAndRejectStation>
  </Kinematics>
</NozzleChanger>
