<?xml version="1.0" encoding="UTF-8"?>
<NozzleChanger Id="R" Version="1.0">
  <Kinematics>
    <MountingProperties>
      <CurrentPositionId>XTableSlot</CurrentPositionId>
      <CurrentType>X4iS_CP20Plus_C13</CurrentType>
    </MountingProperties>
    <ManualTeachingOffset>
      <x>0.000000</x>
      <y>0.000000</y>
      <z Individual="false">0.0</z>
      <phi Individual="false">0.0</phi>
    </ManualTeachingOffset>
    <Carriers>
      <Carrier Id="1">
        <CurrentCarrier LinkNode="CarrierTypes/CP20Plus_Carrier_Short_NewLock">
          <Kinematics>
            <ManualTeachingOffset>
              <x Individual="false">0.0</x>
              <y Individual="false">0.0</y>
              <z Individual="false">0.0</z>
              <phi Individual="false">0.0</phi>
            </ManualTeachingOffset>
            <CalibOffset>
              <x Individual="false">0.0</x>
              <y Individual="false">0.0</y>
              <z Individual="false">0.0</z>
              <phi Individual="false">0.0</phi>
              <IsCalibrated Individual="false">false</IsCalibrated>
            </CalibOffset>
            <Magazines>
              <Magazine Id="1">
                <CurrentMagazine LinkNode="MagazineTypes/CP20Plus_Magazine_40xx">
                  <Kinematics>
                    <CalibOffset>
                      <x>0.232226</x>
                      <y>0.899496</y>
                      <z>0.010000</z>
                      <phi>-0.059580</phi>
                      <IsCalibrated>true</IsCalibrated>
                    </CalibOffset>
                    <Garages>
                      <Garage Id="1">
                        <Nozzle>
                          <CurrentType>4103</CurrentType>
                          <OnHead>false</OnHead>
                          <SegmentNumber>0</SegmentNumber>
                          <NozzleUniqueId>1400</NozzleUniqueId>
                        </Nozzle>
                      </Garage>
                      <Garage Id="2">
                        <Nozzle>
                          <CurrentType>4103</CurrentType>
                          <OnHead>false</OnHead>
                          <SegmentNumber>0</SegmentNumber>
                          <NozzleUniqueId>1365</NozzleUniqueId>
                        </Nozzle>
                      </Garage>
                      <Garage Id="3">
                        <Nozzle>
                          <CurrentType>4103</CurrentType>
                          <OnHead>false</OnHead>
                          <SegmentNumber>0</SegmentNumber>
                          <NozzleUniqueId>1389</NozzleUniqueId>
                        </Nozzle>
                      </Garage>
                      <Garage Id="4">
                        <Nozzle>
                          <CurrentType>4103</CurrentType>
                          <OnHead>false</OnHead>
                          <SegmentNumber>0</SegmentNumber>
                          <NozzleUniqueId>1366</NozzleUniqueId>
                        </Nozzle>
                      </Garage>
                      <Garage Id="5">
                        <Nozzle>
                          <CurrentType>4103</CurrentType>
                          <OnHead>false</OnHead>
                          <SegmentNumber>0</SegmentNumber>
                          <NozzleUniqueId>1386</NozzleUniqueId>
                        </Nozzle>
                      </Garage>
                      <Garage Id="6">
                        <Nozzle>
                          <CurrentType>4103</CurrentType>
                          <OnHead>false</OnHead>
                          <SegmentNumber>0</SegmentNumber>
                          <NozzleUniqueId>1367</NozzleUniqueId>
                        </Nozzle>
                      </Garage>
                      <Garage Id="7">
                        <Nozzle>
                          <CurrentType>4103</CurrentType>
                          <OnHead>false</OnHead>
                          <SegmentNumber>0</SegmentNumber>
                          <NozzleUniqueId>1368</NozzleUniqueId>
                        </Nozzle>
                      </Garage>
                      <Garage Id="8">
                        <Nozzle>
                          <CurrentType>4103</CurrentType>
                          <OnHead>false</OnHead>
                          <SegmentNumber>0</SegmentNumber>
                          <NozzleUniqueId>1369</NozzleUniqueId>
                        </Nozzle>
                      </Garage>
                      <Garage Id="9">
                        <Nozzle>
                          <CurrentType>4103</CurrentType>
                          <OnHead>false</OnHead>
                          <SegmentNumber>0</SegmentNumber>
                          <NozzleUniqueId>1385</NozzleUniqueId>
                        </Nozzle>
                      </Garage>
                      <Garage Id="10">
                        <Nozzle>
                          <CurrentType>4103</CurrentType>
                          <OnHead>false</OnHead>
                          <SegmentNumber>0</SegmentNumber>
                          <NozzleUniqueId>1370</NozzleUniqueId>
                        </Nozzle>
                      </Garage>
                      <Garage Id="11">
                        <Nozzle>
                          <CurrentType>4103</CurrentType>
                          <OnHead>false</OnHead>
                          <SegmentNumber>0</SegmentNumber>
                          <NozzleUniqueId>1371</NozzleUniqueId>
                        </Nozzle>
                      </Garage>
                      <Garage Id="12">
                        <Nozzle>
                          <CurrentType>4103</CurrentType>
                          <OnHead>false</OnHead>
                          <SegmentNumber>0</SegmentNumber>
                          <NozzleUniqueId>1372</NozzleUniqueId>
                        </Nozzle>
                      </Garage>
                      <Garage Id="13">
                        <Nozzle>
                          <CurrentType>4103</CurrentType>
                          <OnHead>false</OnHead>
                          <SegmentNumber>0</SegmentNumber>
                          <NozzleUniqueId>1399</NozzleUniqueId>
                        </Nozzle>
                      </Garage>
                      <Garage Id="14">
                        <Nozzle>
                          <CurrentType>4103</CurrentType>
                          <OnHead>false</OnHead>
                          <SegmentNumber>0</SegmentNumber>
                          <NozzleUniqueId>1401</NozzleUniqueId>
                        </Nozzle>
                      </Garage>
                      <Garage Id="15">
                        <Nozzle>
                          <CurrentType>4103</CurrentType>
                          <OnHead>false</OnHead>
                          <SegmentNumber>0</SegmentNumber>
                          <NozzleUniqueId>1395</NozzleUniqueId>
                        </Nozzle>
                      </Garage>
                      <Garage Id="16">
                        <Nozzle>
                          <CurrentType>4004</CurrentType>
                          <OnHead>true</OnHead>
                          <SegmentNumber>7</SegmentNumber>
                          <NozzleUniqueId>1535</NozzleUniqueId>
                        </Nozzle>
                      </Garage>
                      <Garage Id="17">
                        <Nozzle>
                          <CurrentType>4004</CurrentType>
                          <OnHead>true</OnHead>
                          <SegmentNumber>8</SegmentNumber>
                          <NozzleUniqueId>1536</NozzleUniqueId>
                        </Nozzle>
                      </Garage>
                      <Garage Id="18">
                        <Nozzle>
                          <CurrentType>4004</CurrentType>
                          <OnHead>true</OnHead>
                          <SegmentNumber>9</SegmentNumber>
                          <NozzleUniqueId>1537</NozzleUniqueId>
                        </Nozzle>
                      </Garage>
                      <Garage Id="19">
                        <Nozzle>
                          <CurrentType>4004</CurrentType>
                          <OnHead>true</OnHead>
                          <SegmentNumber>10</SegmentNumber>
                          <NozzleUniqueId>1538</NozzleUniqueId>
                        </Nozzle>
                      </Garage>
                      <Garage Id="20">
                        <Nozzle>
                          <CurrentType>4004</CurrentType>
                          <OnHead>true</OnHead>
                          <SegmentNumber>11</SegmentNumber>
                          <NozzleUniqueId>1539</NozzleUniqueId>
                        </Nozzle>
                      </Garage>
                    </Garages>
                  </Kinematics>
                </CurrentMagazine>
              </Magazine>
              <Magazine Id="2">
                <CurrentMagazine LinkNode="MagazineTypes/CP20Plus_Magazine_40xx">
                  <Kinematics>
                    <CalibOffset>
                      <x>0.280019</x>
                      <y>0.842503</y>
                      <z>0.150000</z>
                      <phi>-0.050071</phi>
                      <IsCalibrated>true</IsCalibrated>
                    </CalibOffset>
                    <Garages>
                      <Garage Id="1">
                        <Nozzle>
                          <CurrentType>4004</CurrentType>
                          <OnHead>true</OnHead>
                          <SegmentNumber>12</SegmentNumber>
                          <NozzleUniqueId>1540</NozzleUniqueId>
                        </Nozzle>
                      </Garage>
                      <Garage Id="2">
                        <Nozzle>
                          <CurrentType>4004</CurrentType>
                          <OnHead>true</OnHead>
                          <SegmentNumber>13</SegmentNumber>
                          <NozzleUniqueId>1541</NozzleUniqueId>
                        </Nozzle>
                      </Garage>
                      <Garage Id="3">
                        <Nozzle>
                          <CurrentType>4004</CurrentType>
                          <OnHead>true</OnHead>
                          <SegmentNumber>14</SegmentNumber>
                          <NozzleUniqueId>1542</NozzleUniqueId>
                        </Nozzle>
                      </Garage>
                      <Garage Id="4">
                        <Nozzle>
                          <CurrentType>4004</CurrentType>
                          <OnHead>true</OnHead>
                          <SegmentNumber>15</SegmentNumber>
                          <NozzleUniqueId>1543</NozzleUniqueId>
                        </Nozzle>
                      </Garage>
                      <Garage Id="5">
                        <Nozzle>
                          <CurrentType>4004</CurrentType>
                          <OnHead>true</OnHead>
                          <SegmentNumber>16</SegmentNumber>
                          <NozzleUniqueId>1544</NozzleUniqueId>
                        </Nozzle>
                      </Garage>
                      <Garage Id="6">
                        <Nozzle>
                          <CurrentType>4004</CurrentType>
                          <OnHead>true</OnHead>
                          <SegmentNumber>17</SegmentNumber>
                          <NozzleUniqueId>1545</NozzleUniqueId>
                        </Nozzle>
                      </Garage>
                      <Garage Id="7">
                        <Nozzle>
                          <CurrentType>4004</CurrentType>
                          <OnHead>true</OnHead>
                          <SegmentNumber>18</SegmentNumber>
                          <NozzleUniqueId>1546</NozzleUniqueId>
                        </Nozzle>
                      </Garage>
                      <Garage Id="8">
                        <Nozzle>
                          <CurrentType>4004</CurrentType>
                          <OnHead>true</OnHead>
                          <SegmentNumber>19</SegmentNumber>
                          <NozzleUniqueId>1547</NozzleUniqueId>
                        </Nozzle>
                      </Garage>
                      <Garage Id="9">
                        <Nozzle>
                          <CurrentType>4004</CurrentType>
                          <OnHead>true</OnHead>
                          <SegmentNumber>20</SegmentNumber>
                          <NozzleUniqueId>1566</NozzleUniqueId>
                        </Nozzle>
                      </Garage>
                      <Garage Id="10">
                        <Nozzle>
                          <CurrentType>0</CurrentType>
                          <OnHead>false</OnHead>
                          <SegmentNumber>0</SegmentNumber>
                          <NozzleUniqueId>0</NozzleUniqueId>
                        </Nozzle>
                      </Garage>
                      <Garage Id="11">
                        <Nozzle>
                          <CurrentType>0</CurrentType>
                          <OnHead>false</OnHead>
                          <SegmentNumber>0</SegmentNumber>
                          <NozzleUniqueId>0</NozzleUniqueId>
                        </Nozzle>
                      </Garage>
                      <Garage Id="12">
                        <Nozzle>
                          <CurrentType>0</CurrentType>
                          <OnHead>false</OnHead>
                          <SegmentNumber>0</SegmentNumber>
                          <NozzleUniqueId>0</NozzleUniqueId>
                        </Nozzle>
                      </Garage>
                      <Garage Id="13">
                        <Nozzle>
                          <CurrentType>0</CurrentType>
                          <OnHead>false</OnHead>
                          <SegmentNumber>0</SegmentNumber>
                          <NozzleUniqueId>0</NozzleUniqueId>
                        </Nozzle>
                      </Garage>
                      <Garage Id="14">
                        <Nozzle>
                          <CurrentType>0</CurrentType>
                          <OnHead>false</OnHead>
                          <SegmentNumber>0</SegmentNumber>
                          <NozzleUniqueId>0</NozzleUniqueId>
                        </Nozzle>
                      </Garage>
                      <Garage Id="15">
                        <Nozzle>
                          <CurrentType>4033</CurrentType>
                          <OnHead>true</OnHead>
                          <SegmentNumber>3</SegmentNumber>
                          <NozzleUniqueId>1554</NozzleUniqueId>
                        </Nozzle>
                      </Garage>
                      <Garage Id="16">
                        <Nozzle>
                          <CurrentType>4033</CurrentType>
                          <OnHead>true</OnHead>
                          <SegmentNumber>4</SegmentNumber>
                          <NozzleUniqueId>1555</NozzleUniqueId>
                        </Nozzle>
                      </Garage>
                      <Garage Id="17">
                        <Nozzle>
                          <CurrentType>4033</CurrentType>
                          <OnHead>true</OnHead>
                          <SegmentNumber>5</SegmentNumber>
                          <NozzleUniqueId>1556</NozzleUniqueId>
                        </Nozzle>
                      </Garage>
                      <Garage Id="18">
                        <Nozzle>
                          <CurrentType>4033</CurrentType>
                          <OnHead>true</OnHead>
                          <SegmentNumber>6</SegmentNumber>
                          <NozzleUniqueId>1557</NozzleUniqueId>
                        </Nozzle>
                      </Garage>
                      <Garage Id="19">
                        <Nozzle>
                          <CurrentType>4035</CurrentType>
                          <OnHead>true</OnHead>
                          <SegmentNumber>1</SegmentNumber>
                          <NozzleUniqueId>1558</NozzleUniqueId>
                        </Nozzle>
                      </Garage>
                      <Garage Id="20">
                        <Nozzle>
                          <CurrentType>4035</CurrentType>
                          <OnHead>true</OnHead>
                          <SegmentNumber>2</SegmentNumber>
                          <NozzleUniqueId>1559</NozzleUniqueId>
                        </Nozzle>
                      </Garage>
                    </Garages>
                  </Kinematics>
                </CurrentMagazine>
              </Magazine>
              <Magazine Id="3">
                <CurrentMagazine LinkNode="MagazineTypes/CP20Plus_Magazine_40xx">
                  <Kinematics>
                    <CalibOffset>
                      <x>0.316171</x>
                      <y>0.770277</y>
                      <z>-0.027000</z>
                      <phi>0.089581</phi>
                      <IsCalibrated>true</IsCalibrated>
                    </CalibOffset>
                    <Garages>
                      <Garage Id="1">
                        <Nozzle>
                          <CurrentType>4035</CurrentType>
                          <OnHead>false</OnHead>
                          <SegmentNumber>0</SegmentNumber>
                          <NozzleUniqueId>1444</NozzleUniqueId>
                        </Nozzle>
                      </Garage>
                      <Garage Id="2">
                        <Nozzle>
                          <CurrentType>0</CurrentType>
                          <OnHead>false</OnHead>
                          <SegmentNumber>0</SegmentNumber>
                          <NozzleUniqueId>0</NozzleUniqueId>
                        </Nozzle>
                      </Garage>
                      <Garage Id="3">
                        <Nozzle>
                          <CurrentType>0</CurrentType>
                          <OnHead>false</OnHead>
                          <SegmentNumber>0</SegmentNumber>
                          <NozzleUniqueId>0</NozzleUniqueId>
                        </Nozzle>
                      </Garage>
                      <Garage Id="4">
                        <Nozzle>
                          <CurrentType>0</CurrentType>
                          <OnHead>false</OnHead>
                          <SegmentNumber>0</SegmentNumber>
                          <NozzleUniqueId>0</NozzleUniqueId>
                        </Nozzle>
                      </Garage>
                      <Garage Id="5">
                        <Nozzle>
                          <CurrentType>0</CurrentType>
                          <OnHead>false</OnHead>
                          <SegmentNumber>0</SegmentNumber>
                          <NozzleUniqueId>0</NozzleUniqueId>
                        </Nozzle>
                      </Garage>
                      <Garage Id="6">
                        <Nozzle>
                          <CurrentType>0</CurrentType>
                          <OnHead>false</OnHead>
                          <SegmentNumber>0</SegmentNumber>
                          <NozzleUniqueId>0</NozzleUniqueId>
                        </Nozzle>
                      </Garage>
                      <Garage Id="7">
                        <Nozzle>
                          <CurrentType>0</CurrentType>
                          <OnHead>false</OnHead>
                          <SegmentNumber>0</SegmentNumber>
                          <NozzleUniqueId>0</NozzleUniqueId>
                        </Nozzle>
                      </Garage>
                      <Garage Id="8">
                        <Nozzle>
                          <CurrentType>0</CurrentType>
                          <OnHead>false</OnHead>
                          <SegmentNumber>0</SegmentNumber>
                          <NozzleUniqueId>0</NozzleUniqueId>
                        </Nozzle>
                      </Garage>
                      <Garage Id="9">
                        <Nozzle>
                          <CurrentType>0</CurrentType>
                          <OnHead>false</OnHead>
                          <SegmentNumber>0</SegmentNumber>
                          <NozzleUniqueId>0</NozzleUniqueId>
                        </Nozzle>
                      </Garage>
                      <Garage Id="10">
                        <Nozzle>
                          <CurrentType>0</CurrentType>
                          <OnHead>false</OnHead>
                          <SegmentNumber>0</SegmentNumber>
                          <NozzleUniqueId>0</NozzleUniqueId>
                        </Nozzle>
                      </Garage>
                      <Garage Id="11">
                        <Nozzle>
                          <CurrentType>4033</CurrentType>
                          <OnHead>false</OnHead>
                          <SegmentNumber>0</SegmentNumber>
                          <NozzleUniqueId>1560</NozzleUniqueId>
                        </Nozzle>
                      </Garage>
                      <Garage Id="12">
                        <Nozzle>
                          <CurrentType>4033</CurrentType>
                          <OnHead>false</OnHead>
                          <SegmentNumber>0</SegmentNumber>
                          <NozzleUniqueId>1561</NozzleUniqueId>
                        </Nozzle>
                      </Garage>
                      <Garage Id="13">
                        <Nozzle>
                          <CurrentType>4033</CurrentType>
                          <OnHead>false</OnHead>
                          <SegmentNumber>0</SegmentNumber>
                          <NozzleUniqueId>1562</NozzleUniqueId>
                        </Nozzle>
                      </Garage>
                      <Garage Id="14">
                        <Nozzle>
                          <CurrentType>4033</CurrentType>
                          <OnHead>false</OnHead>
                          <SegmentNumber>0</SegmentNumber>
                          <NozzleUniqueId>1563</NozzleUniqueId>
                        </Nozzle>
                      </Garage>
                      <Garage Id="15">
                        <Nozzle>
                          <CurrentType>4033</CurrentType>
                          <OnHead>false</OnHead>
                          <SegmentNumber>0</SegmentNumber>
                          <NozzleUniqueId>1564</NozzleUniqueId>
                        </Nozzle>
                      </Garage>
                      <Garage Id="16">
                        <Nozzle>
                          <CurrentType>4033</CurrentType>
                          <OnHead>false</OnHead>
                          <SegmentNumber>0</SegmentNumber>
                          <NozzleUniqueId>1565</NozzleUniqueId>
                        </Nozzle>
                      </Garage>
                      <Garage Id="17">
                        <Nozzle>
                          <CurrentType>0</CurrentType>
                          <OnHead>false</OnHead>
                          <SegmentNumber>0</SegmentNumber>
                          <NozzleUniqueId>0</NozzleUniqueId>
                        </Nozzle>
                      </Garage>
                      <Garage Id="18">
                        <Nozzle>
                          <CurrentType>0</CurrentType>
                          <OnHead>false</OnHead>
                          <SegmentNumber>0</SegmentNumber>
                          <NozzleUniqueId>0</NozzleUniqueId>
                        </Nozzle>
                      </Garage>
                      <Garage Id="19">
                        <Nozzle>
                          <CurrentType>0</CurrentType>
                          <OnHead>false</OnHead>
                          <SegmentNumber>0</SegmentNumber>
                          <NozzleUniqueId>0</NozzleUniqueId>
                        </Nozzle>
                      </Garage>
                      <Garage Id="20">
                        <Nozzle>
                          <CurrentType>0</CurrentType>
                          <OnHead>false</OnHead>
                          <SegmentNumber>0</SegmentNumber>
                          <NozzleUniqueId>0</NozzleUniqueId>
                        </Nozzle>
                      </Garage>
                    </Garages>
                  </Kinematics>
                </CurrentMagazine>
              </Magazine>
              <Magazine Id="4">
                <CurrentMagazine LinkNode="MagazineTypes/CP20Plus_Magazine_40xx">
                  <Kinematics>
                    <CalibOffset>
                      <x>0.274772</x>
                      <y>0.868495</y>
                      <z>0.087500</z>
                      <phi>-0.011776</phi>
                      <IsCalibrated>true</IsCalibrated>
                    </CalibOffset>
                    <Garages>
                      <Garage Id="1">
                        <Nozzle>
                          <CurrentType>0</CurrentType>
                          <OnHead>false</OnHead>
                          <SegmentNumber>0</SegmentNumber>
                          <NozzleUniqueId>0</NozzleUniqueId>
                        </Nozzle>
                      </Garage>
                      <Garage Id="2">
                        <Nozzle>
                          <CurrentType>0</CurrentType>
                          <OnHead>false</OnHead>
                          <SegmentNumber>0</SegmentNumber>
                          <NozzleUniqueId>0</NozzleUniqueId>
                        </Nozzle>
                      </Garage>
                      <Garage Id="3">
                        <Nozzle>
                          <CurrentType>0</CurrentType>
                          <OnHead>false</OnHead>
                          <SegmentNumber>0</SegmentNumber>
                          <NozzleUniqueId>0</NozzleUniqueId>
                        </Nozzle>
                      </Garage>
                      <Garage Id="4">
                        <Nozzle>
                          <CurrentType>0</CurrentType>
                          <OnHead>false</OnHead>
                          <SegmentNumber>0</SegmentNumber>
                          <NozzleUniqueId>0</NozzleUniqueId>
                        </Nozzle>
                      </Garage>
                      <Garage Id="5">
                        <Nozzle>
                          <CurrentType>0</CurrentType>
                          <OnHead>false</OnHead>
                          <SegmentNumber>0</SegmentNumber>
                          <NozzleUniqueId>0</NozzleUniqueId>
                        </Nozzle>
                      </Garage>
                      <Garage Id="6">
                        <Nozzle>
                          <CurrentType>0</CurrentType>
                          <OnHead>false</OnHead>
                          <SegmentNumber>0</SegmentNumber>
                          <NozzleUniqueId>0</NozzleUniqueId>
                        </Nozzle>
                      </Garage>
                      <Garage Id="7">
                        <Nozzle>
                          <CurrentType>0</CurrentType>
                          <OnHead>false</OnHead>
                          <SegmentNumber>0</SegmentNumber>
                          <NozzleUniqueId>0</NozzleUniqueId>
                        </Nozzle>
                      </Garage>
                      <Garage Id="8">
                        <Nozzle>
                          <CurrentType>0</CurrentType>
                          <OnHead>false</OnHead>
                          <SegmentNumber>0</SegmentNumber>
                          <NozzleUniqueId>0</NozzleUniqueId>
                        </Nozzle>
                      </Garage>
                      <Garage Id="9">
                        <Nozzle>
                          <CurrentType>0</CurrentType>
                          <OnHead>false</OnHead>
                          <SegmentNumber>0</SegmentNumber>
                          <NozzleUniqueId>0</NozzleUniqueId>
                        </Nozzle>
                      </Garage>
                      <Garage Id="10">
                        <Nozzle>
                          <CurrentType>0</CurrentType>
                          <OnHead>false</OnHead>
                          <SegmentNumber>0</SegmentNumber>
                          <NozzleUniqueId>0</NozzleUniqueId>
                        </Nozzle>
                      </Garage>
                      <Garage Id="11">
                        <Nozzle>
                          <CurrentType>0</CurrentType>
                          <OnHead>false</OnHead>
                          <SegmentNumber>0</SegmentNumber>
                          <NozzleUniqueId>0</NozzleUniqueId>
                        </Nozzle>
                      </Garage>
                      <Garage Id="12">
                        <Nozzle>
                          <CurrentType>0</CurrentType>
                          <OnHead>false</OnHead>
                          <SegmentNumber>0</SegmentNumber>
                          <NozzleUniqueId>0</NozzleUniqueId>
                        </Nozzle>
                      </Garage>
                      <Garage Id="13">
                        <Nozzle>
                          <CurrentType>4004</CurrentType>
                          <OnHead>false</OnHead>
                          <SegmentNumber>0</SegmentNumber>
                          <NozzleUniqueId>1416</NozzleUniqueId>
                        </Nozzle>
                      </Garage>
                      <Garage Id="14">
                        <Nozzle>
                          <CurrentType>4004</CurrentType>
                          <OnHead>false</OnHead>
                          <SegmentNumber>0</SegmentNumber>
                          <NozzleUniqueId>1417</NozzleUniqueId>
                        </Nozzle>
                      </Garage>
                      <Garage Id="15">
                        <Nozzle>
                          <CurrentType>4004</CurrentType>
                          <OnHead>false</OnHead>
                          <SegmentNumber>0</SegmentNumber>
                          <NozzleUniqueId>1418</NozzleUniqueId>
                        </Nozzle>
                      </Garage>
                      <Garage Id="16">
                        <Nozzle>
                          <CurrentType>4004</CurrentType>
                          <OnHead>false</OnHead>
                          <SegmentNumber>0</SegmentNumber>
                          <NozzleUniqueId>1419</NozzleUniqueId>
                        </Nozzle>
                      </Garage>
                      <Garage Id="17">
                        <Nozzle>
                          <CurrentType>4004</CurrentType>
                          <OnHead>false</OnHead>
                          <SegmentNumber>0</SegmentNumber>
                          <NozzleUniqueId>1420</NozzleUniqueId>
                        </Nozzle>
                      </Garage>
                      <Garage Id="18">
                        <Nozzle>
                          <CurrentType>4004</CurrentType>
                          <OnHead>false</OnHead>
                          <SegmentNumber>0</SegmentNumber>
                          <NozzleUniqueId>1421</NozzleUniqueId>
                        </Nozzle>
                      </Garage>
                      <Garage Id="19">
                        <Nozzle>
                          <CurrentType>4004</CurrentType>
                          <OnHead>false</OnHead>
                          <SegmentNumber>0</SegmentNumber>
                          <NozzleUniqueId>1422</NozzleUniqueId>
                        </Nozzle>
                      </Garage>
                      <Garage Id="20">
                        <Nozzle>
                          <CurrentType>0</CurrentType>
                          <OnHead>false</OnHead>
                          <SegmentNumber>0</SegmentNumber>
                          <NozzleUniqueId>0</NozzleUniqueId>
                        </Nozzle>
                      </Garage>
                    </Garages>
                  </Kinematics>
                </CurrentMagazine>
              </Magazine>
            </Magazines>
          </Kinematics>
        </CurrentCarrier>
      </Carrier>
      <Carrier Id="3">
        <CurrentCarrier LinkNode="CarrierTypes/CP20_CarrierShortSlot"/>
      </Carrier>
    </Carriers>
    <CenterAndRejectStation>
      <CurrentCenterAndRejectStation LinkNode="CenterAndRejectStationTypes/SX4a_CP20Plus_RejectStation">
        <Kinematics>
          <ManualTeachingOffset>
            <x>0.000000</x>
            <y>0.000000</y>
            <z Individual="false">0.0</z>
            <phi Individual="false">0.0</phi>
          </ManualTeachingOffset>
          <CalibOffset>
            <x>-0.303725</x>
            <y>-0.217437</y>
            <z>1.168500</z>
            <phi>0.733717</phi>
            <IsCalibrated>true</IsCalibrated>
          </CalibOffset>
        </Kinematics>
      </CurrentCenterAndRejectStation>
    </CenterAndRejectStation>
  </Kinematics>
</NozzleChanger>
