<?xml version="1.0" encoding="UTF-8"?>
<OperatorAssists Version="1.0">
  <Config>
    <Enabled Individual="false">true</Enabled>
    <OnlyBlockIfTop Individual="false">false</OnlyBlockIfTop>
    <PreferRemote Individual="false">true</PreferRemote>
    <PreferOlder Individual="false">true</PreferOlder>
    <OnlySendDuringProduction Individual="false">true</OnlySendDuringProduction>
    <NoSendAfterProductionStartInSeconds Individual="false">10</NoSendAfterProductionStartInSeconds>
    <SendAfterProductionStopInSeconds Individual="false">10</SendAfterProductionStopInSeconds>
    <AddSkippedAssistsToDatabase Individual="false">true</AddSkippedAssistsToDatabase>
    <Feedback>
      <Enabled Individual="false">false</Enabled>
      <DisabledByOperator Individual="false">false</DisabledByOperator>
      <FeedbackForNone Individual="false">false</FeedbackForNone>
      <BlockedScenarios/>
    </Feedback>
  </Config>
</OperatorAssists>
