<?xml version="1.0" encoding="UTF-8"?>
<VisionCommunication Version="1.0">
  <VisionComputer Id="1">
    <NetworkSetting>
      <VisionIpAdr Individual="false">127.0.0.1</VisionIpAdr>
      <TcpNoDelay Individual="false">true</TcpNoDelay>
    </NetworkSetting>
  </VisionComputer>
  <VisionComputer Id="2">
    <NetworkSetting>
      <VisionIpAdr Individual="false">192.168.255.253</VisionIpAdr>
      <TcpNoDelay Individual="false">true</TcpNoDelay>
    </NetworkSetting>
  </VisionComputer>
  <VisionComputer Id="3">
    <NetworkSetting>
      <VisionIpAdr Individual="false">192.168.255.251</VisionIpAdr>
      <TcpNoDelay Individual="false">true</TcpNoDelay>
    </NetworkSetting>
  </VisionComputer>
</VisionCommunication>
